﻿LAESTAB,URN,COHORT,OVERALL_DEST,APPREN,EMPLOYMENT,EDUCATION,FE,6TH_COL,SCH_6TH,OTHER_EDU,NOT_SUSTAINED,UNKNOWN,OVERALL_DESTPER,APPRENPER,EMPLOYMENTPER,EDUCATIONPER,FEPER,6TH_COLPER,SCH_6THPER,OTHER_EDUPER,NOT_SUSTAINEDPER,UNKNOWNPER
8464001,137063,151,142,4,SUPP,SUPP,45,SUPP,59,SUPP,SUPP,SUPP,94%,3%,SUPP,SUPP,30%,SUPP,39%,SUPP,SUPP,SUPP
8464012,114579,265,236,6,4,232,77,155,0,0,26,3,89%,2%,2%,88%,29%,58%,0%,0%,10%,1%
8464016,114580,325,308,3,4,304,58,232,10,4,SUPP,SUPP,95%,1%,1%,94%,18%,71%,3%,1%,SUPP,SUPP
8464018,114581,240,226,15,14,212,106,103,SUPP,SUPP,SUPP,SUPP,94%,6%,6%,88%,44%,43%,SUPP,SUPP,SUPP,SUPP
8464067,114606,304,290,10,6,284,63,159,58,4,SUPP,SUPP,95%,3%,2%,93%,21%,52%,19%,1%,SUPP,SUPP
8464068,114607,290,275,18,3,272,67,88,114,3,12,3,95%,6%,1%,94%,23%,30%,39%,1%,4%,1%
8464072,114608,200,183,13,13,170,78,87,SUPP,SUPP,17,0,92%,7%,7%,85%,39%,44%,SUPP,SUPP,9%,0%
8464605,114611,342,332,11,SUPP,SUPP,SUPP,69,206,SUPP,5,5,97%,3%,SUPP,SUPP,SUPP,20%,60%,SUPP,1%,1%
8466905,136164,124,109,SUPP,3,106,36,40,SUPP,SUPP,SUPP,SUPP,88%,SUPP,2%,85%,29%,32%,SUPP,SUPP,SUPP,SUPP
8467002,114677,7,SUPP,SUPP,SUPP,SUPP,SUPP,SUPP,SUPP,SUPP,SUPP,SUPP,SUPP,SUPP,SUPP,SUPP,SUPP,SUPP,SUPP,SUPP,SUPP,SUPP
8467003,114619,11,11,0,0,11,10,0,SUPP,SUPP,0,0,100%,0%,0%,100%,91%,0%,SUPP,SUPP,0%,0%
8467004,114678,14,4,0,SUPP,SUPP,SUPP,0,0,SUPP,SUPP,SUPP,29%,0%,SUPP,SUPP,SUPP,0%,0%,SUPP,SUPP,SUPP
8467005,114679,13,12,0,SUPP,SUPP,8,3,SUPP,SUPP,SUPP,SUPP,92%,0%,SUPP,SUPP,62%,23%,SUPP,SUPP,SUPP,SUPP
8467006,114680,9,SUPP,SUPP,SUPP,SUPP,SUPP,SUPP,SUPP,SUPP,SUPP,SUPP,SUPP,SUPP,SUPP,SUPP,SUPP,SUPP,SUPP,SUPP,SUPP,SUPP
8467016,114685,11,9,0,SUPP,SUPP,6,SUPP,0,SUPP,SUPP,SUPP,82%,0%,SUPP,SUPP,55%,SUPP,0%,SUPP,SUPP,SUPP
8467018,114687,3,SUPP,SUPP,SUPP,SUPP,SUPP,SUPP,SUPP,SUPP,SUPP,SUPP,SUPP,SUPP,SUPP,SUPP,SUPP,SUPP,SUPP,SUPP,SUPP,SUPP
8467034,133639,12,9,0,SUPP,SUPP,SUPP,0,0,0,3,0,75%,0%,SUPP,SUPP,SUPP,0%,0%,0%,25%,0%
LA,846,2320,2165,80,55,2110,620,970,480,40,135,20,93%,4%,2%,91%,27%,42%,21%,2%,6%,1%
NAT,NAT_TOTSF,558995,523825,33095,17110,506715,210160,70190,216190,10490,30725,4445,94%,6%,3%,91%,38%,13%,39%,2%,5%,1%