﻿RECTYPE,LEA,ESTAB,URN,ICLOSE,SCHNAME,NFTYPE,COHORT,OVERALL_DEST,APPREN,EMPLOYMENT,EDUCATION,FE,SCH_6TH,6TH_COL,OTHER_EDU,NOT_SUSTAINED,UNKNOWN,OVERALL_DESTPER,APPRENPER,EMPLOYMENTPER,EDUCATIONPER,FEPER,SCH_6THPER,6TH_COLPER,OTHER_EDUPER,NOT_SUSTAINEDPER,UNKNOWNPER,COHORT_DIS,OVERALL_DEST_DIS,APPREN_DIS,EMPLOYMENT_DIS,EDUCATION_DIS,FE_DIS,SCH_6TH_DIS,6TH_COL_DIS,OTHER_EDU_DIS,NOT_SUSTAINED_DIS,UNKNOWN_DIS,OVERALL_DESTPER_DIS,APPRENPER_DIS,EMPLOYMENTPER_DIS,EDUCATIONPER_DIS,FEPER_DIS,SCH_6THPER_DIS,6TH_COLPER_DIS,OTHER_EDUPER_DIS,NOT_SUSTAINEDPER_DIS,UNKNOWNPER_DIS,COHORT_NONDIS,OVERALL_DEST_NONDIS,APPREN_NONDIS,EMPLOYMENT_NONDIS,EDUCATION_NONDIS,FE_NONDIS,SCH_6TH_NONDIS,6TH_COL_NONDIS,OTHER_EDU_NONDIS,NOT_SUSTAINED_NONDIS,UNKNOWN_NONDIS,OVERALL_DESTPER_NONDIS,APPRENPER_NONDIS,EMPLOYMENTPER_NONDIS,EDUCATIONPER_NONDIS,FEPER_NONDIS,SCH_6THPER_NONDIS,6TH_COLPER_NONDIS,OTHER_EDUPER_NONDIS,NOT_SUSTAINEDPER_NONDIS,UNKNOWNPER_NONDIS,COHORT_16,OVERALL_DESTPER_16,COHORT_DIS_16,OVERALL_DESTPER_DIS_16,COHORT_NONDIS_16,OVERALL_DESTPER_NONDIS_16
1,846,4001,137063,0,Portslade Aldridge Community Academy,AC,115,110,8,6,104,42,43,19,0,SUPP,SUPP,96%,7%,5%,90%,37%,37%,17%,0%,SUPP,SUPP,33,29,SUPP,SUPP,SUPP,10,14,SUPP,0,SUPP,SUPP,88%,SUPP,SUPP,SUPP,30%,42%,SUPP,0%,SUPP,SUPP,82,81,SUPP,SUPP,SUPP,32,29,SUPP,0,SUPP,SUPP,99%,SUPP,SUPP,SUPP,39%,35%,SUPP,0%,SUPP,SUPP,151,94%,42,86%,109,97%
1,846,4012,114579,0,Varndean School,CY,267,256,7,6,250,74,SUPP,171,SUPP,11,0,96%,3%,2%,94%,28%,SUPP,64%,SUPP,4%,0%,88,83,SUPP,SUPP,SUPP,38,SUPP,37,SUPP,5,0,94%,SUPP,SUPP,SUPP,43%,SUPP,42%,SUPP,6%,0%,179,173,SUPP,SUPP,SUPP,36,SUPP,134,SUPP,6,0,97%,SUPP,SUPP,SUPP,20%,SUPP,75%,SUPP,3%,0%,265,89%,96,83%,169,92%
1,846,4016,114580,0,Dorothy Stringer School,CY,312,302,9,4,298,56,6,230,6,7,3,97%,3%,1%,96%,18%,2%,74%,2%,2%,1%,60,54,3,SUPP,SUPP,21,SUPP,28,SUPP,SUPP,SUPP,90%,5%,SUPP,SUPP,35%,SUPP,47%,SUPP,SUPP,SUPP,252,248,6,SUPP,SUPP,35,SUPP,202,SUPP,SUPP,SUPP,98%,2%,SUPP,SUPP,14%,SUPP,80%,SUPP,SUPP,SUPP,325,95%,64,91%,261,96%
1,846,4018,114581,0,Longhill High School,CY,227,206,14,7,199,100,6,93,0,21,0,91%,6%,3%,88%,44%,3%,41%,0%,9%,0%,87,74,5,SUPP,SUPP,52,SUPP,17,0,13,0,85%,6%,SUPP,SUPP,60%,SUPP,20%,0%,15%,0%,140,132,9,SUPP,SUPP,48,SUPP,76,0,8,0,94%,6%,SUPP,SUPP,34%,SUPP,54%,0%,6%,0%,240,94%,77,90%,163,96%
1,846,4067,114606,0,Blatchington Mill School and Sixth Form College,CY,300,290,16,3,287,54,46,182,5,10,0,97%,5%,1%,96%,18%,15%,61%,2%,3%,0%,66,59,4,SUPP,SUPP,20,SUPP,25,SUPP,7,0,89%,6%,SUPP,SUPP,30%,SUPP,38%,SUPP,11%,0%,234,231,12,SUPP,SUPP,34,SUPP,157,SUPP,3,0,99%,5%,SUPP,SUPP,15%,SUPP,67%,SUPP,1%,0%,304,95%,73,89%,231,97%
1,846,4068,114607,0,Hove Park School and Sixth Form Centre,CY,292,268,12,10,258,56,82,120,0,19,5,92%,4%,3%,88%,19%,28%,41%,0%,7%,2%,88,77,3,5,72,20,37,15,0,SUPP,SUPP,88%,3%,6%,82%,23%,42%,17%,0%,SUPP,SUPP,204,191,9,5,186,36,45,105,0,SUPP,SUPP,94%,4%,2%,91%,18%,22%,51%,0%,SUPP,SUPP,290,95%,77,91%,213,96%
1,846,4072,114608,0,Patcham High School,CY,207,190,13,8,182,60,SUPP,118,SUPP,17,0,92%,6%,4%,88%,29%,SUPP,57%,SUPP,8%,0%,47,41,SUPP,SUPP,SUPP,SUPP,SUPP,23,SUPP,6,0,87%,SUPP,SUPP,SUPP,SUPP,SUPP,49%,SUPP,13%,0%,160,149,SUPP,SUPP,SUPP,SUPP,SUPP,95,SUPP,11,0,93%,SUPP,SUPP,SUPP,SUPP,SUPP,59%,SUPP,7%,0%,200,92%,54,83%,146,95%
1,846,4605,114611,0,Cardinal Newman Catholic School,VA,346,338,11,9,329,58,187,77,7,8,0,98%,3%,3%,95%,17%,54%,22%,2%,2%,0%,56,53,SUPP,SUPP,SUPP,19,29,SUPP,0,3,0,95%,SUPP,SUPP,SUPP,34%,52%,SUPP,0%,5%,0%,290,285,SUPP,SUPP,SUPP,39,158,SUPP,7,5,0,98%,SUPP,SUPP,SUPP,13%,54%,SUPP,2%,2%,0%,342,97%,58,97%,284,97%
1,846,6905,136164,0,Brighton Aldridge Community Academy,AC,101,89,4,6,83,24,48,11,0,12,0,88%,4%,6%,82%,24%,48%,11%,0%,12%,0%,55,47,SUPP,SUPP,SUPP,14,25,SUPP,0,8,0,85%,SUPP,SUPP,SUPP,25%,45%,SUPP,0%,15%,0%,46,42,SUPP,SUPP,SUPP,10,23,SUPP,0,4,0,91%,SUPP,SUPP,SUPP,22%,50%,SUPP,0%,9%,0%,124,88%,64,84%,60,92%
2,846,7002,114677,0,St John's School (Brighton),NMSS,2,SUPP,SUPP,SUPP,SUPP,SUPP,SUPP,SUPP,SUPP,SUPP,SUPP,SUPP,SUPP,SUPP,SUPP,SUPP,SUPP,SUPP,SUPP,SUPP,SUPP,1,SUPP,SUPP,SUPP,SUPP,SUPP,SUPP,SUPP,SUPP,SUPP,SUPP,SUPP,SUPP,SUPP,SUPP,SUPP,SUPP,SUPP,SUPP,SUPP,SUPP,1,SUPP,SUPP,SUPP,SUPP,SUPP,SUPP,SUPP,SUPP,SUPP,SUPP,SUPP,SUPP,SUPP,SUPP,SUPP,SUPP,SUPP,SUPP,SUPP,SUPP,7,SUPP,4,SUPP,3,SUPP
2,846,7003,114619,0,Hamilton Lodge School and College for Deaf Children,NMSS,8,SUPP,SUPP,SUPP,SUPP,SUPP,SUPP,SUPP,SUPP,SUPP,SUPP,SUPP,SUPP,SUPP,SUPP,SUPP,SUPP,SUPP,SUPP,SUPP,SUPP,2,SUPP,SUPP,SUPP,SUPP,SUPP,SUPP,SUPP,SUPP,SUPP,SUPP,SUPP,SUPP,SUPP,SUPP,SUPP,SUPP,SUPP,SUPP,SUPP,SUPP,6,SUPP,SUPP,SUPP,SUPP,SUPP,SUPP,SUPP,SUPP,SUPP,SUPP,SUPP,SUPP,SUPP,SUPP,SUPP,SUPP,SUPP,SUPP,SUPP,SUPP,11,100%,6,SUPP,5,SUPP
2,846,7004,114678,0,Homewood College,CYS,8,SUPP,SUPP,SUPP,SUPP,SUPP,SUPP,SUPP,SUPP,SUPP,SUPP,SUPP,SUPP,SUPP,SUPP,SUPP,SUPP,SUPP,SUPP,SUPP,SUPP,8,SUPP,SUPP,SUPP,SUPP,SUPP,SUPP,SUPP,SUPP,SUPP,SUPP,SUPP,SUPP,SUPP,SUPP,SUPP,SUPP,SUPP,SUPP,SUPP,SUPP,.,SUPP,SUPP,SUPP,SUPP,SUPP,SUPP,SUPP,SUPP,SUPP,SUPP,SUPP,SUPP,SUPP,SUPP,SUPP,SUPP,SUPP,SUPP,SUPP,SUPP,14,29%,11,SUPP,3,SUPP
2,846,7005,114679,0,Patcham House Special School,CYS,10,SUPP,SUPP,SUPP,SUPP,SUPP,SUPP,SUPP,SUPP,SUPP,SUPP,SUPP,SUPP,SUPP,SUPP,SUPP,SUPP,SUPP,SUPP,SUPP,SUPP,6,SUPP,SUPP,SUPP,SUPP,SUPP,SUPP,SUPP,SUPP,SUPP,SUPP,SUPP,SUPP,SUPP,SUPP,SUPP,SUPP,SUPP,SUPP,SUPP,SUPP,4,SUPP,SUPP,SUPP,SUPP,SUPP,SUPP,SUPP,SUPP,SUPP,SUPP,SUPP,SUPP,SUPP,SUPP,SUPP,SUPP,SUPP,SUPP,SUPP,SUPP,13,92%,8,SUPP,5,SUPP
2,846,7006,114680,0,Downs View Special School,CYS,4,SUPP,SUPP,SUPP,SUPP,SUPP,SUPP,SUPP,SUPP,SUPP,SUPP,SUPP,SUPP,SUPP,SUPP,SUPP,SUPP,SUPP,SUPP,SUPP,SUPP,2,SUPP,SUPP,SUPP,SUPP,SUPP,SUPP,SUPP,SUPP,SUPP,SUPP,SUPP,SUPP,SUPP,SUPP,SUPP,SUPP,SUPP,SUPP,SUPP,SUPP,2,SUPP,SUPP,SUPP,SUPP,SUPP,SUPP,SUPP,SUPP,SUPP,SUPP,SUPP,SUPP,SUPP,SUPP,SUPP,SUPP,SUPP,SUPP,SUPP,SUPP,9,SUPP,6,SUPP,3,SUPP
2,846,7016,114685,0,Downs Park School,CYS,8,SUPP,SUPP,SUPP,SUPP,SUPP,SUPP,SUPP,SUPP,SUPP,SUPP,SUPP,SUPP,SUPP,SUPP,SUPP,SUPP,SUPP,SUPP,SUPP,SUPP,4,SUPP,SUPP,SUPP,SUPP,SUPP,SUPP,SUPP,SUPP,SUPP,SUPP,SUPP,SUPP,SUPP,SUPP,SUPP,SUPP,SUPP,SUPP,SUPP,SUPP,4,SUPP,SUPP,SUPP,SUPP,SUPP,SUPP,SUPP,SUPP,SUPP,SUPP,SUPP,SUPP,SUPP,SUPP,SUPP,SUPP,SUPP,SUPP,SUPP,SUPP,11,82%,6,SUPP,5,SUPP
2,846,7018,114687,0,Hillside School,CYS,4,SUPP,SUPP,SUPP,SUPP,SUPP,SUPP,SUPP,SUPP,SUPP,SUPP,SUPP,SUPP,SUPP,SUPP,SUPP,SUPP,SUPP,SUPP,SUPP,SUPP,2,SUPP,SUPP,SUPP,SUPP,SUPP,SUPP,SUPP,SUPP,SUPP,SUPP,SUPP,SUPP,SUPP,SUPP,SUPP,SUPP,SUPP,SUPP,SUPP,SUPP,2,SUPP,SUPP,SUPP,SUPP,SUPP,SUPP,SUPP,SUPP,SUPP,SUPP,SUPP,SUPP,SUPP,SUPP,SUPP,SUPP,SUPP,SUPP,SUPP,SUPP,3,SUPP,2,SUPP,1,SUPP
2,846,7034,133639,0,The Cedar Centre,CYS,16,14,SUPP,SUPP,SUPP,13,SUPP,SUPP,SUPP,SUPP,SUPP,88%,SUPP,SUPP,SUPP,81%,SUPP,SUPP,SUPP,SUPP,SUPP,8,SUPP,SUPP,SUPP,SUPP,SUPP,SUPP,SUPP,SUPP,SUPP,SUPP,SUPP,SUPP,SUPP,SUPP,SUPP,SUPP,SUPP,SUPP,SUPP,SUPP,8,SUPP,SUPP,SUPP,SUPP,SUPP,SUPP,SUPP,SUPP,SUPP,SUPP,SUPP,SUPP,SUPP,SUPP,SUPP,SUPP,SUPP,SUPP,SUPP,SUPP,12,75%,9,SUPP,3,SUPP
LA,846,,,,,,2225,2095,95,60,2040,560,425,1020,35,115,10,94%,4%,3%,92%,25%,19%,46%,2%,5%,1%,615,540,30,25,520,230,125,155,10,65,10,88%,5%,4%,85%,37%,20%,25%,2%,10%,1%,1610,1555,65,35,1520,330,300,865,25,55,5,96%,4%,2%,94%,21%,19%,54%,1%,3%,SP,2320,93%,655,87%,1665,96%
NAT,,,,,,,553910,519985,35455,18715,501270,208460,211355,70965,10655,29630,4295,94%,6%,3%,90%,38%,38%,13%,2%,5%,1%,151400,132790,8770,6970,125820,67885,38615,15245,4115,16695,1915,88%,6%,5%,83%,45%,26%,10%,3%,11%,1%,402510,387195,26680,11745,375450,140575,172740,55720,6540,12935,2380,96%,7%,3%,93%,35%,43%,14%,2%,3%,1%,558995,94%,150725,88%,408270,96%