﻿RECTYPE,LEA,ESTAB,URN,ICLOSE,SCHNAME,NFTYPE,COHORT,OVERALL_DEST,APPREN,EMPLOYMENT,EDUCATION,FE,SCH_6TH,SIXTH_COL,OTHER_EDU,NOT_SUSTAINED,UNKNOWN,OVERALL_DESTPER,APPRENPER,EMPLOYMENTPER,EDUCATIONPER,FEPER,SCH_6THPER,SIXTH_COLPER,OTHER_EDUPER,NOT_SUSTAINEDPER,UNKNOWNPER,COHORT_DIS,OVERALL_DEST_DIS,APPREN_DIS,EMPLOYMENT_DIS,EDUCATION_DIS,FE_DIS,SCH_6TH_DIS,SIXTH_COL_DIS,OTHER_EDU_DIS,NOT_SUSTAINED_DIS,UNKNOWN_DIS,OVERALL_DESTPER_DIS,APPRENPER_DIS,EMPLOYMENTPER_DIS,EDUCATIONPER_DIS,FEPER_DIS,SCH_6THPER_DIS,SIXTH_COLPER_DIS,OTHER_EDUPER_DIS,NOT_SUSTAINEDPER_DIS,UNKNOWNPER_DIS,COHORT_NONDIS,OVERALL_DEST_NONDIS,APPREN_NONDIS,EMPLOYMENT_NONDIS,EDUCATION_NONDIS,FE_NONDIS,SCH_6TH_NONDIS,SIXTH_COL_NONDIS,OTHER_EDU_NONDIS,NOT_SUSTAINED_NONDIS,UNKNOWN_NONDIS,OVERALL_DESTPER_NONDIS,APPRENPER_NONDIS,EMPLOYMENTPER_NONDIS,EDUCATIONPER_NONDIS,FEPER_NONDIS,SCH_6THPER_NONDIS,SIXTH_COLPER_NONDIS,OTHER_EDUPER_NONDIS,NOT_SUSTAINEDPER_NONDIS,UNKNOWNPER_NONDIS,COHORT_17,OVERALL_DESTPER_17,COHORT_DIS_17,OVERALL_DESTPER_DIS_17,COHORT_NONDIS_17,OVERALL_DESTPER_NONDIS_17,COHORT_16,OVERALL_DESTPER_16,COHORT_DIS_16,OVERALL_DESTPER_DIS_16,COHORT_NONDIS_16,OVERALL_DESTPER_NONDIS_16
1,846,4001,137063,0,Portslade Aldridge Community Academy,AC,96,92,5,5,82,29,32,21,SUPP,4,SUPP,96%,5%,5%,85%,30%,33%,22%,SUPP,4%,SUPP,26,23,SUPP,SUPP,20,13,6,SUPP,SUPP,SUPP,SUPP,88%,SUPP,SUPP,77%,50%,23%,SUPP,SUPP,SUPP,SUPP,70,69,SUPP,SUPP,62,16,26,SUPP,SUPP,SUPP,SUPP,99%,SUPP,SUPP,89%,23%,37%,SUPP,SUPP,SUPP,SUPP,115,96%,33,88%,82,99%,151,94%,42,86%,109,97%
1,846,4012,114579,0,Varndean School,CY,266,249,7,5,237,57,SUPP,174,SUPP,14,3,94%,3%,2%,89%,21%,SUPP,65%,SUPP,5%,1%,85,77,SUPP,SUPP,75,31,SUPP,43,SUPP,SUPP,SUPP,91%,SUPP,SUPP,88%,36%,SUPP,51%,SUPP,SUPP,SUPP,181,172,SUPP,SUPP,162,26,SUPP,131,SUPP,SUPP,SUPP,95%,SUPP,SUPP,90%,14%,SUPP,72%,SUPP,SUPP,SUPP,267,96%,88,94%,179,97%,265,89%,96,83%,169,92%
1,846,4016,114580,0,Dorothy Stringer School,CY,316,305,SUPP,SUPP,300,48,5,242,5,SUPP,SUPP,97%,SUPP,SUPP,95%,15%,2%,77%,2%,SUPP,SUPP,51,45,SUPP,SUPP,43,19,SUPP,23,SUPP,SUPP,SUPP,88%,SUPP,SUPP,84%,37%,SUPP,45%,SUPP,SUPP,SUPP,265,260,SUPP,SUPP,257,29,SUPP,219,SUPP,SUPP,SUPP,98%,SUPP,SUPP,97%,11%,SUPP,83%,SUPP,SUPP,SUPP,312,97%,60,90%,252,98%,325,95%,64,91%,261,96%
1,846,4018,114581,0,Longhill High School,CY,213,200,14,8,178,71,SUPP,104,SUPP,SUPP,SUPP,94%,7%,4%,84%,33%,SUPP,49%,SUPP,SUPP,SUPP,79,70,5,4,61,35,SUPP,26,SUPP,SUPP,SUPP,89%,6%,5%,77%,44%,SUPP,33%,SUPP,SUPP,SUPP,134,130,9,4,117,36,SUPP,78,SUPP,SUPP,SUPP,97%,7%,3%,87%,27%,SUPP,58%,SUPP,SUPP,SUPP,227,91%,87,85%,140,94%,240,94%,77,90%,163,96%
1,846,4067,114606,0,Blatchington Mill School and Sixth Form College,CY,289,278,4,7,267,45,SUPP,177,SUPP,6,5,96%,1%,2%,92%,16%,SUPP,61%,SUPP,2%,2%,72,69,SUPP,SUPP,68,17,SUPP,32,SUPP,3,0,96%,SUPP,SUPP,94%,24%,SUPP,44%,SUPP,4%,0%,217,209,SUPP,SUPP,199,28,SUPP,145,SUPP,3,5,96%,SUPP,SUPP,92%,13%,SUPP,67%,SUPP,1%,2%,300,97%,66,89%,234,99%,304,95%,73,89%,231,97%
1,846,4068,114607,0,Hove Park School and Sixth Form Centre,CY,273,253,12,5,236,55,62,115,4,14,6,93%,4%,2%,86%,20%,23%,42%,1%,5%,2%,67,57,SUPP,SUPP,50,20,13,17,0,SUPP,SUPP,85%,SUPP,SUPP,75%,30%,19%,25%,0%,SUPP,SUPP,206,196,SUPP,SUPP,186,35,49,98,4,SUPP,SUPP,95%,SUPP,SUPP,90%,17%,24%,48%,2%,SUPP,SUPP,292,92%,88,88%,204,94%,290,95%,77,91%,213,96%
1,846,4072,114608,0,Patcham High School,CY,191,184,8,7,169,55,SUPP,108,SUPP,7,SUPP,96%,4%,4%,88%,29%,SUPP,57%,SUPP,4%,SUPP,52,46,3,4,39,19,SUPP,20,SUPP,SUPP,SUPP,88%,6%,8%,75%,37%,SUPP,38%,SUPP,SUPP,SUPP,139,138,5,3,130,36,SUPP,88,SUPP,SUPP,SUPP,99%,4%,2%,94%,26%,SUPP,63%,SUPP,SUPP,SUPP,207,92%,47,87%,160,93%,200,92%,54,83%,146,95%
1,846,4605,114611,0,Cardinal Newman Catholic School,VA,357,351,4,6,341,50,215,71,5,6,SUPP,98%,1%,2%,96%,14%,60%,20%,1%,2%,SUPP,63,59,0,SUPP,SUPP,17,31,9,SUPP,SUPP,SUPP,94%,0%,SUPP,SUPP,27%,49%,14%,SUPP,SUPP,SUPP,294,292,4,SUPP,SUPP,33,184,62,SUPP,SUPP,SUPP,99%,1%,SUPP,SUPP,11%,63%,21%,SUPP,SUPP,SUPP,346,98%,56,95%,290,98%,342,97%,58,97%,284,97%
1,846,6905,136164,0,Brighton Aldridge Community Academy,AC,69,62,SUPP,SUPP,57,30,20,SUPP,SUPP,4,3,90%,SUPP,SUPP,83%,43%,29%,SUPP,SUPP,6%,4%,39,36,SUPP,SUPP,32,16,13,SUPP,SUPP,SUPP,SUPP,92%,SUPP,SUPP,82%,41%,33%,SUPP,SUPP,SUPP,SUPP,30,26,SUPP,SUPP,25,14,7,SUPP,SUPP,SUPP,SUPP,87%,SUPP,SUPP,83%,47%,23%,SUPP,SUPP,SUPP,SUPP,101,88%,55,85%,46,91%,124,88%,64,84%,60,92%
2,846,7002,114677,0,St John's School (Brighton),NMSS,3,SUPP,SUPP,SUPP,SUPP,SUPP,SUPP,SUPP,SUPP,SUPP,SUPP,SUPP,SUPP,SUPP,SUPP,SUPP,SUPP,SUPP,SUPP,SUPP,SUPP,1,SUPP,SUPP,SUPP,SUPP,SUPP,SUPP,SUPP,SUPP,SUPP,SUPP,SUPP,SUPP,SUPP,SUPP,SUPP,SUPP,SUPP,SUPP,SUPP,SUPP,2,SUPP,SUPP,SUPP,SUPP,SUPP,SUPP,SUPP,SUPP,SUPP,SUPP,SUPP,SUPP,SUPP,SUPP,SUPP,SUPP,SUPP,SUPP,SUPP,SUPP,2,SUPP,1,SUPP,1,SUPP,7,SUPP,4,SUPP,3,SUPP
2,846,7003,114619,0,Hamilton Lodge School and College for Deaf Children,NMSS,7,SUPP,SUPP,SUPP,SUPP,SUPP,SUPP,SUPP,SUPP,SUPP,SUPP,SUPP,SUPP,SUPP,SUPP,SUPP,SUPP,SUPP,SUPP,SUPP,SUPP,5,SUPP,SUPP,SUPP,SUPP,SUPP,SUPP,SUPP,SUPP,SUPP,SUPP,SUPP,SUPP,SUPP,SUPP,SUPP,SUPP,SUPP,SUPP,SUPP,SUPP,2,SUPP,SUPP,SUPP,SUPP,SUPP,SUPP,SUPP,SUPP,SUPP,SUPP,SUPP,SUPP,SUPP,SUPP,SUPP,SUPP,SUPP,SUPP,SUPP,SUPP,8,SUPP,2,SUPP,6,SUPP,11,100%,6,SUPP,5,SUPP
2,846,7004,114678,0,Homewood College,CYS,12,6,SUPP,SUPP,5,5,0,0,0,6,0,50%,SUPP,SUPP,42%,42%,0%,0%,0%,50%,0%,12,6,SUPP,SUPP,5,5,0,0,0,6,0,50%,SUPP,SUPP,42%,42%,0%,0%,0%,50%,0%,NA,NA,NA,NA,NA,NA,NA,NA,NA,NA,NA,NA,NA,NA,NA,NA,NA,NA,NA,NA,NA,8,SUPP,8,SUPP,NA,SUPP,14,29%,11,SUPP,3,SUPP
2,846,7005,114679,0,Patcham House Special School,CYS,10,SUPP,SUPP,SUPP,SUPP,SUPP,SUPP,SUPP,SUPP,SUPP,SUPP,SUPP,SUPP,SUPP,SUPP,SUPP,SUPP,SUPP,SUPP,SUPP,SUPP,7,SUPP,SUPP,SUPP,SUPP,SUPP,SUPP,SUPP,SUPP,SUPP,SUPP,SUPP,SUPP,SUPP,SUPP,SUPP,SUPP,SUPP,SUPP,SUPP,SUPP,3,SUPP,SUPP,SUPP,SUPP,SUPP,SUPP,SUPP,SUPP,SUPP,SUPP,SUPP,SUPP,SUPP,SUPP,SUPP,SUPP,SUPP,SUPP,SUPP,SUPP,10,SUPP,6,SUPP,4,SUPP,13,92%,8,SUPP,5,SUPP
2,846,7006,114680,0,Downs View Special School,CYS,6,SUPP,SUPP,SUPP,SUPP,SUPP,SUPP,SUPP,SUPP,SUPP,SUPP,SUPP,SUPP,SUPP,SUPP,SUPP,SUPP,SUPP,SUPP,SUPP,SUPP,1,SUPP,SUPP,SUPP,SUPP,SUPP,SUPP,SUPP,SUPP,SUPP,SUPP,SUPP,SUPP,SUPP,SUPP,SUPP,SUPP,SUPP,SUPP,SUPP,SUPP,5,SUPP,SUPP,SUPP,SUPP,SUPP,SUPP,SUPP,SUPP,SUPP,SUPP,SUPP,SUPP,SUPP,SUPP,SUPP,SUPP,SUPP,SUPP,SUPP,SUPP,4,SUPP,2,SUPP,2,SUPP,9,SUPP,6,SUPP,3,SUPP
2,846,7016,114685,0,Downs Park School,CYS,12,12,SUPP,SUPP,12,10,SUPP,SUPP,SUPP,SUPP,SUPP,100%,SUPP,SUPP,100%,83%,SUPP,SUPP,SUPP,SUPP,SUPP,6,SUPP,SUPP,SUPP,SUPP,SUPP,SUPP,SUPP,SUPP,SUPP,SUPP,SUPP,SUPP,SUPP,SUPP,SUPP,SUPP,SUPP,SUPP,SUPP,SUPP,6,SUPP,SUPP,SUPP,SUPP,SUPP,SUPP,SUPP,SUPP,SUPP,SUPP,SUPP,SUPP,SUPP,SUPP,SUPP,SUPP,SUPP,SUPP,SUPP,SUPP,8,SUPP,4,SUPP,4,SUPP,11,82%,6,SUPP,5,SUPP
2,846,7018,114687,0,Hillside School,CYS,9,SUPP,SUPP,SUPP,SUPP,SUPP,SUPP,SUPP,SUPP,SUPP,SUPP,SUPP,SUPP,SUPP,SUPP,SUPP,SUPP,SUPP,SUPP,SUPP,SUPP,3,SUPP,SUPP,SUPP,SUPP,SUPP,SUPP,SUPP,SUPP,SUPP,SUPP,SUPP,SUPP,SUPP,SUPP,SUPP,SUPP,SUPP,SUPP,SUPP,SUPP,6,SUPP,SUPP,SUPP,SUPP,SUPP,SUPP,SUPP,SUPP,SUPP,SUPP,SUPP,SUPP,SUPP,SUPP,SUPP,SUPP,SUPP,SUPP,SUPP,SUPP,4,SUPP,2,SUPP,2,SUPP,3,SUPP,2,SUPP,1,SUPP
2,846,7034,133639,0,The Cedar Centre,CYS,18,16,SUPP,SUPP,SUPP,SUPP,SUPP,SUPP,SUPP,SUPP,SUPP,89%,SUPP,SUPP,SUPP,SUPP,SUPP,SUPP,SUPP,SUPP,SUPP,13,SUPP,SUPP,SUPP,SUPP,SUPP,SUPP,SUPP,SUPP,SUPP,SUPP,SUPP,SUPP,SUPP,SUPP,SUPP,SUPP,SUPP,SUPP,SUPP,SUPP,5,SUPP,SUPP,SUPP,SUPP,SUPP,SUPP,SUPP,SUPP,SUPP,SUPP,SUPP,SUPP,SUPP,SUPP,SUPP,SUPP,SUPP,SUPP,SUPP,SUPP,16,88%,8,SUPP,8,SUPP,12,75%,9,SUPP,3,SUPP
LA,846,,,,,,2150,2040,60,50,1935,485,390,1020,45,85,20,95%,3%,2%,90%,23%,18%,47%,2%,4%,1%,585,525,15,20,485,220,85,175,10,55,5,90%,3%,4%,83%,37%,14%,30%,2%,9%,1%,1565,1520,40,30,1445,265,305,845,30,30,15,97%,3%,2%,92%,17%,19%,54%,2%,2%,1%,2225,94%,615,88%,1610,96%,2320,93%,655,87%,1665,96%
NAT,,,,,,,541120,508945,25490,16080,467375,182130,204630,69880,10730,27595,4585,94%,5%,3%,86%,34%,38%,13%,2%,5%,1%,148780,130930,5640,6395,118895,62335,37195,15100,4265,15800,2050,88%,4%,4%,80%,42%,25%,10%,3%,11%,1%,392340,378015,19850,9685,348480,119795,167440,54780,6465,11790,2535,96%,5%,2%,89%,31%,43%,14%,2%,3%,1%,553910,94%,151400,88%,402510,96%,558995,94%,150725,88%,408270,96%