﻿RECTYPE,LEA,ESTAB,URN,ICLOSE,SCHNAME,NFTYPE,COHORT,OVERALL_DEST,APPREN,EMPLOYMENT,EDUCATION,FE,SCH_6TH,SIXTH_COL,OTHER_EDU,NOT_SUSTAINED,UNKNOWN,OVERALL_DESTPER,APPRENPER,EMPLOYMENTPER,EDUCATIONPER,FEPER,SCH_6THPER,SIXTH_COLPER,OTHER_EDUPER,NOT_SUSTAINEDPER,UNKNOWNPER,COHORT_DIS,OVERALL_DEST_DIS,APPREN_DIS,EMPLOYMENT_DIS,EDUCATION_DIS,FE_DIS,SCH_6TH_DIS,SIXTH_COL_DIS,OTHER_EDU_DIS,NOT_SUSTAINED_DIS,UNKNOWN_DIS,OVERALL_DESTPER_DIS,APPRENPER_DIS,EMPLOYMENTPER_DIS,EDUCATIONPER_DIS,FEPER_DIS,SCH_6THPER_DIS,SIXTH_COLPER_DIS,OTHER_EDUPER_DIS,NOT_SUSTAINEDPER_DIS,UNKNOWNPER_DIS,COHORT_NONDIS,OVERALL_DEST_NONDIS,APPREN_NONDIS,EMPLOYMENT_NONDIS,EDUCATION_NONDIS,FE_NONDIS,SCH_6TH_NONDIS,SIXTH_COL_NONDIS,OTHER_EDU_NONDIS,NOT_SUSTAINED_NONDIS,UNKNOWN_NONDIS,OVERALL_DESTPER_NONDIS,APPRENPER_NONDIS,EMPLOYMENTPER_NONDIS,EDUCATIONPER_NONDIS,FEPER_NONDIS,SCH_6THPER_NONDIS,SIXTH_COLPER_NONDIS,OTHER_EDUPER_NONDIS,NOT_SUSTAINEDPER_NONDIS,UNKNOWNPER_NONDIS,COHORT_18,OVERALL_DESTPER_18,COHORT_DIS_18,OVERALL_DESTPER_DIS_18,COHORT_NONDIS_18,OVERALL_DESTPER_NONDIS_18,COHORT_17,OVERALL_DESTPER_17,COHORT_DIS_17,OVERALL_DESTPER_DIS_17,COHORT_NONDIS_17,OVERALL_DESTPER_NONDIS_17
1,846,4001,137063,0,Portslade Aldridge Community Academy,AC,123,118,5,3,110,28,49,33,0,5,0,96%,4%,2%,89%,23%,40%,27%,0%,4%,0%,32,29,1,3,25,9,11,5,0,3,0,91%,3%,9%,78%,28%,34%,16%,0%,9%,0%,91,89,4,0,85,19,38,28,0,2,0,98%,4%,0%,93%,21%,42%,31%,0%,2%,0%,96,96%,26,88%,70,99%,115,96%,33,88%,82,99%
1,846,4012,114579,0,Varndean School,CY,252,238,6,3,229,59,7,162,1,12,2,94%,2%,1%,91%,23%,3%,64%,SP,5%,1%,67,62,1,2,59,29,SUPP,28,SUPP,5,0,93%,1%,3%,88%,43%,SUPP,42%,SUPP,7%,0%,185,176,5,1,170,30,SUPP,134,SUPP,7,2,95%,3%,1%,92%,16%,SUPP,72%,SUPP,4%,1%,266,94%,85,91%,181,95%,267,96%,88,94%,179,97%
1,846,4016,114580,0,Dorothy Stringer School,CY,327,316,9,5,302,43,10,247,2,10,1,97%,3%,2%,92%,13%,3%,76%,1%,3%,SP,54,52,3,0,49,17,SUPP,30,SUPP,2,0,96%,6%,0%,91%,31%,SUPP,56%,SUPP,4%,0%,273,264,6,5,253,26,SUPP,217,SUPP,8,1,97%,2%,2%,93%,10%,SUPP,79%,SUPP,3%,SP,316,97%,51,88%,265,98%,312,97%,60,90%,252,98%
1,846,4018,114581,0,Longhill High School,CY,210,190,9,3,178,88,3,85,2,17,3,90%,4%,1%,85%,42%,1%,40%,1%,8%,1%,83,68,1,1,66,47,SUPP,17,SUPP,12,3,82%,1%,1%,80%,57%,SUPP,20%,SUPP,14%,4%,127,122,8,2,112,41,SUPP,68,SUPP,5,0,96%,6%,2%,88%,32%,SUPP,54%,SUPP,4%,0%,213,94%,79,89%,134,97%,227,91%,87,85%,140,95%
1,846,4067,114606,0,Blatchington Mill School and Sixth Form College,CY,287,278,3,9,266,60,41,164,1,8,1,97%,1%,3%,93%,21%,14%,57%,SP,3%,SP,66,64,1,4,59,24,SUPP,22,SUPP,2,0,97%,2%,6%,89%,36%,SUPP,33%,SUPP,3%,0%,221,214,2,5,207,36,SUPP,142,SUPP,6,1,97%,1%,2%,94%,16%,SUPP,64%,SUPP,3%,SP,289,96%,72,96%,217,96%,300,97%,66,89%,234,99%
1,846,4068,114607,0,Hove Park School and Sixth Form Centre,CY,290,273,14,7,252,50,48,150,4,14,3,94%,5%,2%,87%,17%,17%,52%,1%,5%,1%,65,57,1,3,53,16,SUPP,15,SUPP,7,1,88%,2%,5%,82%,25%,SUPP,23%,SUPP,11%,2%,225,216,13,4,199,34,SUPP,135,SUPP,7,2,96%,6%,2%,88%,15%,SUPP,60%,SUPP,3%,1%,273,93%,67,85%,206,95%,292,92%,88,88%,204,94%
1,846,4072,114608,0,Patcham High School,CY,197,184,17,10,157,42,5,107,3,13,0,93%,9%,5%,80%,21%,3%,54%,2%,7%,0%,28,20,3,1,16,SUPP,SUPP,8,SUPP,8,0,71%,11%,4%,57%,SUPP,SUPP,29%,SUPP,29%,0%,169,164,14,9,141,SUPP,SUPP,99,SUPP,5,0,97%,8%,5%,83%,SUPP,SUPP,59%,SUPP,3%,0%,191,96%,52,88%,139,99%,207,92%,47,87%,160,93%
1,846,4605,114611,0,Cardinal Newman Catholic School,VA,348,337,1,5,331,51,169,109,2,9,2,97%,SP,1%,95%,15%,49%,31%,1%,3%,1%,56,50,0,1,49,SUPP,27,4,SUPP,6,0,89%,0%,2%,88%,SUPP,48%,7%,SUPP,11%,0%,292,287,1,4,282,SUPP,142,105,SUPP,3,2,98%,SP,1%,97%,SUPP,49%,36%,SUPP,1%,1%,357,98%,63,94%,294,99%,346,98%,56,95%,290,98%
1,846,6905,136164,0,Brighton Aldridge Community Academy,AC,100,93,4,3,86,37,31,17,1,6,1,93%,4%,3%,86%,37%,31%,17%,1%,6%,1%,59,57,2,2,53,29,16,SUPP,SUPP,2,0,97%,3%,3%,90%,49%,27%,SUPP,SUPP,3%,0%,41,36,2,1,33,8,15,SUPP,SUPP,4,1,88%,5%,2%,80%,20%,37%,SUPP,SUPP,10%,2%,69,90%,39,92%,30,87%,101,88%,55,85%,46,91%
2,846,7003,114619,0,Hamilton Lodge School and College for Deaf Children,NMSS,11,11,0,0,11,7,1,0,3,0,0,100%,0%,0%,100%,64%,9%,0%,27%,0%,0%,SUPP,SUPP,SUPP,SUPP,SUPP,SUPP,SUPP,SUPP,SUPP,SUPP,SUPP,SUPP,SUPP,SUPP,SUPP,SUPP,SUPP,SUPP,SUPP,SUPP,SUPP,SUPP,SUPP,SUPP,SUPP,SUPP,SUPP,SUPP,SUPP,SUPP,SUPP,SUPP,SUPP,SUPP,SUPP,SUPP,SUPP,SUPP,SUPP,SUPP,SUPP,SUPP,7,100%,SUPP,SUPP,SUPP,SUPP,8,100%,SUPP,SUPP,SUPP,SUPP
2,846,7004,114678,0,Homewood College,CYS,14,4,0,1,3,3,0,0,0,9,1,29%,0%,7%,21%,21%,0%,0%,0%,64%,7%,SUPP,SUPP,SUPP,SUPP,SUPP,SUPP,SUPP,SUPP,SUPP,SUPP,SUPP,SUPP,SUPP,SUPP,SUPP,SUPP,SUPP,SUPP,SUPP,SUPP,SUPP,SUPP,SUPP,SUPP,SUPP,SUPP,SUPP,SUPP,SUPP,SUPP,SUPP,SUPP,SUPP,SUPP,SUPP,SUPP,SUPP,SUPP,SUPP,SUPP,SUPP,SUPP,12,50%,SUPP,SUPP,SUPP,SUPP,8,13%,SUPP,SUPP,SUPP,SUPP
2,846,7006,114680,0,Downs View Special School,CYS,7,7,0,0,7,0,0,0,7,0,0,100%,0%,0%,100%,0%,0%,0%,100%,0%,0%,SUPP,SUPP,SUPP,SUPP,SUPP,SUPP,SUPP,SUPP,SUPP,SUPP,SUPP,SUPP,SUPP,SUPP,SUPP,SUPP,SUPP,SUPP,SUPP,SUPP,SUPP,SUPP,SUPP,SUPP,SUPP,SUPP,SUPP,SUPP,SUPP,SUPP,SUPP,SUPP,SUPP,SUPP,SUPP,SUPP,SUPP,SUPP,SUPP,SUPP,SUPP,SUPP,6,100%,SUPP,SUPP,SUPP,SUPP,4,SUPP,SUPP,SUPP,SUPP,SUPP
2,846,7018,114687,0,Hill Park School,CYS,8,8,0,0,8,0,0,0,8,0,0,100%,0%,0%,100%,0%,0%,0%,100%,0%,0%,SUPP,SUPP,SUPP,SUPP,SUPP,SUPP,SUPP,SUPP,SUPP,SUPP,SUPP,SUPP,SUPP,SUPP,SUPP,SUPP,SUPP,SUPP,SUPP,SUPP,SUPP,SUPP,SUPP,SUPP,SUPP,SUPP,SUPP,SUPP,SUPP,SUPP,SUPP,SUPP,SUPP,SUPP,SUPP,SUPP,SUPP,SUPP,SUPP,SUPP,SUPP,SUPP,9,100%,SUPP,SUPP,SUPP,SUPP,4,SUPP,SUPP,SUPP,SUPP,SUPP
LA,846,,,,,,2213,2088,68,49,1971,486,364,1075,46,109,16,94%,3%,2%,89%,22%,16%,49%,2%,5%,1%,561,493,13,18,462,215,90,136,21,61,7,88%,2%,3%,82%,38%,16%,24%,4%,11%,1%,1652,1595,55,31,1509,271,274,939,25,48,9,97%,3%,2%,91%,16%,17%,57%,2%,3%,1%,2149,95%,583,90%,1566,97%,2224,94%,613,88%,1611,97%
NAT,,,,,,,528139,497037,22539,16570,457928,194858,196140,56382,10548,26414,4688,94%,4%,3%,87%,37%,37%,11%,2%,5%,1%,142045,125685,4567,6301,114817,63237,35282,12078,4220,14447,1913,88%,3%,4%,81%,45%,25%,9%,3%,10%,1%,386094,371352,17972,10269,343111,131621,160858,44304,6328,11967,2775,96%,5%,3%,89%,34%,42%,11%,2%,3%,1%,541121,94%,148779,88%,392342,96%,553912,94%,151401,88%,402511,96%