LA number,Establishment number,School name,School postcode,level5_english_p_07,level5_maths_p_07,level5_science_p_07,CVA measure for pupils at the end of KS2,LAESTAB,english_rank,maths_rank,science_rank,acad_rank,SCHNAME,ofsr
846,3328,Aldrington CofE Primary School,BN3 7QD,0.48,0.52,0.65,101.4,8463328,12.5,8,8,9.5,Aldrington CofE Primary School,Good
846,2000,Balfour Junior School,BN1 6NE,0.53,0.47,0.84,100.8,8462000,8,11,1,6.666666667,Balfour Primary School,Outstanding
846,2080,Benfield Junior School,BN41 1XS,0.22,0.25,0.51,99.9,8462080,25.5,30,18,24.5,Benfield Primary School,Satisfactory
846,2163,Bevendean Primary School,BN2 4JP,0.2,0.27,0.33,100.7,8462163,29,28,28.5,28.5,Bevendean Primary School and Nursery,Satisfactory
846,2001,Carden Primary School,BN1 8LU,0.06,0.11,0.26,99,8462001,43,40,34,39,Carden Nursery and Primary School,Good
846,2037,Carlton Hill Primary School,BN2 9HS,0.2,0.16,0.24,99.7,8462037,29,32.5,35.5,32.33333333,Carlton Hill Primary School,Good
846,2044,Coldean Primary School,BN1 9EL,0.14,0.03,0.16,97.8,8462044,39,44,40,41,Coldean Primary School,Good
846,2007,Coombe Road Primary School,BN2 4ED,0.16,0.13,0.19,98.5,8462007,35,38,38.5,37.16666667,Coombe Road Primary School,Good
846,3341,Cottesmore St Mary's Catholic Primary School,BN3 6NB,0.56,0.56,0.58,100.1,8463341,6,6,11,7.666666667,Cottesmore St Mary's Catholic Primary School,Satisfactory
846,2009,Downs Junior School,BN1 6ED,0.47,0.42,0.55,101,8462009,14,14,13.5,13.83333333,Downs Junior School,Good
846,2155,Elm Grove Primary School,BN2 3ES,0.43,0.33,0.6,100.6,8462155,16.5,19,9.5,15,Elm Grove Primary School,Good
846,2165,Fairlight Primary School,BN2 3AJ,0.18,0.15,0.33,99.7,8462165,32.5,35,28.5,32,Fairlight Primary School,Satisfactory
846,2065,Goldstone Primary School,BN3 7JW,0.11,0.32,0.32,101.6,8462065,40,20,30,30,Goldstone Primary School,Good
846,2067,Hangleton Junior School,BN3 8LF,0.41,0.28,0.45,99.3,8462067,18.5,26.5,24,23,Hangleton Primary School,Good
846,2043,Hertford Junior School,BN1 7FP,0.26,0.3,0.56,100.8,8462043,24,22,12,19.33333333,Hertford Junior School,Good
846,2018,Middle Street Primary School,BN1 1AL,0.57,0.54,0.46,100.4,8462018,5,7,23,11.66666667,Middle Street Primary School,Good
846,2100,Mile Oak Primary School,BN41 2WN,0.16,0.16,0.36,99.4,8462100,35,32.5,26,31.16666667,Mile Oak Primary School,Good
846,2002,Moulsecoomb Primary School,BN2 4PA,0.15,0.07,0.24,102.2,8462002,37.5,41,35.5,38,Moulsecoomb Primary School,Satisfactory
846,3316,Our Lady of Lourdes RC School,BN2 7HA,0.41,0.38,0.53,100.6,8463316,18.5,18,15.5,17.33333333,Our Lady of Lourdes RC School,Good
846,2021,Patcham Junior School,BN1 8TA,0.55,0.41,0.47,100.1,8462021,7,15.5,22,14.83333333,Patcham Junior School,Good
846,2114,Peter Gladwin Primary School,BN41 2PA,0.27,0.58,0.73,101.7,8462114,23,3.5,5,10.5,Peter Gladwin Primary School,Satisfactory
846,2156,Queen's Park Primary School,BN2 0BN,0.19,0.29,0.5,99.4,8462156,31,24.5,20,25.16666667,Queen's Park Primary School,Good
846,2164,Rudyard Kipling Primary School,BN2 6RH,0.21,0.15,0.28,99.8,8462164,27,35,33,31.66666667,Rudyard Kipling Primary School & Nursery,Satisfactory
846,3329,St Andrew's CofE (Aided) Primary School,BN3 3YT,0.62,0.58,0.72,101,8463329,3,3.5,6,4.166666667,St Andrew's CofE (Aided) Primary School,Outstanding
846,3305,St Bartholomew's CofE Primary School,BN1 4GP,0.1,0.14,0.19,100.3,8463305,41,37,38.5,38.83333333,St Bartholomew's CofE Primary School,Inadequate
846,3318,St Bernadette's Catholic Primary School,BN1 6UT,0.5,0.61,0.79,101.5,8463318,10,2,3,5,St Bernadette's Catholic Primary School,Good
846,3311,St John The Baptist RC School,BN2 0AH,0.5,0.3,0.3,99.6,8463311,10,22,31,21,St John the Baptist Catholic Primary School,Good
846,3314,St Joseph's Catholic Primary School,BN1 7BF,0.15,0.05,0.15,99.5,8463314,37.5,42.5,41,40.33333333,St Joseph's Catholic Primary School,Satisfactory
846,2026,St Luke's Junior School,BN2 9ZE,0.5,0.39,0.51,100.7,8462026,10,17,18,15,St Luke's Primary School,Good
846,3304,"St Margaret's CofE Primary School, Rottingdean",BN2 7HB,0.43,0.47,0.53,100.4,8463304,16.5,11,15.5,14.33333333,"St Margaret's CofE Primary School, Rottingdean",Satisfactory
846,3317,St Mark's CofE Primary School,BN2 5EA,0.08,0.12,0.04,99.1,8463317,42,39,43,41.33333333,St Mark's CofE Primary School,Good
846,3308,St Martin's CofE Primary and Nursery School,BN2 3LJ,0.22,0.15,0.11,99.8,8463308,25.5,35,42,34.16666667,St Martin's CofE Primary School,Satisfactory
846,3313,St Mary Magdalen Catholic Primary School,BN1 3EF,0.18,0.41,0.55,99.9,8463313,32.5,15.5,13.5,20.5,St Mary Magdalen Catholic Primary School,Good
846,3344,St Mary's Catholic Primary School,BN41 1LB,0.45,0.26,0.29,98.9,8463344,15,29,32,25.33333333,St Mary's Catholic Primary School,Good
846,3333,St Nicolas' CofE Junior School,BN41 2LA,0.33,0.28,0.38,100.1,8463333,21.5,26.5,25,24.33333333,St Nicolas CofE Primary School,Satisfactory
846,3315,St Paul's CofE Primary School and Nursery,BN1 3LP,0.61,0.65,0.83,101.5,8463315,4,1,2,2.333333333,St Paul's CofE Primary School,Good
846,2157,Saltdean Primary School,BN2 8HB,0.16,0.3,0.6,100.2,8462157,35,22,9.5,22.16666667,Saltdean Primary School,Satisfactory
846,2119,Somerhill Junior School,BN3 1RP,0.48,0.46,0.51,100.2,8462119,12.5,13,18,14.5,Brunswick Primary School,Good
846,2028,Stanford Junior School,BN1 5PR,0.64,0.57,0.77,100.6,8462028,2,5,4,3.666666667,Stanford Junior School,Good
846,2068,West Blatchington Junior School,BN3 8JQ,0.2,0.2,0.2,98.1,8462068,29,31,37,32.33333333,West Blatchington Primary and Nursery School,Good
846,2070,West Hove Junior School,BN3 5JA,0.33,0.29,0.49,99.3,8462070,21.5,24.5,21,22.33333333,West Hove Infant School,Outstanding
846,2036,Westdene Primary School,BN1 5GN,0.71,0.49,0.68,100.8,8462036,1,9,7,5.666666667,Westdene Primary School,Outstanding
846,2006,Whitehawk Primary School,BN2 5FL,0.02,0.05,0.02,99.2,8462006,44,42.5,44,43.5,City Academy Whitehawk,Inadequate
846,2158,Woodingdean Primary School,BN2 6BB,0.4,0.47,0.34,100.2,8462158,20,11,27,19.33333333,Woodingdean Primary School,Outstanding
