LA number,ESTAB number,institution name,institution postcode,gcse_2007
846,6009,Bellerbys College,BN3 3ER,0
846,4067,Blatchington Mill School and Sixth Form College,BN3 7BW,0.76
846,6014,Brighton and Hove High School,BN1 3AT,0.96
846,6008,Brighton College,BN2 0AL,0.92
846,6016,Brighton Steiner School Limited,BN2 5RA,0.29
846,4605,Cardinal Newman Catholic School,BN3 6ND,0.77
846,4016,Dorothy Stringer High School,BN1 6PZ,0.75
846,6020,Drive Preparatory School,BN3 3JE,0.8
846,4022,Falmer High School,BN1 9PW,0.31
846,4068,Hove Park School and Sixth Form Centre,BN3 7BN,0.42
846,6022,K-BIS Theatre School,BN1 6SL,1
846,4018,Longhill High School,BN2 7FR,0.57
846,4072,Patcham High School,BN1 8PB,0.38
846,4049,Portslade Community College,BN41 2WS,0.37
846,6006,Roedean School,BN2 5RQ,0.67
846,6003,St Mary's Hall,BN2 5JF,0.69
846,6017,Stonelands School of Ballet and Theatre Arts,BN3 2DJ,0.86
846,4012,Varndean School,BN1 6NP,0.69
