LA number,Establishment number,School name,School postcode,level5_english_p_08,level5_maths_p_08,level5_science_p_08,CVA measure for pupils at the end of KS2,LAESTAB,english_rank,maths_rank,science_rank,acad_rank,SCHNAME,ofsr
846,3328,Aldrington CofE Primary School,BN3 7QD,0.67,0.5,0.67,100.8,8463328,1.0,6.0,7.0,4.666666666666667,Aldrington CofE Primary School,Good
846,2000,Balfour Junior School,BN1 6NE,0.46,0.55,0.91,100.9,8462000,8.0,3.0,1.0,4.0,,
846,2080,Benfield Junior School,BN41 1XS,0.24,0.22,0.46,99.4,8462080,30.5,33.0,25.0,29.5,,
846,2163,Bevendean Primary School,BN2 4JP,0.28,0.28,0.34,101.1,8462163,27.0,28.5,32.5,29.333333333333336,,
846,2001,Carden Primary School,BN1 8LU,0.14,0.2,0.44,100.5,8462001,35.5,35.5,27.0,32.66666666666667,,
846,2037,Carlton Hill Primary School,BN2 9HS,0.35,0.38,0.58,100.7,8462037,18.0,17.0,13.5,16.166666666666668,Carlton Hill Primary School,Good
846,2044,Coldean Primary School,BN1 9EL,0.09,0.03,0.17,99,8462044,40.5,42.0,40.0,40.833333333333336,Coldean Primary School,Good
846,2007,Coombe Road Primary School,BN2 4ED,0.07,0.09,0.13,98.5,8462007,43.0,41.0,42.0,42.0,Coombe Road Primary School,Good
846,3341,Cottesmore St Mary's Catholic Primary School,BN3 6NB,0.5,0.42,0.66,99.8,8463341,5.0,14.0,8.5,9.166666666666668,Cottesmore St Mary's Catholic Primary School,Good
846,2009,Downs Junior School,BN1 6ED,0.43,0.37,0.47,100.6,8462009,13.0,19.0,24.0,18.666666666666664,Downs Junior School,Good
846,2155,Elm Grove Primary School,BN2 3ES,0.12,0.31,0.54,99.7,8462155,37.0,26.0,18.0,27.0,Elm Grove Primary School,Good
846,2165,Fairlight Primary School,BN2 3AJ,0.24,0.26,0.32,100.7,8462165,30.5,30.5,35.0,32.0,Fairlight Primary School,Satisfactory
846,2065,Goldstone Primary School,BN3 7JW,0.28,0.44,0.58,101.4,8462065,27.0,10.5,13.5,17.0,Goldstone Primary School,Good
846,2067,Hangleton Junior School,BN3 8LF,0.41,0.35,0.59,100.2,8462067,15.0,21.5,12.0,16.166666666666668,,
846,2043,Hertford Junior School,BN1 7FP,0.1,0.13,0.19,99.6,8462043,38.5,40.0,39.0,39.16666666666667,Hertford Junior School,Good
846,2018,Middle Street Primary School,BN1 1AL,0.32,0.26,0.48,101.2,8462018,21.5,30.5,22.5,24.833333333333332,Middle Street Primary School,Good
846,2100,Mile Oak Primary School,BN41 2WN,0.18,0.19,0.37,99.5,8462100,33.0,37.0,31.0,33.66666666666667,Mile Oak Primary School,Good
846,2002,Moulsecoomb Primary School,BN2 4PA,0.22,0.2,0.33,102.6,8462002,32.0,35.5,34.0,33.833333333333336,Moulsecoomb Primary School,Satisfactory
846,3316,Our Lady of Lourdes RC School,BN2 7HA,0.34,0.34,0.55,99.5,8463316,19.5,23.5,17.0,20.0,Our Lady of Lourdes RC School,Good
846,2021,Patcham Junior School,BN1 8TA,0.32,0.35,0.53,99.1,8462021,21.5,21.5,19.5,20.833333333333336,Patcham Junior School,Good
846,2114,Peter Gladwin Primary School,BN41 2PA,0.28,0.55,0.83,101.6,8462114,27.0,3.0,2.0,10.666666666666666,Peter Gladwin Primary School,Satisfactory
846,2156,Queen's Park Primary School,BN2 0BN,0.44,0.37,0.73,100.1,8462156,10.5,19.0,5.0,11.499999999999998,Queen's Park Primary School,Good
846,2164,Rudyard Kipling Primary School,BN2 6RH,0.29,0.34,0.66,100.7,8462164,24.5,23.5,8.5,18.833333333333332,,
846,2157,Saltdean Primary School,BN2 8HB,0.29,0.33,0.53,100.7,8462157,24.5,25.0,19.5,23.0,Saltdean Primary School,Satisfactory
846,2119,Somerhill Junior School,BN3 1RP,0.34,0.39,0.5,100.4,8462119,19.5,15.5,21.0,18.666666666666668,,
846,3329,St Andrew's CofE (Aided) Primary School,BN3 3YT,0.38,0.48,0.63,100.5,8463329,16.0,7.5,10.0,11.166666666666666,St Andrew's CofE (Aided) Primary School,Outstanding
846,3305,St Bartholomew's CofE Primary School,BN1 4GP,0.09,0.3,0.39,100.9,8463305,40.5,27.0,30.0,32.5,St Bartholomew's CofE Primary School,Satisfactory
846,3318,St Bernadette's Catholic Primary School,BN1 6UT,0.45,0.48,0.81,100,8463318,9.0,7.5,3.0,6.5,St Bernadette's Catholic Primary School,Good
846,3311,St John The Baptist RC School,BN2 0AH,0.43,0.47,0.57,102,8463311,13.0,9.0,15.5,12.5,,
846,3314,St Joseph's Catholic Primary School,BN1 7BF,0.43,0.39,0.43,101.7,8463314,13.0,15.5,28.0,18.833333333333336,St Joseph's Catholic Primary School,Satisfactory
846,2026,St Luke's Junior School,BN2 9ZE,0.54,0.44,0.62,100.9,8462026,4.0,10.5,11.0,8.5,,
846,3304,"St Margaret's CofE Primary School, Rottingdean",BN2 7HB,0.48,0.28,0.4,100.4,8463304,6.0,28.5,29.0,21.166666666666664,"St Margaret's CofE Primary School, Rottingdean",Satisfactory
846,3317,St Mark's CofE Primary School,BN2 5EA,0.1,0.14,0.14,102,8463317,38.5,39.0,41.0,39.5,St Mark's CofE Primary School,Good
846,3308,St Martin's CofE Primary School,BN2 3LJ,0.14,0.21,0.34,99,8463308,35.5,34.0,32.5,34.0,St Martin's CofE Primary School,Satisfactory
846,3313,St Mary Magdalen Catholic Primary School,BN1 3EF,0.16,0.16,0.29,99.8,8463313,34.0,38.0,37.0,36.333333333333336,St Mary Magdalen Catholic Primary School,Good
846,3344,St Mary's Catholic Primary School,BN41 1LB,0.3,0.37,0.3,99.1,8463344,23.0,19.0,36.0,26.0,St Mary's Catholic Primary School,Good
846,3333,St Nicolas' CofE Junior School,BN41 2LA,0.25,0.23,0.25,99.4,8463333,29.0,32.0,38.0,33.0,,
846,3315,St Paul's CofE Primary School and Nursery,BN1 3LP,0.64,0.6,0.72,101.1,8463315,3.0,1.0,6.0,3.333333333333333,,
846,2028,Stanford Junior School,BN1 5PR,0.66,0.54,0.78,101.2,8462028,2.0,5.0,4.0,3.666666666666667,Stanford Junior School,Good
846,2093,West Blatchington Primary and Nursery School,BN3 8BN,,,,,8462093,,,,,West Blatchington Primary and Nursery School,Good
846,2070,West Hove Junior School,BN3 5JA,0.37,0.43,0.57,99.9,8462070,17.0,12.5,15.5,15.0,,
846,2036,Westdene Primary School,BN1 5GN,0.44,0.55,0.48,100.4,8462036,10.5,3.0,22.5,12.0,Westdene Primary School,Outstanding
846,2006,Whitehawk Primary School,BN2 5FL,0.08,0,0.06,99.6,8462006,42.0,43.0,43.0,42.66666666666667,,
846,2158,Woodingdean Primary School,BN2 6BB,0.47,0.43,0.45,100,8462158,7.0,12.5,26.0,15.166666666666666,Woodingdean Primary School,Outstanding
