LAESTAB,School name,School postcode,gcse_08,08_acad_rank,SCHNAME,08_ofsr
8464016,Dorothy Stringer High School,BN1 6PZ,0.81,1,,Good
8464067,Blatchington Mill School and Sixth Form College,BN3 7BW,0.8,2,,Good
8464605,Cardinal Newman Catholic School,BN3 6ND,0.68,3.5,Cardinal Newman Catholic School,Outstanding
8464012,Varndean School,BN1 6NP,0.68,3.5,Varndean School,Good
8464018,Longhill High School,BN2 7FR,0.54,5,Longhill High School,Satisfactory
8464068,Hove Park School and Sixth Form Centre,BN3 7BN,0.51,6,Hove Park School and Sixth Form Centre,Satisfactory
8464072,Patcham High School,BN1 8PB,0.47,7,Patcham High School,Satisfactory
8464049,Portslade Community College,BN41 2WS,0.41,8,,Inadequate
8464022,Falmer High School,BN1 9PW,0.4,9,,Requires Improvement
