LEA,ESTAB,SCHNAME,PCODE,AC5EM07,AC5EM08,AC5EM09,AC5EM10
846.0,6009.0,Bellerbys College,BN1 4LF,0,0,0,0.05
846.0,4067.0,Blatchington Mill School and Sixth Form College,BN3 7BW,0.55,0.64,0.63,0.65
846.0,6905.0,Brighton Aldridge Community Academy,BN1 9PW,,,,
846.0,6014.0,Brighton and Hove High School,BN1 3AT,0.96,0,0,0
846.0,6008.0,Brighton College,BN2 0AL,0.41,0,0.99,0.99
846.0,6016.0,Brighton Steiner School Limited,BN2 5RA,0.4,0.42,0.33,<
846.0,4605.0,Cardinal Newman Catholic School,BN3 6ND,0.59,0.55,0.56,0.59
846.0,4016.0,Dorothy Stringer High School,BN1 6PZ,0.63,0.63,0.66,0.63
846.0,6020.0,Drive Preparatory School,BN3 6GE,<,<,<,0.73
846.0,4022.0,Falmer High School,BN1 9PW,0.24,0.19,0.25,0.23
846.0,4068.0,Hove Park School and Sixth Form Centre,BN3 7BN,0.35,0.36,0.27,0.41
846.0,6022.0,K-BIS Theatre School,BN1 6SL,<,<,<,0.08
846.0,4018.0,Longhill High School,BN2 7FR,0.37,0.36,0.41,0.43
846.0,4072.0,Patcham High School,BN1 8PB,0.23,0.28,0.37,0.37
846.0,4049.0,Portslade Community College,BN41 2WS,0.32,0.29,0.25,0.35
846.0,6006.0,Roedean School,BN2 5RQ,0.93,0,0,0.18
846.0,4012.0,Varndean School,BN1 6NP,0.5,0.57,0.47,0.58
846.0,7004.0,The Alternative Centre for Education,BN1 7LA,0,0,0,0
846.0,7034.0,The Cedar Centre,BN1 7FP,0,0,0,0
846.0,7016.0,Downs Park School,BN41 2FU,0,0,0,0
846.0,7006.0,Downs View Special School,BN2 6BB,<,<,<,<
846.0,7003.0,Hamilton Lodge School for Deaf Children,BN2 0LS,<,<,0,0
846.0,7018.0,Hillside School,BN41 2FU,<,<,<,<
846.0,7001.0,Ovingdean Hall School,BN2 7BJ,0,<,<,<
846.0,7005.0,Patcham House Special School,BN1 8XR,0,0,0,0
846.0,7002.0,St John's School (Brighton),BN25 2HU,0,0,0,0
846.0,,,,0.435,0.445,0.445,0.491
