LA number,ESTAB number,institution name,institution postcode,gcse_2009
846,6009,Bellerbys College,BN1 4LF,0
846,4067,Blatchington Mill School and Sixth Form College,BN3 7BW,0.78
846,6014,Brighton and Hove High School,BN1 3AT,0.92
846,6008,Brighton College,BN2 0AL,1
846,6016,Brighton Steiner School Limited,BN2 5RA,0.4
846,4605,Cardinal Newman Catholic School,BN3 6ND,0.74
846,4016,Dorothy Stringer High School,BN1 6PZ,0.86
846,6020,Drive Preparatory School,BN3 6GE,<
846,4022,Falmer High School,BN1 9PW,0.5
846,4068,Hove Park School and Sixth Form Centre,BN3 7BN,0.45
846,6022,K-BIS Theatre School,BN1 6SL,<
846,4018,Longhill High School,BN2 7FR,0.58
846,4072,Patcham High School,BN1 8PB,0.6
846,4049,Portslade Community College,BN41 2WS,0.38
846,6006,Roedean School,BN2 5RQ,0.85
846,6003,St Mary's Hall,BN2 5JF,0.88
846,4012,Varndean School,BN1 6NP,0.62
