LA number,Establishment number,School name,School postcode,level5_english_p_09,level5_maths_p_09,level5_science_p_09,CVA measure for pupils at the end of KS2,LAESTAB,english_rank,maths_rank,science_rank,acad_rank,SCHNAME,ofsr
846,2000,Balfour Junior School,BN1 6NE,0.35,0.43,0.65,99.9,8462000,15.5,11,6,10.83333333,,Outstanding
846,2001,Carden Primary School,BN1 8LU,0.23,0.44,0.72,101,8462001,26,9,3,12.66666667,,Satisfactory
846,2002,Moulsecoomb Primary School,BN2 4PA,0.02,0.27,0.33,102.2,8462002,43,24.5,31.5,33,Moulsecoomb Primary School,Satisfactory
846,2006,Whitehawk Primary School,BN2 5FL,0.06,0,0.06,99.2,8462006,40,43.5,44,42.5,,Satisfactory
846,2007,Coombe Road Primary School,BN2 4ED,0.12,0.29,0.25,99.3,8462007,36,23,36,31.66666667,Coombe Road Primary School,Satisfactory
846,2009,Downs Junior School,BN1 6ED,0.27,0.36,0.43,99.5,8462009,21.5,17,22.5,20.33333333,Downs Junior School,Good
846,2018,Middle Street Primary School,BN1 1AL,0.26,0.23,0.45,99.4,8462018,23.5,30,19.5,24.33333333,Middle Street Primary School,Good
846,2021,Patcham Junior School,BN1 8TA,0.18,0.37,0.46,99.4,8462021,32,16,17.5,21.83333333,Patcham Junior School,Good
846,2026,St Luke's Junior School,BN2 9ZE,0.45,0.38,0.48,100.3,8462026,7,15,16,12.66666667,,Good
846,2028,Stanford Junior School,BN1 5PR,0.52,0.57,0.69,100.3,8462028,3,1,4,2.666666667,Stanford Junior School,Good
846,2036,Westdene Primary School,BN1 5GN,0.37,0.52,0.59,100.6,8462036,12,3,9,8,Westdene Primary School,Outstanding
846,2037,Carlton Hill Primary School,BN2 9HS,0.37,0.3,0.4,100.4,8462037,12,22,25.5,19.83333333,Carlton Hill Primary School,Outstanding
846,2043,Hertford Junior School,BN1 7FP,0.03,0,0.16,97.8,8462043,42,43.5,41.5,42.33333333,Hertford Junior School,Good
846,2044,Coldean Primary School,BN1 9EN,0.36,0.07,0.11,100.1,8462044,14,42,43,33,Coldean Primary School,Good
846,2065,Goldstone Primary School,BN3 7JW,0.24,0.27,0.41,101.1,8462065,25,24.5,24,24.5,Goldstone Primary School,Good
846,2067,Hangleton Junior School,BN3 8LF,0.32,0.26,0.36,99.5,8462067,18.5,26,28,24.16666667,,Good
846,2070,West Hove Junior School,BN3 5JA,0.49,0.34,0.56,100.2,8462070,4,18,14,12,,Outstanding
846,2080,Benfield Junior School,BN41 1XS,0.14,0.2,0.35,99.9,8462080,35,34.5,29.5,33,,Satisfactory
846,2093,West Blatchington Primary and Nursery School,BN3 8BN,0.08,0.2,0.18,99.6,8462093,38,34.5,40,37.5,West Blatchington Primary and Nursery School,Good
846,2100,Mile Oak Primary School,BN41 2WN,0.06,0.31,0.46,100,8462100,40,20.5,17.5,26,Mile Oak Primary School,Satisfactory
846,2114,Peter Gladwin Primary School,BN41 2PA,0.44,0.48,0.76,102.6,8462114,8,6,1,5,Peter Gladwin Primary School,Satisfactory
846,2119,Somerhill Junior School,BN3 1RP,0.38,0.39,0.58,99.7,8462119,10,14,11.5,11.83333333,,Good
846,2155,Elm Grove Primary School,BN2 3ES,0.27,0.25,0.44,100.4,8462155,21.5,27.5,21,23.33333333,Elm Grove Primary School,Good
846,2156,Queen's Park Primary School,BN2 0BN,0.21,0.24,0.45,98.5,8462156,29,29,19.5,25.83333333,Queen's Park Primary School,Good
846,2157,Saltdean Primary School,BN2 8HB,0.34,0.4,0.58,100.9,8462157,17,13,11.5,13.83333333,Saltdean Primary School,Satisfactory
846,2158,Woodingdean Primary School,BN2 6BB,0.35,0.47,0.43,100.7,8462158,15.5,7.5,22.5,15.16666667,Woodingdean Primary School,Outstanding
846,2163,Bevendean Primary School,BN2 4JP,0.06,0.18,0.16,99.9,8462163,40,36.5,41.5,39.33333333,,Satisfactory
846,2164,Rudyard Kipling Primary School,BN2 6RH,0.16,0.21,0.32,99.4,8462164,34,32.5,33,33.16666667,,Satisfactory
846,2165,Fairlight Primary School,BN2 3AJ,0.17,0.13,0.27,99.8,8462165,33,40,34,35.66666667,Fairlight Primary School,Satisfactory
846,3304,"St Margaret's CofE Primary School, Rottingdean",BN2 7HB,0.41,0.22,0.33,99.8,8463304,9,31,31.5,23.83333333,"St Margaret's CofE Primary School, Rottingdean",Good
846,3305,St Bartholomew's CofE Primary School,BN1 4GP,0.26,0.16,0.37,102.6,8463305,23.5,38.5,27,29.66666667,St Bartholomew's CofE Primary School,Satisfactory
846,3308,St Martin's CofE Primary School,BN2 3LJ,0.32,0.18,0.23,100.2,8463308,18.5,36.5,38,31,St Martin's CofE Primary School,Satisfactory
846,3311,St John the Baptist Catholic Primary School,BN2 0AH,0.47,0.5,0.4,101,8463311,5,4.5,25.5,11.66666667,St John the Baptist Catholic Primary School,Good
846,3313,St Mary Magdalen Catholic Primary School,BN1 3EF,0.19,0.25,0.22,99.8,8463313,31,27.5,39,32.5,St Mary Magdalen Catholic Primary School,Good
846,3314,St Joseph's Catholic Primary School,BN1 7BF,0,0.21,0.25,99.7,8463314,44,32.5,36,37.5,St Joseph's Catholic Primary School,Satisfactory
846,3315,St Paul's CofE Primary School and Nursery,BN1 3LP,0.1,0.43,0.67,100.4,8463315,37,11,5,17.66666667,,Outstanding
846,3316,Our Lady of Lourdes RC School,BN2 7HA,0.22,0.31,0.59,99.4,8463316,27.5,20.5,9,19,Our Lady of Lourdes RC School,Good
846,3317,St Mark's CofE Primary School,BN2 5EA,0.2,0.1,0.35,101.8,8463317,30,41,29.5,33.5,St Mark's CofE Primary School,Good
846,3318,St Bernadette's Catholic Primary School,BN1 6UT,0.56,0.5,0.75,100.4,8463318,2,4.5,2,2.833333333,St Bernadette's Catholic Primary School,Good
846,3328,Aldrington CofE Primary School,BN3 7QD,0.37,0.47,0.57,100,8463328,12,7.5,13,10.83333333,Aldrington CofE Primary School,Good
846,3329,St Andrew's CofE (Aided) Primary School,BN3 3YT,0.57,0.54,0.63,101.4,8463329,1,2,7,3.333333333,St Andrew's CofE (Aided) Primary School,Outstanding
846,3333,St Nicolas' CofE Junior School,BN41 2LA,0.22,0.32,0.49,99.8,8463333,27.5,19,15,20.5,,Satisfactory
846,3341,Cottesmore St Mary's Catholic Primary School,BN3 6NB,0.46,0.43,0.59,99.5,8463341,6,11,9,8.666666667,Cottesmore St Mary's Catholic Primary School,Good
846,3344,St Mary's Catholic Primary School,BN41 1LB,0.28,0.16,0.25,98.8,8463344,20,38.5,36,31.5,St Mary's Catholic Primary School,Good
