LaCode,EstabCode,SchoolName,PostCode,level5_english_p_10,level5_maths_p_10,level5_science_p_10,CvaMea
846.0,3328.0,Aldrington CofE Primary School,BN3 7QD,0.4,0.63,0.6,BOYC
846.0,2000.0,Balfour Junior School,BN1 6NE,0.55,0.6,0.54,99.8
846.0,2080.0,Benfield Junior School,BN41 1XS,0.17,0.19,0.25,99.8
846.0,2163.0,Bevendean Primary School,BN2 4JP,0.24,0.28,0.33,101
846.0,2001.0,Carden Primary School,BN1 8LU,0.3,0.34,0.29,BOYC
846.0,2037.0,Carlton Hill Primary School,BN2 9HS,0.34,0.14,0.41,BOYC
846.0,2044.0,Coldean Primary School,BN1 9EN,0.32,0.17,0.2,BOYC
846.0,2007.0,Coombe Road Primary School,BN2 4ED,0.21,0.33,0.17,BOYC
846.0,3341.0,Cottesmore St Mary's Catholic Primary School,BN3 6NB,0.55,0.48,0.47,99.5
846.0,2009.0,Downs Junior School,BN1 6ED,0.56,0.5,0.5,100.2
846.0,2155.0,Elm Grove Primary School,BN2 3ES,0.42,0.39,0.32,BOYC
846.0,2165.0,Fairlight Primary School,BN2 3AJ,0.18,0.22,0.22,BOYC
846.0,2065.0,Goldstone Primary School,BN3 7JW,0.26,0.43,0.35,BOYC
846.0,2067.0,Hangleton Junior School,BN3 8LF,0.38,0.39,0.63,BOYC
846.0,2043.0,Hertford Junior School,BN1 7FP,0.13,0.13,0.03,BOYC
846.0,2018.0,Middle Street Primary School,BN1 1AL,0.42,0.29,0.26,BOYC
846.0,2100.0,Mile Oak Primary School,BN41 2WN,0.22,0.37,0.42,BOYC
846.0,2002.0,Moulsecoomb Primary School,BN2 4PA,0.1,0.07,0,BOYC
846.0,3316.0,Our Lady of Lourdes RC School,BN2 7HA,0.41,0.56,0.52,BOYC
846.0,2021.0,Patcham Junior School,BN1 8TA,0.45,0.45,0.48,BOYC
846.0,2114.0,Peter Gladwin Primary School,BN41 2PA,0.35,0.55,0.68,BOYC
846.0,2156.0,Queen's Park Primary School,BN2 0BN,0.46,0.44,0.49,BOYC
846.0,2164.0,Rudyard Kipling Primary School,BN2 6RH,0.22,0.33,0.31,BOYC
846.0,3329.0,St Andrew's CofE (Aided) Primary School,BN3 3YT,0.64,0.66,0.63,BOYC
846.0,3305.0,St Bartholomew's CofE Primary School,BN1 4GP,0.36,0.36,0.27,102.3
846.0,3318.0,St Bernadette's Catholic Primary School,BN1 6UT,0.42,0.52,0.71,101.1
846.0,3311.0,St John the Baptist Catholic Primary School,BN2 0AH,0.36,0.36,0.39,BOYC
846.0,3314.0,St Joseph's Catholic Primary School,BN1 7BF,0.13,0.21,0.25,BOYC
846.0,2026.0,St Luke's Primary School,BN2 9ZF,0.49,0.52,0.52,BOYC
846.0,3304.0,"St Margaret's CofE Primary School, Rottingdean",BN2 7HB,0.54,0.54,0.5,100.4
846.0,3317.0,St Mark's CofE Primary School,BN2 5EA,0.47,0.35,0.47,BOYC
846.0,3308.0,St Martin's CofE Primary School,BN2 3LJ,0.44,0.32,0.36,101
846.0,3313.0,St Mary Magdalen Catholic Primary School,BN1 3EF,0.23,0.4,0.33,100.7
846.0,3344.0,St Mary's Catholic Primary School,BN41 1LB,0.19,0.19,0.28,BOYC
846.0,3333.0,St Nicolas' CofE Junior School,BN41 2LA,0.37,0.19,0.4,99.3
846.0,3315.0,St Paul's CofE Primary School and Nursery,BN1 3LP,0.37,0.5,0.3,BOYC
846.0,2157.0,Saltdean Primary School,BN2 8HB,0.32,0.23,0.34,BOYC
846.0,2119.0,Somerhill Junior School,BN3 1RP,0.46,0.34,0.46,BOYC
846.0,2028.0,Stanford Junior School,BN1 5PR,0.8,0.74,0.83,BOYC
846.0,2093.0,West Blatchington Primary and Nursery School,BN3 8BN,0.14,0.19,0.12,BOYC
846.0,2070.0,West Hove Junior School,BN3 5JA,0.67,0.44,0.42,BOYC
846.0,2036.0,Westdene Primary School,BN1 5GN,0.38,0.58,0.5,100
846.0,2006.0,Whitehawk Primary School,BN2 5FL,0.07,0.15,0.07,BOYC
846.0,2158.0,Woodingdean Primary School,BN2 6BB,0.36,0.49,0.49,BOYC
846.0,7004.0,The Alternative Centre for Education,BN1 7LA,LT11,LT11,LT11,LT11
846.0,7034.0,The Cedar Centre,BN1 7FP,LT11,LT11,LT11,LT11
846.0,7016.0,Downs Park School,BN41 2FU,LT11,LT11,LT11,LT11
846.0,7006.0,Downs View Special School,BN2 6BB,LT11,LT11,LT11,LT11
846.0,7018.0,Hillside School,BN41 2FU,LT11,LT11,LT11,LT11
846.0,7005.0,Patcham House Special School,BN1 8XR,,,,
846.0,,Brighton and Hove,,0.4,0.4,0.42,
