LaCode,EstabCode,SchoolName,PostCode,level5_english_p_10,level5_maths_p_10,level5_science_p_10,CvaMea,LAESTAB,english_rank,maths_rank,science_rank,acad_rank,SCHNAME,ofsr
846.0,3328.0,Aldrington CofE Primary School,BN3 7QD,0.4,0.63,0.6,BOYC,8463328,18.0,3.0,6.0,9.0,Aldrington CofE Primary School,Good
846.0,2000.0,Balfour Junior School,BN1 6NE,0.55,0.6,0.54,99.8,8462000,5.5,4.0,7.0,5.5,,
846.0,2080.0,Benfield Junior School,BN41 1XS,0.17,0.19,0.25,99.8,8462080,39.0,37.5,36.5,37.666666666666664,,
846.0,2163.0,Bevendean Primary School,BN2 4JP,0.24,0.28,0.33,101,8462163,32.0,32.0,27.5,30.5,,
846.0,2001.0,Carden Primary School,BN1 8LU,0.3,0.34,0.29,BOYC,8462001,30.0,26.5,32.0,29.5,,
846.0,2037.0,Carlton Hill Primary School,BN2 9HS,0.34,0.14,0.41,BOYC,8462037,27.0,42.0,21.0,30.0,Carlton Hill Primary School,Outstanding
846.0,2044.0,Coldean Primary School,BN1 9EN,0.32,0.17,0.2,BOYC,8462044,28.5,40.0,39.0,35.833333333333336,Coldean Primary School,Outstanding
846.0,2007.0,Coombe Road Primary School,BN2 4ED,0.21,0.33,0.17,BOYC,8462007,36.0,28.5,40.0,34.833333333333336,Coombe Road Primary School,Satisfactory
846.0,3341.0,Cottesmore St Mary's Catholic Primary School,BN3 6NB,0.55,0.48,0.47,99.5,8463341,5.5,14.0,16.5,12.0,Cottesmore St Mary's Catholic Primary School,Satisfactory
846.0,2009.0,Downs Junior School,BN1 6ED,0.56,0.5,0.5,100.2,8462009,4.0,11.5,11.0,8.833333333333334,Downs Junior School,Good
846.0,2155.0,Elm Grove Primary School,BN2 3ES,0.42,0.39,0.32,BOYC,8462155,15.0,20.5,29.0,21.5,Elm Grove Primary School,Good
846.0,2165.0,Fairlight Primary School,BN2 3AJ,0.18,0.22,0.22,BOYC,8462165,38.0,34.0,38.0,36.666666666666664,Fairlight Primary School,Good
846.0,2065.0,Goldstone Primary School,BN3 7JW,0.26,0.43,0.35,BOYC,8462065,31.0,18.0,25.0,24.66666666666667,Goldstone Primary School,Good
846.0,2067.0,Hangleton Junior School,BN3 8LF,0.38,0.39,0.63,BOYC,8462067,19.5,20.5,4.5,14.833333333333332,,
846.0,2043.0,Hertford Junior School,BN1 7FP,0.13,0.13,0.03,BOYC,8462043,41.5,43.0,43.0,42.5,Hertford Junior School,Good
846.0,2018.0,Middle Street Primary School,BN1 1AL,0.42,0.29,0.26,BOYC,8462018,15.0,31.0,35.0,27.0,Middle Street Primary School,Good
846.0,2100.0,Mile Oak Primary School,BN41 2WN,0.22,0.37,0.42,BOYC,8462100,34.5,22.0,19.5,25.333333333333332,Mile Oak Primary School,Satisfactory
846.0,2002.0,Moulsecoomb Primary School,BN2 4PA,0.1,0.07,0,BOYC,8462002,43.0,44.0,44.0,43.666666666666664,Moulsecoomb Primary School,Satisfactory
846.0,3316.0,Our Lady of Lourdes RC School,BN2 7HA,0.41,0.56,0.52,BOYC,8463316,17.0,6.0,8.5,10.5,Our Lady of Lourdes RC School,Good
846.0,2021.0,Patcham Junior School,BN1 8TA,0.45,0.45,0.48,BOYC,8462021,12.0,15.0,15.0,14.0,Patcham Junior School,Good
846.0,2114.0,Peter Gladwin Primary School,BN41 2PA,0.35,0.55,0.68,BOYC,8462114,26.0,7.0,3.0,12.0,Peter Gladwin Primary School,Good
846.0,2156.0,Queen's Park Primary School,BN2 0BN,0.46,0.44,0.49,BOYC,8462156,10.5,16.5,13.5,13.5,Queen's Park Primary School,Good
846.0,2164.0,Rudyard Kipling Primary School,BN2 6RH,0.22,0.33,0.31,BOYC,8462164,34.5,28.5,30.0,31.0,,
846.0,3329.0,St Andrew's CofE (Aided) Primary School,BN3 3YT,0.64,0.66,0.63,BOYC,8463329,3.0,2.0,4.5,3.1666666666666665,St Andrew's CofE (Aided) Primary School,Outstanding
846.0,3305.0,St Bartholomew's CofE Primary School,BN1 4GP,0.36,0.36,0.27,102.3,8463305,24.0,23.5,34.0,27.166666666666664,St Bartholomew's CofE Primary School,Satisfactory
846.0,3318.0,St Bernadette's Catholic Primary School,BN1 6UT,0.42,0.52,0.71,101.1,8463318,15.0,9.5,2.0,8.833333333333332,St Bernadette's Catholic Primary School,Good
846.0,3311.0,St John the Baptist Catholic Primary School,BN2 0AH,0.36,0.36,0.39,BOYC,8463311,24.0,23.5,23.0,23.5,St John the Baptist Catholic Primary School,Good
846.0,3314.0,St Joseph's Catholic Primary School,BN1 7BF,0.13,0.21,0.25,BOYC,8463314,41.5,35.0,36.5,37.666666666666664,St Joseph's Catholic Primary School,Satisfactory
846.0,2026.0,St Luke's Primary School,BN2 9ZF,0.49,0.52,0.52,BOYC,8462026,8.0,9.5,8.5,8.666666666666666,St Luke's Primary School,Outstanding
846.0,3304.0,"St Margaret's CofE Primary School, Rottingdean",BN2 7HB,0.54,0.54,0.5,100.4,8463304,7.0,8.0,11.0,8.666666666666666,"St Margaret's CofE Primary School, Rottingdean",Good
846.0,3317.0,St Mark's CofE Primary School,BN2 5EA,0.47,0.35,0.47,BOYC,8463317,9.0,25.0,16.5,16.833333333333336,St Mark's CofE Primary School,Good
846.0,3308.0,St Martin's CofE Primary School,BN2 3LJ,0.44,0.32,0.36,101,8463308,13.0,30.0,24.0,22.333333333333332,St Martin's CofE Primary School,Satisfactory
846.0,3313.0,St Mary Magdalen Catholic Primary School,BN1 3EF,0.23,0.4,0.33,100.7,8463313,33.0,19.0,27.5,26.5,St Mary Magdalen Catholic Primary School,Good
846.0,3344.0,St Mary's Catholic Primary School,BN41 1LB,0.19,0.19,0.28,BOYC,8463344,37.0,37.5,33.0,35.833333333333336,St Mary's Catholic Primary School,Satisfactory
846.0,3333.0,St Nicolas' CofE Junior School,BN41 2LA,0.37,0.19,0.4,99.3,8463333,21.5,37.5,22.0,27.0,,
846.0,3315.0,St Paul's CofE Primary School and Nursery,BN1 3LP,0.37,0.5,0.3,BOYC,8463315,21.5,11.5,31.0,21.333333333333336,,
846.0,2157.0,Saltdean Primary School,BN2 8HB,0.32,0.23,0.34,BOYC,8462157,28.5,33.0,26.0,29.166666666666664,Saltdean Primary School,Good
846.0,2119.0,Somerhill Junior School,BN3 1RP,0.46,0.34,0.46,BOYC,8462119,10.5,26.5,18.0,18.333333333333336,,
846.0,2028.0,Stanford Junior School,BN1 5PR,0.8,0.74,0.83,BOYC,8462028,1.0,1.0,1.0,1.0,Stanford Junior School,Good
846.0,2093.0,West Blatchington Primary and Nursery School,BN3 8BN,0.14,0.19,0.12,BOYC,8462093,40.0,37.5,41.0,39.5,West Blatchington Primary and Nursery School,Satisfactory
846.0,2070.0,West Hove Junior School,BN3 5JA,0.67,0.44,0.42,BOYC,8462070,2.0,16.5,19.5,12.666666666666668,,
846.0,2036.0,Westdene Primary School,BN1 5GN,0.38,0.58,0.5,100,8462036,19.5,5.0,11.0,11.833333333333332,Westdene Primary School,Outstanding
846.0,2006.0,Whitehawk Primary School,BN2 5FL,0.07,0.15,0.07,BOYC,8462006,44.0,41.0,42.0,42.33333333333333,,
846.0,2158.0,Woodingdean Primary School,BN2 6BB,0.36,0.49,0.49,BOYC,8462158,24.0,13.0,13.5,16.833333333333332,Woodingdean Primary School,Outstanding
