URN,LAESTAB,SCHNAME,POSTCODE,SCHSTATUS,SCHOOLTYPE,ISPRIMARY,LaCode,EstabCode,SchoolName,PostCode,level5_english_p_10,level5_maths_p_10,level5_science_p_10,CvaMea
114365,8462007,Coombe Road Primary School,BN2 4BP,Open,Community school,1,846.0,2007.0,Coombe Road Primary School,BN2 4ED,0.21,0.33,0.17,BOYC
114366,8462009,Downs Junior School,BN1 6ED,Open,Community school,1,846.0,2009.0,Downs Junior School,BN1 6ED,0.56,0.5,0.5,100.2
114367,8462010,Downs Infant School,BN1 6JA,Open,Community school,1,,,,,,,,
114368,8462017,Hertford Infant School,BN1 7GF,Open,Community school,1,,,,,,,,
114369,8462018,Middle Street Primary School,BN1 1AL,Open,Community school,1,846.0,2018.0,Middle Street Primary School,BN1 1AL,0.42,0.29,0.26,BOYC
114372,8462021,Patcham Junior School,BN1 8TA,Open,Community school,1,846.0,2021.0,Patcham Junior School,BN1 8TA,0.45,0.45,0.48,BOYC
114373,8462022,Patcham Infant School,BN1 8WW,Open,Community school,1,,,,,,,,
114374,8462026,St Luke's Primary School,BN2 9ZF,Open,Community school,1,846.0,2026.0,St Luke's Primary School,BN2 9ZF,0.49,0.52,0.52,BOYC
114376,8462028,Stanford Junior School,BN1 5PR,Open,Community school,1,846.0,2028.0,Stanford Junior School,BN1 5PR,0.8,0.74,0.83,BOYC
114377,8462029,Stanford Infant School,BN1 5PS,Open,Community school,1,,,,,,,,
114380,8462036,Westdene Primary School,BN1 5GN,Open,Community school,1,846.0,2036.0,Westdene Primary School,BN1 5GN,0.38,0.58,0.5,100
114381,8462037,Carlton Hill Primary School,BN2 9HS,Open,Community school,1,846.0,2037.0,Carlton Hill Primary School,BN2 9HS,0.34,0.14,0.41,BOYC
114382,8462040,Balfour Primary School,BN1 6NE,Open,Community school,1,,,,,,,,
114383,8462043,Hertford Junior School,BN1 7FP,Open,Community school,1,846.0,2043.0,Hertford Junior School,BN1 7FP,0.13,0.13,0.03,BOYC
114384,8462044,Coldean Primary School,BN1 9EN,Open,Community school,1,846.0,2044.0,Coldean Primary School,BN1 9EN,0.32,0.17,0.2,BOYC
114398,8462065,Goldstone Primary School,BN3 7JW,Open,Community school,1,846.0,2065.0,Goldstone Primary School,BN3 7JW,0.26,0.43,0.35,BOYC
114399,8462066,Hangleton Primary School,BN3 8LF,Open,Community school,1,,,,,,,,
114403,8462070,Hove Junior School,BN3 5JA,Open,Community school,1,,,,,,,,
114411,8462079,St Peter's Community Primary School,BN41 1LS,Open,Community school,1,,,,,,,,
114412,8462080,Benfield Primary School,BN41 1XS,Open,Community school,1,,,,,,,,
114413,8462081,Brackenbury Primary School,BN41 2LA,Open,Community school,1,,,,,,,,
114425,8462093,West Blatchington Primary and Nursery School,BN3 8BN,Open,Community school,1,846.0,2093.0,West Blatchington Primary and Nursery School,BN3 8BN,0.14,0.19,0.12,BOYC
114428,8462096,West Hove Infant School,BN3 5JA,Open,Community school,1,,,,,,,,
114430,8462100,Mile Oak Primary School,BN41 2WN,Open,Community school,1,846.0,2100.0,Mile Oak Primary School,BN41 2WN,0.22,0.37,0.42,BOYC
114443,8462114,Peter Gladwin Primary School,BN41 2PA,Open,Community school,1,846.0,2114.0,Peter Gladwin Primary School,BN41 2PA,0.35,0.55,0.68,BOYC
114446,8462119,Brunswick Primary School,BN3 1RP,Open,Community school,1,,,,,,,,
114477,8462155,Elm Grove Primary School,BN2 3ES,Open,Community school,1,846.0,2155.0,Elm Grove Primary School,BN2 3ES,0.42,0.39,0.32,BOYC
114478,8462156,Queen's Park Primary School,BN2 0BN,Open,Community school,1,846.0,2156.0,Queen's Park Primary School,BN2 0BN,0.46,0.44,0.49,BOYC
114479,8462157,Saltdean Primary School,BN2 8HB,Open,Community school,1,846.0,2157.0,Saltdean Primary School,BN2 8HB,0.32,0.23,0.34,BOYC
114480,8462158,Woodingdean Primary School,BN2 6BB,Open,Community school,1,846.0,2158.0,Woodingdean Primary School,BN2 6BB,0.36,0.49,0.49,BOYC
114485,8462163,Bevendean Primary School and Nursery,BN2 4JP,Open,Community school,1,,,,,,,,
114486,8462164,Rudyard Kipling Primary School & Nursery,BN2 6RH,Open,Community school,1,,,,,,,,
114487,8462165,Fairlight Primary School,BN2 3AJ,Open,Community school,1,846.0,2165.0,Fairlight Primary School,BN2 3AJ,0.18,0.22,0.22,BOYC
114537,8463304,"St Margaret's CofE Primary School, Rottingdean",BN2 7HB,Open,Voluntary aided school,1,846.0,3304.0,"St Margaret's CofE Primary School, Rottingdean",BN2 7HB,0.54,0.54,0.5,100.4
114538,8463305,St Bartholomew's CofE Primary School,BN1 4GP,Open,Voluntary aided school,1,846.0,3305.0,St Bartholomew's CofE Primary School,BN1 4GP,0.36,0.36,0.27,102.3
114539,8463308,St Martin's CofE Primary School,BN2 3LJ,Open,Voluntary aided school,1,846.0,3308.0,St Martin's CofE Primary School,BN2 3LJ,0.44,0.32,0.36,101
114540,8463311,St John the Baptist Catholic Primary School,BN2 0AH,Open,Voluntary aided school,1,846.0,3311.0,St John the Baptist Catholic Primary School,BN2 0AH,0.36,0.36,0.39,BOYC
114541,8463313,St Mary Magdalen Catholic Primary School,BN1 3EF,Open,Voluntary aided school,1,846.0,3313.0,St Mary Magdalen Catholic Primary School,BN1 3EF,0.23,0.4,0.33,100.7
114542,8463314,St Joseph's Catholic Primary School,BN1 7BF,Open,Voluntary aided school,1,846.0,3314.0,St Joseph's Catholic Primary School,BN1 7BF,0.13,0.21,0.25,BOYC
114543,8463315,St Paul's CofE Primary School,BN1 3LP,Open,Voluntary aided school,1,,,,,,,,
114544,8463316,Our Lady of Lourdes RC School,BN2 7HA,Open,Voluntary aided school,1,846.0,3316.0,Our Lady of Lourdes RC School,BN2 7HA,0.41,0.56,0.52,BOYC
114545,8463317,St Mark's CofE Primary School,BN2 5EA,Open,Voluntary aided school,1,846.0,3317.0,St Mark's CofE Primary School,BN2 5EA,0.47,0.35,0.47,BOYC
114546,8463318,St Bernadette's Catholic Primary School,BN1 6UT,Open,Voluntary aided school,1,846.0,3318.0,St Bernadette's Catholic Primary School,BN1 6UT,0.42,0.52,0.71,101.1
114555,8463328,Aldrington CofE Primary School,BN3 7QD,Open,Voluntary aided school,1,846.0,3328.0,Aldrington CofE Primary School,BN3 7QD,0.4,0.63,0.6,BOYC
114556,8463329,St Andrew's CofE (Aided) Primary School,BN3 3YT,Open,Voluntary aided school,1,846.0,3329.0,St Andrew's CofE (Aided) Primary School,BN3 3YT,0.64,0.66,0.63,BOYC
114560,8463333,St Nicolas CofE Primary School,BN41 2LA,Open,Voluntary aided school,1,,,,,,,,
114567,8463341,Cottesmore St Mary's Catholic Primary School,BN3 6NB,Open,Voluntary aided school,1,846.0,3341.0,Cottesmore St Mary's Catholic Primary School,BN3 6NB,0.55,0.48,0.47,99.5
114570,8463344,St Mary's Catholic Primary School,BN41 1LB,Open,Voluntary aided school,1,846.0,3344.0,St Mary's Catholic Primary School,BN41 1LB,0.19,0.19,0.28,BOYC
131789,8462001,Carden Nursery and Primary School,BN1 8LU,Open,Community school,1,,,,,,,,
138261,8462008,Bilingual Primary School - Brighton & Hove,BN3 7QA,Open,Free schools,1,,,,,,,,
139677,8462011,City Academy Whitehawk,BN2 5FL,Open,Academy sponsor led,1,,,,,,,,
147680,8462012,Moulsecoomb Primary School,BN2 4PA,Open,Academy sponsor led,1,846.0,2002.0,Moulsecoomb Primary School,BN2 4PA,0.1,0.07,0,BOYC
