LaCode,EstabCode,SchoolName,PostCode,level5_english_p_10,level5_maths_p_10,level5_science_p_10,CvaMea,LAESTAB,english_rank,maths_rank,science_rank,acad_rank,SCHNAME,ofsr
846,3328,Aldrington CofE Primary School,BN3 7QD,0.4,0.63,0.6,BOYC,8463328,18,3,6,9,Aldrington CofE Primary School,Good
846,2000,Balfour Junior School,BN1 6NE,0.55,0.6,0.54,99.8,8462000,5.5,4,7,5.5,,Outstanding
846,2080,Benfield Junior School,BN41 1XS,0.17,0.19,0.25,99.8,8462080,39,37.5,36.5,37.66666667,,Satisfactory
846,2163,Bevendean Primary School,BN2 4JP,0.24,0.28,0.33,101,8462163,32,32,27.5,30.5,,Satisfactory
846,2001,Carden Primary School,BN1 8LU,0.3,0.34,0.29,BOYC,8462001,30,26.5,32,29.5,,Satisfactory
846,2037,Carlton Hill Primary School,BN2 9HS,0.34,0.14,0.41,BOYC,8462037,27,42,21,30,Carlton Hill Primary School,Outstanding
846,2044,Coldean Primary School,BN1 9EN,0.32,0.17,0.2,BOYC,8462044,28.5,40,39,35.83333333,Coldean Primary School,Outstanding
846,2007,Coombe Road Primary School,BN2 4ED,0.21,0.33,0.17,BOYC,8462007,36,28.5,40,34.83333333,Coombe Road Primary School,Satisfactory
846,3341,Cottesmore St Mary's Catholic Primary School,BN3 6NB,0.55,0.48,0.47,99.5,8463341,5.5,14,16.5,12,Cottesmore St Mary's Catholic Primary School,Satisfactory
846,2009,Downs Junior School,BN1 6ED,0.56,0.5,0.5,100.2,8462009,4,11.5,11,8.833333333,Downs Junior School,Good
846,2155,Elm Grove Primary School,BN2 3ES,0.42,0.39,0.32,BOYC,8462155,15,20.5,29,21.5,Elm Grove Primary School,Good
846,2165,Fairlight Primary School,BN2 3AJ,0.18,0.22,0.22,BOYC,8462165,38,34,38,36.66666667,Fairlight Primary School,Good
846,2065,Goldstone Primary School,BN3 7JW,0.26,0.43,0.35,BOYC,8462065,31,18,25,24.66666667,Goldstone Primary School,Good
846,2067,Hangleton Junior School,BN3 8LF,0.38,0.39,0.63,BOYC,8462067,19.5,20.5,4.5,14.83333333,,Outstanding
846,2043,Hertford Junior School,BN1 7FP,0.13,0.13,0.03,BOYC,8462043,41.5,43,43,42.5,Hertford Junior School,Good
846,2018,Middle Street Primary School,BN1 1AL,0.42,0.29,0.26,BOYC,8462018,15,31,35,27,Middle Street Primary School,Good
846,2100,Mile Oak Primary School,BN41 2WN,0.22,0.37,0.42,BOYC,8462100,34.5,22,19.5,25.33333333,Mile Oak Primary School,Satisfactory
846,2002,Moulsecoomb Primary School,BN2 4PA,0.1,0.07,0,BOYC,8462002,43,44,44,43.66666667,Moulsecoomb Primary School,Satisfactory
846,3316,Our Lady of Lourdes RC School,BN2 7HA,0.41,0.56,0.52,BOYC,8463316,17,6,8.5,10.5,Our Lady of Lourdes RC School,Good
846,2021,Patcham Junior School,BN1 8TA,0.45,0.45,0.48,BOYC,8462021,12,15,15,14,Patcham Junior School,Good
846,2114,Peter Gladwin Primary School,BN41 2PA,0.35,0.55,0.68,BOYC,8462114,26,7,3,12,Peter Gladwin Primary School,Good
846,2156,Queen's Park Primary School,BN2 0BN,0.46,0.44,0.49,BOYC,8462156,10.5,16.5,13.5,13.5,Queen's Park Primary School,Good
846,2164,Rudyard Kipling Primary School,BN2 6RH,0.22,0.33,0.31,BOYC,8462164,34.5,28.5,30,31,,Satisfactory
846,3329,St Andrew's CofE (Aided) Primary School,BN3 3YT,0.64,0.66,0.63,BOYC,8463329,3,2,4.5,3.166666667,St Andrew's CofE (Aided) Primary School,Outstanding
846,3305,St Bartholomew's CofE Primary School,BN1 4GP,0.36,0.36,0.27,102.3,8463305,24,23.5,34,27.16666667,St Bartholomew's CofE Primary School,Satisfactory
846,3318,St Bernadette's Catholic Primary School,BN1 6UT,0.42,0.52,0.71,101.1,8463318,15,9.5,2,8.833333333,St Bernadette's Catholic Primary School,Good
846,3311,St John the Baptist Catholic Primary School,BN2 0AH,0.36,0.36,0.39,BOYC,8463311,24,23.5,23,23.5,St John the Baptist Catholic Primary School,Good
846,3314,St Joseph's Catholic Primary School,BN1 7BF,0.13,0.21,0.25,BOYC,8463314,41.5,35,36.5,37.66666667,St Joseph's Catholic Primary School,Satisfactory
846,2026,St Luke's Primary School,BN2 9ZF,0.49,0.52,0.52,BOYC,8462026,8,9.5,8.5,8.666666667,St Luke's Primary School,Outstanding
846,3304,"St Margaret's CofE Primary School, Rottingdean",BN2 7HB,0.54,0.54,0.5,100.4,8463304,7,8,11,8.666666667,"St Margaret's CofE Primary School, Rottingdean",Good
846,3317,St Mark's CofE Primary School,BN2 5EA,0.47,0.35,0.47,BOYC,8463317,9,25,16.5,16.83333333,St Mark's CofE Primary School,Good
846,3308,St Martin's CofE Primary School,BN2 3LJ,0.44,0.32,0.36,101,8463308,13,30,24,22.33333333,St Martin's CofE Primary School,Satisfactory
846,3313,St Mary Magdalen Catholic Primary School,BN1 3EF,0.23,0.4,0.33,100.7,8463313,33,19,27.5,26.5,St Mary Magdalen Catholic Primary School,Good
846,3344,St Mary's Catholic Primary School,BN41 1LB,0.19,0.19,0.28,BOYC,8463344,37,37.5,33,35.83333333,St Mary's Catholic Primary School,Satisfactory
846,3333,St Nicolas' CofE Junior School,BN41 2LA,0.37,0.19,0.4,99.3,8463333,21.5,37.5,22,27,,Satisfactory
846,3315,St Paul's CofE Primary School and Nursery,BN1 3LP,0.37,0.5,0.3,BOYC,8463315,21.5,11.5,31,21.33333333,,Outstanding
846,2157,Saltdean Primary School,BN2 8HB,0.32,0.23,0.34,BOYC,8462157,28.5,33,26,29.16666667,Saltdean Primary School,Good
846,2119,Somerhill Junior School,BN3 1RP,0.46,0.34,0.46,BOYC,8462119,10.5,26.5,18,18.33333333,,Satisfactory
846,2028,Stanford Junior School,BN1 5PR,0.8,0.74,0.83,BOYC,8462028,1,1,1,1,Stanford Junior School,Good
846,2093,West Blatchington Primary and Nursery School,BN3 8BN,0.14,0.19,0.12,BOYC,8462093,40,37.5,41,39.5,West Blatchington Primary and Nursery School,Satisfactory
846,2070,West Hove Junior School,BN3 5JA,0.67,0.44,0.42,BOYC,8462070,2,16.5,19.5,12.66666667,,Outstanding
846,2036,Westdene Primary School,BN1 5GN,0.38,0.58,0.5,100,8462036,19.5,5,11,11.83333333,Westdene Primary School,Outstanding
846,2006,Whitehawk Primary School,BN2 5FL,0.07,0.15,0.07,BOYC,8462006,44,41,42,42.33333333,,Inadequate
846,2158,Woodingdean Primary School,BN2 6BB,0.36,0.49,0.49,BOYC,8462158,24,13,13.5,16.83333333,Woodingdean Primary School,Outstanding
