LAESTAB,School name,School postcode,gcse_10,10_acad_rank,SCHNAME,10_ofsr
8464067,Blatchington Mill School and Sixth Form College,BN3 7BW,0.65,1.0,,
8464016,Dorothy Stringer High School,BN1 6PZ,0.63,2.0,,
8464605,Cardinal Newman Catholic School,BN3 6ND,0.59,3.0,Cardinal Newman Catholic School,Outstanding
8464012,Varndean School,BN1 6NP,0.58,4.0,Varndean School,Good
8464018,Longhill High School,BN2 7FR,0.43,5.0,Longhill High School,Good
8464068,Hove Park School and Sixth Form Centre,BN3 7BN,0.41,6.0,Hove Park School and Sixth Form Centre,Satisfactory
8464072,Patcham High School,BN1 8PB,0.37,7.0,Patcham High School,Satisfactory
8464049,Portslade Community College,BN41 2WS,0.35,8.0,,
8464022,Falmer High School,BN1 9PW,0.23,9.0,,
