LAESTAB,School name,School postcode,gcse_11,11_acad_rank,SCHNAME,11_ofsr
8464016,Dorothy Stringer High School,BN1 6PZ,74.0,1.0,,
8464605,Cardinal Newman Catholic School,BN3 6ND,66.0,2.0,Cardinal Newman Catholic School,Outstanding
8464067,Blatchington Mill School and Sixth Form College,BN3 7BW,58.0,3.0,,
8464012,Varndean School,BN1 6NP,55.0,4.0,Varndean School,Good
8464072,Patcham High School,BN1 8PB,51.0,5.0,Patcham High School,Satisfactory
8464068,Hove Park School and Sixth Form Centre,BN3 7BN,44.0,6.0,Hove Park School and Sixth Form Centre,Satisfactory
8464049,Portslade Community College,BN41 2WS,39.0,7.0,,
8464018,Longhill High School,BN2 7FR,37.0,8.5,Longhill High School,Good
8466905,Brighton Aldridge Community Academy,BN1 9PW,37.0,8.5,Brighton Aldridge Community Academy,Requires Improvement
