LEA,ESTAB,URN,SCHNAME,PCODE,level5_english_p_11,level5_maths_p_11,level5_science_p_11,LAESTAB,english_rank,maths_rank,science_rank,acad_rank,ofsr
846,3328,114555.0,Aldrington CofE Primary School,BN3 7QD,37,30,30,8463328,18.5,29.5,26.5,24.833333333333336,Good
846,2080,114412.0,Benfield Junior School,BN41 1XS,26,18,13,8462080,29.5,38.0,40.0,35.833333333333336,
846,2163,114485.0,Bevendean Primary School,BN2 4JP,26,35,26,8462163,29.5,21.5,30.0,27.0,
846,2001,131789.0,Carden Primary School,BN1 8LU,28,37,30,8462001,26.0,19.0,26.5,23.833333333333336,
846,2037,114381.0,Carlton Hill Primary School,BN2 9HS,50,36,50,8462037,8.5,20.0,12.0,13.5,Outstanding
846,2044,114384.0,Coldean Primary School,BN1 9EN,35,19,45,8462044,21.0,37.0,17.0,25.000000000000004,Outstanding
846,2007,114365.0,Coombe Road Primary School,BN2 4ED,25,34,38,8462007,32.0,23.5,22.0,25.833333333333332,Satisfactory
846,3341,114567.0,Cottesmore St Mary's Catholic Primary School,BN3 6NB,44,64,47,8463341,12.0,1.0,14.0,9.0,Satisfactory
846,2009,114366.0,Downs Junior School,BN1 6ED,42,47,47,8462009,13.0,9.0,14.0,12.0,Outstanding
846,2155,114477.0,Elm Grove Primary School,BN2 3ES,36,25,25,8462155,20.0,32.5,31.0,27.833333333333336,Good
846,2165,114487.0,Fairlight Primary School,BN2 3AJ,11,11,23,8462165,40.0,41.0,34.0,38.333333333333336,Good
846,2065,114398.0,Goldstone Primary School,BN3 7JW,28,22,33,8462065,26.0,34.5,24.5,28.33333333333333,Good
846,2067,114400.0,Hangleton Junior School,BN3 8LF,60,54,57,8462067,3.0,4.0,6.5,4.5,
846,2043,114383.0,Hertford Junior School,BN1 7FP,5,16,21,8462043,42.0,39.5,36.0,39.166666666666664,Inadequate
846,2018,114369.0,Middle Street Primary School,BN1 1AL,38,25,53,8462018,16.0,32.5,11.0,19.833333333333336,Good
846,2100,114430.0,Mile Oak Primary School,BN41 2WN,17,22,17,8462100,37.0,34.5,38.0,36.5,Satisfactory
846,2002,132028.0,Moulsecoomb Primary School,BN2 4PA,7,7,0,8462002,41.0,43.0,43.5,42.5,Satisfactory
846,3316,114544.0,Our Lady of Lourdes RC School,BN2 7HA,38,41,34,8463316,16.0,13.0,23.0,17.333333333333332,Good
846,2021,114372.0,Patcham Junior School,BN1 8TA,48,46,47,8462021,10.0,10.0,14.0,11.333333333333334,Good
846,2114,114443.0,Peter Gladwin Primary School,BN41 2PA,15,52,63,8462114,38.5,5.5,4.0,16.0,Good
846,2156,114478.0,Queen's Park Primary School,BN2 0BN,27,38,41,8462156,28.0,17.0,19.5,21.5,Good
846,2164,114486.0,Rudyard Kipling Primary School,BN2 6RH,29,31,29,8462164,24.0,27.0,28.0,26.333333333333336,
846,3329,114556.0,St Andrew's CofE (Aided) Primary School,BN3 3YT,52,40,65,8463329,7.0,14.5,3.0,8.166666666666666,Outstanding
846,3305,114538.0,St Bartholomew's CofE Primary School,BN1 4GP,46,31,46,8463305,11.0,27.0,16.0,18.0,Outstanding
846,3318,114546.0,St Bernadette's Catholic Primary School,BN1 6UT,63,59,69,8463318,1.5,3.0,1.5,2.0,Good
846,3311,114540.0,St John the Baptist Catholic Primary School,BN2 0AH,34,38,24,8463311,22.0,17.0,32.5,23.833333333333336,Good
846,3314,114542.0,St Joseph's Catholic Primary School,BN1 7BF,18,35,24,8463314,36.0,21.5,32.5,30.0,Satisfactory
846,2026,114374.0,St Luke's Primary School,BN2 9ZF,54,52,55,8462026,5.5,5.5,8.5,6.5,Outstanding
846,3304,114537.0,"St Margaret's CofE Primary School, Rottingdean",BN2 7HB,40,40,40,8463304,14.0,14.5,21.0,16.5,Good
846,3317,114545.0,St Mark's CofE Primary School,BN2 5EA,25,30,55,8463317,32.0,29.5,8.5,23.333333333333332,Good
846,3308,114539.0,St Martin's CofE Primary School,BN2 3LJ,50,50,62,8463308,8.5,7.0,5.0,6.833333333333334,Satisfactory
846,3313,114541.0,St Mary Magdalen Catholic Primary School,BN1 3EF,0,9,0,8463313,44.5,42.0,43.5,43.333333333333336,Good
846,3344,114570.0,St Mary's Catholic Primary School,BN41 1LB,38,34,41,8463344,16.0,23.5,19.5,19.666666666666664,Satisfactory
846,3333,114560.0,St Nicolas' CofE Junior School,BN41 2LA,24,16,16,8463333,34.0,39.5,39.0,37.5,
846,3315,114543.0,St Paul's CofE Primary School and Nursery,BN1 3LP,37,43,20,8463315,18.5,11.0,37.0,22.166666666666668,
846,2157,114479.0,Saltdean Primary School,BN2 8HB,25,31,28,8462157,32.0,27.0,29.0,29.33333333333333,Good
846,2119,114446.0,Somerhill Junior School,BN3 1RP,28,33,33,8462119,26.0,25.0,24.5,25.166666666666664,
846,2028,114376.0,Stanford Junior School,BN1 5PR,63,49,69,8462028,1.5,8.0,1.5,3.6666666666666665,Good
846,2093,114425.0,West Blatchington Primary and Nursery School,BN3 8BN,31,28,22,8462093,23.0,31.0,35.0,29.666666666666664,Satisfactory
846,2070,114403.0,West Hove Junior School,BN3 5JA,58,42,54,8462070,4.0,12.0,10.0,8.666666666666666,
846,2036,114380.0,Westdene Primary School,BN1 5GN,54,63,57,8462036,5.5,2.0,6.5,4.666666666666666,Outstanding
846,2006,132029.0,Whitehawk Primary School,BN2 5FL,15,20,0,8462006,38.5,36.0,43.5,39.333333333333336,
846,2158,114480.0,Woodingdean Primary School,BN2 6BB,23,38,42,8462158,35.0,17.0,18.0,23.333333333333332,Outstanding
846,7034,133639.0,The Cedar Centre,BN1 7FP,0,0,0,8467034,44.5,45.0,43.5,44.333333333333336,
846,7016,114685.0,Downs Park School,BN41 2FU,0,0,0,8467016,44.5,45.0,43.5,44.333333333333336,
846,7018,114687.0,Hillside School,BN41 2FU,0,0,0,8467018,44.5,45.0,43.5,44.333333333333336,
