﻿RECTYPE,LEA,ESTAB,URN,SCHNAME,NFTYPE,FEEDER,ICLOSE,REGION,ALL_BAND,ALL_SCORE,ALL_COHORT,ALL_PROGRESSED,ALL_APPREN,ALL_HE,ALL_TOP3RD,ALL_RUSSELL,ALL_OXBRIDGE,ALL_HTECH,ACADAGEN_COHORT,ACADAGEN_PROGRESSED,ACADAGEN_SCORE,ACADAGEN_BAND,TLEV_COHORT,TLEV_PROGRESSED,TLEV_SCORE,TLEV_BAND,OTHER_COHORT,OTHER_PROGRESSED,OTHER_SCORE,OTHER_BAND,DIS_PROGRESSED,DIS_APPREN,DIS_HE,DIS_TOP3RD,DIS_RUSSELL,DIS_OXBRIDGE,DIS_HTECH
1,846,8600,130668,Varndean College,Sixth Form College,0,0,,4,-7,647,56%,0%,55%,24%,12%,1%,2%,590,60%,-6,4,56,20%,-20,5,1,SUPP,SUPP,SUPP,39%,0%,SUPP,11%,4%,0%,SUPP
1,846,8601,130669,Brighton Hove and Sussex Sixth Form College,Sixth Form College,0,0,,3,0,1109,76%,SP,75%,42%,27%,3%,1%,1109,76%,0,3,0,NA,NA,NA,0,NA,NA,NA,67%,SUPP,SUPP,32%,16%,SUPP,SUPP
1,846,4001,137063,Portslade Aldridge Community Academy,AC,0,0,,5,-23,47,36%,0%,32%,6%,0%,0%,4%,42,40%,-22,5,4,SUPP,SUPP,SUPP,1,SUPP,SUPP,SUPP,SUPP,0%,SUPP,SUPP,0%,0%,SUPP
1,846,4068,114607,Hove Park School and Sixth Form Centre,CY,0,0,,3,-7,93,53%,0%,52%,14%,12%,1%,1%,93,53%,-7,3,0,NA,NA,NA,0,NA,NA,NA,72%,0%,SUPP,33%,33%,SUPP,SUPP
1,846,4605,114611,Cardinal Newman Catholic School,VA,0,0,,3,-2,219,64%,SP,62%,26%,19%,4%,1%,219,64%,-2,3,0,NA,NA,NA,0,NA,NA,NA,63%,SUPP,59%,11%,SUPP,0%,SUPP
1,846,6905,136164,Brighton Aldridge Community Academy,AC,0,0,,3,-15,20,30%,0%,30%,0%,0%,0%,0%,20,30%,-15,3,0,NA,NA,NA,0,NA,NA,NA,27%,0%,27%,0%,0%,0%,0%
LA,846,,,,,,,,NA,-4,,61%,SP,59%,28%,17%,2%,2%,2241,66%,-3,NA,183,13%,-24,NA,108,40%,17,NA,64%,SUPP,62%,30%,19%,SUPP,SUPP
NAT,,,,,,,,England,NA,0.0,,62%,1%,58%,19%,14%,1%,3%,318795,68%,0,NA,56188,39%,0,NA,11442,24%,0,NA,63%,1%,59%,21%,15%,1%,3%