﻿URN,LANAME,LA,ESTAB,LAESTAB,SCHNAME,STREET,LOCALITY,ADDRESS3,TOWN,POSTCODE,SCHSTATUS,OPENDATE,CLOSEDATE,MINORGROUP,SCHOOLTYPE,ISPRIMARY,ISSECONDARY,ISPOST16,AGELOW,AGEHIGH,GENDER,RELCHAR,ADMPOL,OFSTEDRATING,OFSTEDLASTINSP
114365,Brighton and Hove,846,2007,8462007,Coombe Road Primary School,Milner Road,,,Brighton,BN2 4BP,Open,,,Maintained school,Community school,1,0,0,4,11,Mixed,Does not apply,Not applicable,Good,07-06-2017
114366,Brighton and Hove,846,2009,8462009,Downs Junior School,Rugby Road,,,Brighton,BN1 6ED,Open,,,Maintained school,Community school,1,0,0,7,11,Mixed,Does not apply,Not applicable,Outstanding,16-03-2011
114367,Brighton and Hove,846,2010,8462010,Downs Infant School,Ditchling Road,,,Brighton,BN1 6JA,Open,,,Maintained school,Community school,1,0,0,5,7,Mixed,Does not apply,Not applicable,Outstanding,27-06-2013
114368,Brighton and Hove,846,2017,8462017,Hertford Infant School,Hertford Road,,,Brighton,BN1 7GF,Open,,,Maintained school,Community school,1,0,0,4,7,Mixed,Does not apply,Not applicable,Good,14-02-2019
114369,Brighton and Hove,846,2018,8462018,Middle Street Primary School,37 Middle Street,Middle Street Primary School,,Brighton,BN1 1AL,Open,,,Maintained school,Community school,1,0,0,4,11,Mixed,Does not apply,Not applicable,Good,06-12-2018
114372,Brighton and Hove,846,2021,8462021,Patcham Junior School,Ladies Mile Road,Patcham,,Brighton,BN1 8TA,Open,,,Maintained school,Community school,1,0,0,7,11,Mixed,Does not apply,Not applicable,Good,02-05-2019
114373,Brighton and Hove,846,2022,8462022,Patcham Infant School,Highview Avenue South,,,Brighton,BN1 8WW,Open,,,Maintained school,Community school,1,0,0,3,7,Mixed,Does not apply,Not applicable,Outstanding,10-12-2008
114374,Brighton and Hove,846,2026,8462026,St Luke's Primary School,Queens Park Rise,,,Brighton,BN2 9ZF,Open,,,Maintained school,Community school,1,0,0,4,11,Mixed,Does not apply,Not applicable,Outstanding,10-10-2013
114376,Brighton and Hove,846,2028,8462028,Stanford Junior School,Stanford Road,,,Brighton,BN1 5PR,Open,,,Maintained school,Community school,1,0,0,7,11,Mixed,Does not apply,Not applicable,Good,17-10-2018
114377,Brighton and Hove,846,2029,8462029,Stanford Infant School,Highcroft Villas,,,Brighton,BN1 5PS,Open,,,Maintained school,Community school,1,0,0,4,7,Mixed,Does not apply,Not applicable,Outstanding,22-02-2007
114380,Brighton and Hove,846,2036,8462036,Westdene Primary School,Bankside,Westdene,,Brighton,BN1 5GN,Open,,,Maintained school,Community school,1,0,0,3,11,Mixed,Does not apply,Not applicable,Good,22-11-2017
114381,Brighton and Hove,846,2037,8462037,Carlton Hill Primary School,Sussex Street,,,BRIGHTON,BN2 9HS,Open,,,Maintained school,Community school,1,0,0,4,11,Mixed,Does not apply,Not applicable,Good,16-05-2018
114382,Brighton and Hove,846,2040,8462040,Balfour Primary School,Balfour Road,,,Brighton,BN1 6NE,Open,,,Maintained school,Community school,1,0,0,4,11,Mixed,Does not apply,Not applicable,Requires improvement,12-02-2020
114383,Brighton and Hove,846,2043,8462043,Hertford Junior School,Lynchet Close,,,Brighton,BN1 7FP,Open,,,Maintained school,Community school,1,0,0,7,11,Mixed,Does not apply,Not applicable,Requires improvement,11-03-2020
114384,Brighton and Hove,846,2044,8462044,Coldean Primary School,Kenwards,Coldean,,Brighton,BN1 9EN,Open,,,Maintained school,Community school,1,0,0,3,11,Mixed,Does not apply,Not applicable,Good,21-11-2017
114398,Brighton and Hove,846,2065,8462065,Goldstone Primary School,Laburnum Avenue,,,Hove,BN3 7JW,Open,,,Maintained school,Community school,1,0,0,4,11,Mixed,Does not apply,Not applicable,Good,24-01-2018
114399,Brighton and Hove,846,2066,8462066,Hangleton Primary School,Dale View,,,Hove,BN3 8LF,Open,,,Maintained school,Community school,1,0,0,4,11,Mixed,Does not apply,Not applicable,Good,07-06-2018
114403,Brighton and Hove,846,2070,8462070,Hove Junior School,Portland Road,,,Hove,BN3 5JA,Open,,,Maintained school,Community school,1,0,0,7,11,Mixed,Does not apply,Not applicable,Good,06-02-2020
114411,Brighton and Hove,846,2079,8462079,St Peter's Community Primary School,St Peter's Road,Portslade-By-Sea,,Brighton,BN41 1LS,Open,,,Maintained school,Community school,1,0,0,3,11,Mixed,Does not apply,Not applicable,Requires improvement,09-03-2022
114412,Brighton and Hove,846,2080,8462080,Benfield Primary School,255 Old Shoreham Road,Portslade,,Brighton,BN41 1XS,Open,,,Maintained school,Community school,1,0,0,4,11,Mixed,Does not apply,Not applicable,Good,21-11-2019
114413,Brighton and Hove,846,2081,8462081,Brackenbury Primary School,Locks Hill,Portslade,,Brighton,BN41 2LA,Open,,,Maintained school,Community school,1,0,0,5,11,Mixed,Does not apply,Not applicable,Good,02-03-2022
114425,Brighton and Hove,846,2093,8462093,West Blatchington Primary and Nursery School,Hangleton Way,,,Hove,BN3 8BN,Open,,,Maintained school,Community school,1,0,0,3,11,Mixed,Does not apply,Not applicable,Good,22-01-2019
114428,Brighton and Hove,846,2096,8462096,West Hove Infant School,Portland Road,,,Hove,BN3 5JA,Open,,,Maintained school,Community school,1,0,0,5,7,Mixed,Does not apply,Not applicable,Outstanding,06-12-2013
114430,Brighton and Hove,846,2100,8462100,Mile Oak Primary School,Graham Avenue,Portslade,,Brighton,BN41 2WN,Open,,,Maintained school,Community school,1,0,0,4,11,Mixed,Does not apply,Not applicable,Good,16-03-2022
114443,Brighton and Hove,846,2114,8462114,Peter Gladwin Primary School,Drove Road,Portslade,,Brighton,BN41 2PA,Open,,,Maintained school,Community school,1,0,0,4,11,Mixed,Does not apply,Not applicable,Good,12-02-2019
114446,Brighton and Hove,846,2119,8462119,Brunswick Primary School,Somerhill Road,,,Hove,BN3 1RP,Open,,,Maintained school,Community school,1,0,0,4,11,Mixed,Does not apply,Not applicable,Good,28-06-2018
114477,Brighton and Hove,846,2155,8462155,Elm Grove Primary School,Elm Grove,,Elm Grove Primary School,brighton,BN2 3ES,Open,,,Maintained school,Community school,1,0,0,4,11,Mixed,Does not apply,Not applicable,Good,13-09-2017
114478,Brighton and Hove,846,2156,8462156,Queen's Park Primary School,Park Street,,,Brighton,BN2 0BN,Open,,,Maintained school,Community school,1,0,0,4,11,Mixed,Does not apply,Not applicable,Good,08-03-2018
114479,Brighton and Hove,846,2157,8462157,Saltdean Primary School,Chiltington Way,Saltdean,,Brighton,BN2 8HB,Open,,,Maintained school,Community school,1,0,0,4,11,Mixed,Does not apply,Not applicable,Good,09-10-2018
114480,Brighton and Hove,846,2158,8462158,Woodingdean Primary School,Warren Road,Woodingdean,,Brighton,BN2 6BB,Open,,,Maintained school,Community school,1,0,0,4,11,Mixed,Does not apply,Not applicable,Good,29-11-2019
114485,Brighton and Hove,846,2163,8462163,Bevendean Primary School and Nursery,Heath Hill Avenue,Lower Bevendean,,Brighton,BN2 4JP,Open,,,Maintained school,Community school,1,0,0,3,11,Mixed,Does not apply,Not applicable,Good,05-12-2019
114486,Brighton and Hove,846,2164,8462164,Rudyard Kipling Primary School & Nursery,Chalkland Rise,Woodingdean,,Brighton,BN2 6RH,Open,,,Maintained school,Community school,1,0,0,2,11,Mixed,Does not apply,Not applicable,Good,03-05-2017
114487,Brighton and Hove,846,2165,8462165,Fairlight Primary School,St Leonard's Road,,,Brighton,BN2 3AJ,Open,,,Maintained school,Community school,1,0,0,3,11,Mixed,Does not apply,Not applicable,Good,05-12-2018
114537,Brighton and Hove,846,3304,8463304,"St Margaret's CofE Primary School, Rottingdean",Whiteway Lane,Rottingdean,,Brighton,BN2 7HB,Open,,,Maintained school,Voluntary aided school,1,0,0,5,11,Mixed,Church of England,,Good,26-02-2020
114538,Brighton and Hove,846,3305,8463305,St Bartholomew's CofE Primary School,Ann Street,,,Brighton,BN1 4GP,Open,,,Maintained school,Voluntary aided school,1,0,0,4,11,Mixed,Church of England,Not applicable,Good,12-09-2018
114539,Brighton and Hove,846,3308,8463308,St Martin's CofE Primary School,Hartington Road,,,Brighton,BN2 3LJ,Open,,,Maintained school,Voluntary aided school,1,0,0,3,11,Mixed,Church of England,Not applicable,Good,20-09-2017
114540,Brighton and Hove,846,3311,8463311,St John the Baptist Catholic Primary School,Whitehawk Hill Road,,,Brighton,BN2 0AH,Open,,,Maintained school,Voluntary aided school,1,0,0,4,11,Mixed,Roman Catholic,Not applicable,Good,30-04-2019
114541,Brighton and Hove,846,3313,8463313,St Mary Magdalen Catholic Primary School,Spring Street,,,Brighton,BN1 3EF,Open,,,Maintained school,Voluntary aided school,1,0,0,3,11,Mixed,Roman Catholic,Not applicable,Good,14-11-2019
114542,Brighton and Hove,846,3314,8463314,St Joseph's Catholic Primary School,Davey Drive,Hollingdean,,Brighton,BN1 7BF,Open,,,Maintained school,Voluntary aided school,1,0,0,4,11,Mixed,Catholic,Not applicable,Good,02-11-2017
114543,Brighton and Hove,846,3315,8463315,St Paul's CofE Primary School,St Nicholas Road,,,Brighton,BN1 3LP,Open,,,Maintained school,Voluntary aided school,1,0,0,4,11,Mixed,Church of England,Not applicable,Good,01-11-2017
114544,Brighton and Hove,846,3316,8463316,Our Lady of Lourdes RC School,The Green,Rottingdean,,Brighton,BN2 7HA,Open,,,Maintained school,Voluntary aided school,1,0,0,4,11,Mixed,Roman Catholic,Not applicable,Good,22-11-2018
114545,Brighton and Hove,846,3317,8463317,St Mark's CofE Primary School,Manor Road,,,Brighton,BN2 5EA,Open,,,Maintained school,Voluntary aided school,1,0,0,4,11,Mixed,Church of England,Not applicable,Requires improvement,02-05-2019
114546,Brighton and Hove,846,3318,8463318,St Bernadette's Catholic Primary School,Preston Road,Withdean,,Brighton,BN1 6UT,Open,,,Maintained school,Voluntary aided school,1,0,0,4,11,Mixed,Roman Catholic,Not applicable,Good,10-11-2021
114555,Brighton and Hove,846,3328,8463328,Aldrington CofE Primary School,Eridge Road,,,Hove,BN3 7QD,Open,,,Maintained school,Voluntary aided school,1,0,0,4,11,Mixed,Church of England,Not applicable,Good,17-11-2021
114556,Brighton and Hove,846,3329,8463329,St Andrew's CofE (Aided) Primary School,Belfast Street,,,Hove,BN3 3YT,Open,,,Maintained school,Voluntary aided school,1,0,0,4,11,Mixed,Church of England,Not applicable,Good,05-03-2019
114560,Brighton and Hove,846,3333,8463333,St Nicolas CofE Primary School,Locks Hill,Portslade,,Brighton,BN41 2LA,Open,,,Maintained school,Voluntary aided school,1,0,0,4,11,Mixed,Church of England,Not applicable,Good,22-09-2021
114567,Brighton and Hove,846,3341,8463341,Cottesmore St Mary's Catholic Primary School,The Upper Drive,,,Hove,BN3 6NB,Open,,,Maintained school,Voluntary aided school,1,0,0,5,11,Mixed,Roman Catholic,Not applicable,Good,14-11-2017
114570,Brighton and Hove,846,3344,8463344,St Mary's Catholic Primary School,Church Road,Portslade,,Brighton,BN41 1LB,Open,,,Maintained school,Voluntary aided school,1,0,0,4,11,Mixed,Roman Catholic,Not applicable,Good,14-03-2018
114579,Brighton and Hove,846,4012,8464012,Varndean School,Balfour Road,,,Brighton,BN1 6NP,Open,,,Maintained school,Community school,0,1,0,11,16,Mixed,Does not apply,Non-selective,Good,05-07-2017
114580,Brighton and Hove,846,4016,8464016,Dorothy Stringer School,Loder Road,,,Brighton,BN1 6PZ,Open,,,Maintained school,Community school,0,1,0,11,16,Mixed,Does not apply,Non-selective,Good,14-03-2018
114581,Brighton and Hove,846,4018,8464018,Longhill High School,Falmer Road,Rottingdean,,Brighton,BN2 7FR,Open,,,Maintained school,Community school,0,1,0,11,16,Mixed,Does not apply,Non-selective,Good,19-09-2018
114606,Brighton and Hove,846,4067,8464067,Blatchington Mill School,Nevill Avenue,,,Hove,BN3 7BW,Open,,,Maintained school,Community school,0,1,0,11,16,Mixed,Does not apply,Non-selective,Good,23-02-2022
114607,Brighton and Hove,846,4068,8464068,Hove Park School and Sixth Form Centre,Nevill Road,,,Hove,BN3 7BN,Open,,,Maintained school,Community school,0,1,1,11,18,Mixed,Does not apply,Non-selective,Good,09-12-2021
114608,Brighton and Hove,846,4072,8464072,Patcham High School,Ladies Mile Road,,,Brighton,BN1 8PB,Open,,,Maintained school,Community school,0,1,0,11,16,Mixed,Does not apply,Non-selective,Good,08-11-2017
114611,Brighton and Hove,846,4605,8464605,Cardinal Newman Catholic School,The Upper Drive,,,Hove,BN3 6ND,Open,,,Maintained school,Voluntary aided school,0,1,1,11,18,Mixed,Roman Catholic,Non-selective,Good,31-01-2018
114614,Brighton and Hove,846,6008,8466008,Brighton College,Eastern Road,,,Brighton,BN2 0AL,Open,,,Independent school,Other independent school,0,1,1,11,18,Mixed,None,Selective
114616,Brighton and Hove,846,6006,8466006,Roedean School,Roedean Way,,,Brighton,BN2 5RQ,Open,,,Independent school,Other independent school,0,1,1,11,18,Girls,None,Selective
114618,Brighton and Hove,846,6013,8466013,Windlesham School,190 Dyke Road,BRIGHTON,,,BN1 5AA,Open,,,Independent school,Other independent school,1,0,0,3,11,Mixed,None,Non-selective
114619,Brighton and Hove,846,7003,8467003,Hamilton Lodge School and College for Deaf Children,Walpole Road,,,Brighton,BN2 0LS,Open,,,Special school,Non-maintained special school,1,1,1,5,19,Mixed,Does not apply,Not applicable,Good,09-07-2019
114621,Brighton and Hove,846,6015,8466015,"Brighton College Nursery, Pre-Prep and Prep School",Walpole Lodge,2 Walpole Road,,Brighton,BN2 0EU,Open,,,Independent school,Other independent school,1,1,0,3,13,Mixed,None,Selective
114626,Brighton and Hove,846,6000,8466000,Lancing College Preparatory School At Hove,The Droveway,,,Hove,BN3 6LU,Open,,,Independent school,Other independent school,1,1,0,3,13,Mixed,Anglican,Not applicable
114639,Brighton and Hove,846,6011,8466011,St Christopher's School,33 New Church Road,,,Hove,BN3 4AD,Open,,,Independent school,Other independent school,1,1,0,4,13,Mixed,Church of England,Not applicable
114641,Brighton and Hove,846,6007,8466007,Deepdene School,195 New Church Road,,,Hove,BN3 4ED,Closed,,01-04-2022,Independent school,Other independent school,1,0,0,0,11,Mixed,None,Not applicable
114658,Brighton and Hove,846,6014,8466014,Brighton Girls GDST,Montpelier Road,Brighton,East Sussex,,BN1 3AT,Open,,,Independent school,Other independent school,1,1,1,3,18,Girls,None,Not applicable
114661,Brighton and Hove,846,6016,8466016,Brighton Waldorf School,Roedean Road,Brighton,,,BN2 5RA,Open,,,Independent school,Other independent school,1,1,0,2,16,Mixed,None,Non-selective,Requires improvement,01-07-2021
114664,Brighton and Hove,846,6009,8466009,Bellerbys College Brighton,1 Billinton Way,,,Brighton,BN1 4LF,Closed,,01-09-2021,Independent school,Other independent school,0,1,1,13,19,Mixed,None,Non-selective
114673,Brighton and Hove,846,6005,8466005,The Dharma Primary School,149 Ladies Miles Road,Patcham,,Brighton,BN1 8TB,Closed,,17-07-2020,Independent school,Other independent school,1,0,0,3,11,Mixed,Buddhist,Non-selective
114678,Brighton and Hove,846,7004,8467004,Homewood College,Queensdown School Road,Off Lewes Road,,Brighton,BN1 7LA,Open,,,Special school,Community special school,1,1,1,5,19,Mixed,Does not apply,Not applicable,Special Measures,07-12-2021
114680,Brighton and Hove,846,7006,8467006,Downs View Special School,Warren Road,Woodingdean,,Brighton,BN2 6BB,Open,,,Special school,Community special school,1,1,1,3,19,Mixed,Does not apply,Not applicable,Outstanding,12-02-2020
114687,Brighton and Hove,846,7018,8467018,Hill Park School,Foredown Road,Portslade,,Brighton,BN41 2FU,Open,,,Special school,Community special school,1,1,0,4,16,Mixed,Does not apply,Not applicable,Outstanding,13-02-2019
130668,Brighton and Hove,846,8600,8468600,Varndean College,Surrenden Road,,,Brighton,BN1 6WQ,Open,,,College,Further education,0,0,1,16,99,Mixed,Does not apply,Not applicable,Good,01-11-2018
130669,Brighton and Hove,846,8601,8468601,Brighton Hove and Sussex Sixth Form College,205 Dyke Road,,,Hove,BN3 6EG,Open,,,College,Further education,0,0,1,16,19,Mixed,Does not apply,Not applicable,Outstanding,12-10-2012
131127,Brighton and Hove,846,6020,8466020,Drive Preparatory School,101 The Drive,,,Hove,BN3 6GE,Open,,,Independent school,Other independent school,1,1,0,7,16,Mixed,None,Non-selective,Good,08-02-2019
131356,Brighton and Hove,846,6043,8466043,The Lioncare School,87 Payne Avenue,,,Hove,BN3 5HD,Open,,,Special school,Other independent special school,1,1,0,6,16,Mixed,None,Not applicable,Good,23-09-2021
131789,Brighton and Hove,846,2001,8462001,Carden Nursery and Primary School,County Oak Avenue,,,Brighton,BN1 8LU,Open,,,Maintained school,Community school,1,0,0,3,11,Mixed,Does not apply,Not applicable,Good,30-09-2021
132028,Brighton and Hove,846,2002,8462002,Moulsecoomb Primary School,The Highway,Moulsecoomb,,Brighton,BN2 4PA,Closed,,31-10-2021,Maintained school,Community school,1,0,0,3,11,Mixed,Does not apply,Not applicable,Serious Weaknesses,03-04-2019
133348,Brighton and Hove,846,6023,8466023,Brighton & Hove Montessori School,67 Stanford Avenue,Brighton,,,BN1 6FB,Open,,,Independent school,Other independent school,1,0,0,2,12,Mixed,None,Non-selective,Inadequate,21-10-2021
136164,Brighton and Hove,846,6905,8466905,Brighton Aldridge Community Academy,Lewes Road,,,Brighton,BN1 9PW,Open,,,Academy,Academy sponsor led,0,1,1,11,19,Mixed,Does not apply,Non-selective,Special Measures,09-03-2022
136947,Brighton and Hove,846,6018,8466018,The Montessori Place,45 Cromwell Road,,,Hove,BN3 3ER,Open,,,Independent school,Other independent school,1,1,1,1,18,Mixed,None,Not applicable,Outstanding,21-09-2017
137063,Brighton and Hove,846,4001,8464001,Portslade Aldridge Community Academy,Chalky Road,Portslade,,Brighton,BN41 2WS,Open,,,Academy,Academy sponsor led,0,1,1,11,16,Mixed,Does not apply,Non-selective,Good,17-11-2021
138261,Brighton and Hove,846,2008,8462008,Bilingual Primary School - Brighton & Hove,The Droveway,Hove,,Brighton and Hove,BN3 7QA,Open,,,Academy,Free schools,1,0,0,4,11,Mixed,None,Not applicable,Good,08-12-2021
139409,Brighton and Hove,846,4002,8464002,King's School,Hangleton Way,,,Hove,BN3 8BN,Open,,,Academy,Free schools,0,1,1,11,19,Mixed,Christian,Non-selective,Good,23-03-2022
139677,Brighton and Hove,846,2011,8462011,City Academy Whitehawk,Whitehawk Road,Whitehawk,,Brighton,BN2 5FL,Open,,,Academy,Academy sponsor led,1,0,0,2,11,Mixed,Does not apply,Not applicable,Good,15-11-2018
143046,Brighton and Hove,846,6024,8466024,Kings Brighton,27-33 Ditchling Road,,,Brighton,BN1 4SB,Open,,,Independent school,Other independent school,0,1,1,14,19,Mixed,None,Not applicable,Good,29-06-2018
146036,Brighton and Hove,846,6026,8466026,Brighton and Hove Clinic School,14-18 New Church Road,Hove,,,BN3 4FH,Open,26-09-2018,,Special school,Other independent special school,0,1,1,11,19,Mixed,None,Not applicable,Good,15-07-2021
147680,Brighton and Hove,846,2012,8462012,Moulsecoomb Primary School,The Highway,Moulsecoomb,,Brighton,BN2 4PA,Open,01-11-2021,,Academy,Academy sponsor led,1,0,0,3,11,Mixed,Does not apply,Not applicable
148591,Brighton and Hove,846,6030,8466030,Brighton International School,5 Old Steine,,,Brighton,BN1 1EJ,Open,02-02-2022,,Independent school,Other independent school,0,1,1,15,17,Mixed