﻿RECTYPE,LEA,ESTAB,URN,SCHNAME,ICLOSE,NFTYPE,TPUP,ATT8SCR,P8PUP,TP8ADJ,P8MEA,P8CILOW,P8CIUPP,P8MEA_ORIG,P8CILOW_ORIG,P8CIUPP_ORIG,PTL2BASICS_94,PTL2BASICS_95,EBACCAPS,PTEBACC_E_PTQ_EE,PTEBACC_94,PTEBACC_95,PT5EM_94,P8_BANDING
1,846,6009,114664,Bellerbys College Brighton,0,IND,NA,NA,NA,NA,NA,NA,NA,NA,NA,NA,NA,NA,NA,NA,NA,NA,NA,NA
1,846,4067,114606,Blatchington Mill School and Sixth Form College,0,CY,288,51.6,271,4,0.1,-0.06,0.25,0.08,-0.07,0.24,76.4%,57.3%,4.68,51.4%,38.5%,29.2%,72.2%,3
1,846,6905,136164,Brighton Aldridge Community Academy,0,AC,110,41.3,105,3,-0.13,-0.37,0.12,-0.14,-0.4,0.11,45.5%,18.2%,3.28,46.4%,13.6%,6.4%,42.7%,3
1,846,6008,114614,Brighton College,0,IND,NA,NA,NA,NA,NA,NA,NA,NA,NA,NA,NA,NA,NA,NA,NA,NA,NA,NA
1,846,6014,114658,Brighton Girls,0,IND,NA,NA,NA,NA,NA,NA,NA,NA,NA,NA,NA,NA,NA,NA,NA,NA,NA,NA
1,846,6016,114661,The Brighton Waldorf School,0,IND,NA,NA,NA,NA,NA,NA,NA,NA,NA,NA,NA,NA,NA,NA,NA,NA,NA,NA
1,846,4605,114611,Cardinal Newman Catholic School,0,VA,354,51.5,334,3,0.02,-0.11,0.16,0.02,-0.12,0.16,78.2%,52.0%,4.71,53.4%,44.4%,31.1%,72.9%,3
1,846,4016,114580,Dorothy Stringer School,0,CY,322,53.7,309,2,0.2,0.05,0.34,0.19,0.04,0.34,78.0%,58.7%,4.49,11.8%,10.2%,5.9%,73.3%,2
2,846,7006,114680,Downs View Special School,0,CYS,19,NE,NE,NE,NE,NE,NE,NE,NE,NE,NE,NE,NE,NE,NE,NE,NE
1,846,6020,131127,Drive Preparatory School,0,IND,NA,NA,NA,NA,NA,NA,NA,NA,NA,NA,NA,NA,NA,NA,NA,NA,NA,NA
2,846,7003,114619,Hamilton Lodge School and College for Deaf Children,0,NMSS,NA,NA,NA,NA,NA,NA,NA,NA,NA,NA,NA,NA,NA,NA,NA,NA,NA,NA
2,846,7018,114687,Hill Park School,0,CYS,24,NE,NE,NE,NE,NE,NE,NE,NE,NE,NE,NE,NE,NE,NE,NE,NE
2,846,7004,114678,Homewood College,0,CYS,18,4.5,17,0,-2.38,-2.99,-1.77,-2.38,-3.01,-1.76,0.0%,0.0%,0.18,0.0%,0.0%,0.0%,0.0%,5
1,846,4068,114607,Hove Park School and Sixth Form Centre,0,CY,260,42.7,230,6,-0.36,-0.52,-0.19,-0.37,-0.54,-0.2,63.8%,41.2%,4.02,76.2%,34.2%,19.2%,56.5%,4
1,846,6024,143046,Kings Brighton,0,IND,NA,NA,NA,NA,NA,NA,NA,NA,NA,NA,NA,NA,NA,NA,NA,NA,NA,NA
1,846,4002,139409,King's School,0,F,106,51.8,99,1,0.19,-0.06,0.45,0.19,-0.07,0.45,76.4%,51.9%,4.81,65.1%,46.2%,28.3%,68.9%,3
2,846,6043,131356,The Lioncare School,0,INDSPEC,NA,NA,NA,NA,NA,NA,NA,NA,NA,NA,NA,NA,NA,NA,NA,NA,NA,NA
1,846,4018,114581,Longhill High School,0,CY,183,38.2,177,2,-0.82,-1,-0.63,-0.83,-1.02,-0.64,47.5%,26.2%,3.2,20.8%,7.1%,2.7%,41.0%,5
1,846,6018,136947,The Montessori Place,0,IND,NA,NA,NA,NA,NA,NA,NA,NA,NA,NA,NA,NA,NA,NA,NA,NA,NA,NA
1,846,4072,114608,Patcham High School,0,CY,196,47.6,189,0,-0.05,-0.23,0.13,-0.05,-0.24,0.13,70.4%,46.4%,4.14,44.4%,21.4%,17.3%,64.3%,3
1,846,4001,137063,Portslade Aldridge Community Academy,0,AC,83,42.3,81,1,-0.04,-0.32,0.24,-0.05,-0.34,0.23,53.0%,32.5%,3.98,79.5%,30.1%,18.1%,48.2%,3
1,846,6006,114616,Roedean School,0,IND,NA,NA,NA,NA,NA,NA,NA,NA,NA,NA,NA,NA,NA,NA,NA,NA,NA,NA
1,846,4012,114579,Varndean School,0,CY,260,54.3,254,0,0.34,0.18,0.5,0.34,0.18,0.5,80.8%,61.2%,4.91,57.3%,34.6%,23.8%,75.4%,2
4,846,,,,,,2221,47.5,2107,22,-0.08,-0.13,-0.02,-0.09,-0.14,-0.03,68.6%,47.1%,4.23,46.5%,28.1%,18.7%,63.3%,4
5,,,,,,,605874,44.5,,,,,,,,,59.5%,39.8%,3.86,36.5%,22.8%,15.7%,55.4%
7,,,,,,,542831,46.5,513055,4888,-0.03,,,-0.03,,,64.4%,43.0%,4.06,40.0%,24.8%,17.0%,60.0%