LEA,ESTAB,URN,SCHNAME,PCODE,level5_english_p_12,level5_maths_p_12,level5_science_p_12,LAESTAB,english_rank,maths_rank,science_rank,acad_rank,ofsr
846,3328,114555,Aldrington CofE Primary School,BN3 7QD,52,41,28,8463328,11,22.5,31.5,21.66666667,Good
846,2040,114382,Balfour Primary School,BN1 6NE,53,70,45,8462040,9,1,16,8.666666667,Good
846,2080,114412,Benfield Junior School,BN41 1XS,18,20,28,8462080,41,40,31.5,37.5,Inadequate
846,2163,114485,Bevendean Primary School,BN2 4JP,33,40,28,8462163,28,25,31.5,28.16666667,Good
846,2001,131789,Carden Primary School,BN1 8LU,36,41,39,8462001,22.5,22.5,21,22,Good
846,2037,114381,Carlton Hill Primary School,BN2 9HS,29,32,16,8462037,32,31,40,34.33333333,Good
846,2044,114384,Coldean Primary School,BN1 9EN,43,30,65,8462044,17.5,33.5,4,18.33333333,Outstanding
846,2007,114365,Coombe Road Primary School,BN2 4ED,18,14,2,8462007,41,43,43,42.33333333,Satisfactory
846,3341,114567,Cottesmore St Mary's Catholic Primary School,BN3 6NB,57,57,66,8463341,6,6.5,3,5.166666667,Good
846,2009,114366,Downs Junior School,BN1 6ED,63,60,48,8462009,3.5,4,14,7.166666667,Outstanding
846,2155,114477,Elm Grove Primary School,BN2 3ES,24,27,34,8462155,35,35.5,23,31.16666667,Good
846,2165,114487,Fairlight Primary School,BN2 3AJ,16,19,19,8462165,43,42,38,41,Good
846,2065,114398,Goldstone Primary School,BN3 7JW,34,38,41,8462065,25.5,27.5,19,24,Good
846,2067,114400,Hangleton Junior School,BN3 8LF,45,49,44,8462067,14,13,17,14.66666667,Outstanding
846,2043,114383,Hertford Junior School,BN1 7FP,27,35,31,8462043,33,29,27,29.66666667,Inadequate
846,2018,114369,Middle Street Primary School,BN1 1AL,63,50,53,8462018,3.5,11,10.5,8.333333333,Good
846,2100,114430,Mile Oak Primary School,BN41 2WN,23,34,17,8462100,36.5,30,39,35.16666667,Satisfactory
846,2002,132028,Moulsecoomb Primary School,BN2 4PA,18,21,23,8462002,41,38,36.5,38.5,Satisfactory
846,3316,114544,Our Lady of Lourdes RC School,BN2 7HA,45,45,55,8463316,14,18,9,13.66666667,Good
846,2021,114372,Patcham Junior School,BN1 8TA,59,53,53,8462021,5,9,10.5,8.166666667,Good
846,2114,114443,Peter Gladwin Primary School,BN41 2PA,32,54,57,8462114,30,8,8,15.33333333,Good
846,2156,114478,Queen's Park Primary School,BN2 0BN,41,46,59,8462156,20,17,6.5,14.5,Good
846,2164,114486,Rudyard Kipling Primary School,BN2 6RH,21,42,29,8462164,38,21,29,29.33333333,Satisfactory
846,3329,114556,St Andrew's CofE (Aided) Primary School,BN3 3YT,52,50,63,8463329,11,11,5,9,Outstanding
846,3305,114538,St Bartholomew's CofE Primary School,BN1 4GP,44,44,32,8463305,16,19,26,20.33333333,Outstanding
846,3318,114546,St Bernadette's Catholic Primary School,BN1 6UT,45,58,71,8463318,14,5,2,7,Good
846,3311,114540,St John the Baptist Catholic Primary School,BN2 0AH,52,40,40,8463311,11,25,20,18.66666667,Good
846,3314,114542,St Joseph's Catholic Primary School,BN1 7BF,25,20,30,8463314,34,40,28,34,Satisfactory
846,2026,114374,St Luke's Primary School,BN2 9ZF,64,68,59,8462026,2,2.5,6.5,3.666666667,Outstanding
846,3304,114537,"St Margaret's CofE Primary School, Rottingdean",BN2 7HB,33,43,33,8463304,28,20,24.5,24.16666667,Good
846,3317,114545,St Mark's CofE Primary School,BN2 5EA,23,27,0,8463317,36.5,35.5,44,38.66666667,Good
846,3308,114539,St Martin's CofE Primary School,BN2 3LJ,36,20,28,8463308,22.5,40,31.5,31.33333333,Good
846,3313,114541,St Mary Magdalen Catholic Primary School,BN1 3EF,19,22,9,8463313,39,37,41,39,Good
846,3344,114570,St Mary's Catholic Primary School,BN41 1LB,33,30,33,8463344,28,33.5,24.5,28.66666667,Requires Improvement
846,3333,114560,St Nicolas' CofE Junior School,BN41 2LA,38,31,23,8463333,21,32,36.5,29.83333333,Requires Improvement
846,3315,114543,St Paul's CofE Primary School and Nursery,BN1 3LP,43,57,43,8463315,17.5,6.5,18,14,Outstanding
846,2157,114479,Saltdean Primary School,BN2 8HB,54,48,24,8462157,8,15,34.5,19.16666667,Good
846,2119,114446,Somerhill Junior School,BN3 1RP,34,40,24,8462119,25.5,25,34.5,28.33333333,Requires Improvement
846,2028,114376,Stanford Junior School,BN1 5PR,67,68,83,8462028,1,2.5,1,1.5,Good
846,2093,114425,West Blatchington Primary and Nursery School,BN3 8BN,30,38,38,8462093,31,27.5,22,26.83333333,Satisfactory
846,2070,114403,West Hove Junior School,BN3 5JA,35,48,48,8462070,24,15,14,17.66666667,Outstanding
846,2036,114380,Westdene Primary School,BN1 5GN,56,48,48,8462036,7,15,14,12,Outstanding
846,2006,132029,Whitehawk Primary School,BN2 5FL,15,13,4,8462006,44,44,42,43.33333333,Inadequate
846,2158,114480,Woodingdean Primary School,BN2 6BB,42,50,52,8462158,19,11,12,14,Good
