LAESTAB,School name,School postcode,URN,gcse_12,12_acad_rank,SCHNAME,12_ofsr
8464605,Cardinal Newman Catholic School,BN3 6ND,114611.0,69.0,1.0,Cardinal Newman Catholic School,Good
8464016,Dorothy Stringer High School,BN1 6PZ,114580.0,67.0,2.0,,
8464067,Blatchington Mill School and Sixth Form College,BN3 7BW,114606.0,61.0,3.5,,
8464068,Hove Park School and Sixth Form Centre,BN3 7BN,114607.0,61.0,3.5,Hove Park School and Sixth Form Centre,Satisfactory
8464072,Patcham High School,BN1 8PB,114608.0,57.0,5.0,Patcham High School,Satisfactory
8464012,Varndean School,BN1 6NP,114579.0,56.0,6.0,Varndean School,Good
8464018,Longhill High School,BN2 7FR,114581.0,45.0,7.0,Longhill High School,Good
8466905,Brighton Aldridge Community Academy,BN1 9PW,136164.0,40.0,8.0,Brighton Aldridge Community Academy,Requires Improvement
8464049,Portslade Community College,BN41 2WS,,,,,
