LEA,ESTAB,URN,SCHNAME,PCODE,level5_english_p_12,level5_maths_p_12,level5_science_p_12,LAESTAB,english_rank,maths_rank,science_rank,acad_rank,ofsr
846,3328,114555.0,Aldrington CofE Primary School,BN3 7QD,52,41,28,8463328,11.0,22.5,31.5,21.666666666666664,Good
846,2040,114382.0,Balfour Primary School,BN1 6NE,53,70,45,8462040,9.0,1.0,16.0,8.666666666666666,Good
846,2080,114412.0,Benfield Junior School,BN41 1XS,18,20,28,8462080,41.0,40.0,31.5,37.5,
846,2163,114485.0,Bevendean Primary School,BN2 4JP,33,40,28,8462163,28.0,25.0,31.5,28.166666666666668,
846,2001,131789.0,Carden Primary School,BN1 8LU,36,41,39,8462001,22.5,22.5,21.0,22.0,
846,2037,114381.0,Carlton Hill Primary School,BN2 9HS,29,32,16,8462037,32.0,31.0,40.0,34.333333333333336,Good
846,2044,114384.0,Coldean Primary School,BN1 9EN,43,30,65,8462044,17.5,33.5,4.0,18.333333333333332,Outstanding
846,2007,114365.0,Coombe Road Primary School,BN2 4ED,18,14,2,8462007,41.0,43.0,43.0,42.333333333333336,Satisfactory
846,3341,114567.0,Cottesmore St Mary's Catholic Primary School,BN3 6NB,57,57,66,8463341,6.0,6.5,3.0,5.166666666666666,Good
846,2009,114366.0,Downs Junior School,BN1 6ED,63,60,48,8462009,3.5,4.0,14.0,7.166666666666667,Outstanding
846,2155,114477.0,Elm Grove Primary School,BN2 3ES,24,27,34,8462155,35.0,35.5,23.0,31.166666666666668,Good
846,2165,114487.0,Fairlight Primary School,BN2 3AJ,16,19,19,8462165,43.0,42.0,38.0,41.0,Good
846,2065,114398.0,Goldstone Primary School,BN3 7JW,34,38,41,8462065,25.5,27.5,19.0,23.999999999999996,Good
846,2067,114400.0,Hangleton Junior School,BN3 8LF,45,49,44,8462067,14.0,13.0,17.0,14.666666666666668,
846,2043,114383.0,Hertford Junior School,BN1 7FP,27,35,31,8462043,33.0,29.0,27.0,29.666666666666664,Inadequate
846,2018,114369.0,Middle Street Primary School,BN1 1AL,63,50,53,8462018,3.5,11.0,10.5,8.333333333333332,Good
846,2100,114430.0,Mile Oak Primary School,BN41 2WN,23,34,17,8462100,36.5,30.0,39.0,35.166666666666664,Satisfactory
846,2002,132028.0,Moulsecoomb Primary School,BN2 4PA,18,21,23,8462002,41.0,38.0,36.5,38.5,Satisfactory
846,3316,114544.0,Our Lady of Lourdes RC School,BN2 7HA,45,45,55,8463316,14.0,18.0,9.0,13.666666666666668,Good
846,2021,114372.0,Patcham Junior School,BN1 8TA,59,53,53,8462021,5.0,9.0,10.5,8.166666666666668,Good
846,2114,114443.0,Peter Gladwin Primary School,BN41 2PA,32,54,57,8462114,30.0,8.0,8.0,15.333333333333332,Good
846,2156,114478.0,Queen's Park Primary School,BN2 0BN,41,46,59,8462156,20.0,17.0,6.5,14.5,Good
846,2164,114486.0,Rudyard Kipling Primary School,BN2 6RH,21,42,29,8462164,38.0,21.0,29.0,29.33333333333333,
846,3329,114556.0,St Andrew's CofE (Aided) Primary School,BN3 3YT,52,50,63,8463329,11.0,11.0,5.0,9.0,Outstanding
846,3305,114538.0,St Bartholomew's CofE Primary School,BN1 4GP,44,44,32,8463305,16.0,19.0,26.0,20.333333333333332,Outstanding
846,3318,114546.0,St Bernadette's Catholic Primary School,BN1 6UT,45,58,71,8463318,14.0,5.0,2.0,7.000000000000001,Good
846,3311,114540.0,St John the Baptist Catholic Primary School,BN2 0AH,52,40,40,8463311,11.0,25.0,20.0,18.666666666666668,Good
846,3314,114542.0,St Joseph's Catholic Primary School,BN1 7BF,25,20,30,8463314,34.0,40.0,28.0,34.0,Satisfactory
846,2026,114374.0,St Luke's Primary School,BN2 9ZF,64,68,59,8462026,2.0,2.5,6.5,3.6666666666666665,Outstanding
846,3304,114537.0,"St Margaret's CofE Primary School, Rottingdean",BN2 7HB,33,43,33,8463304,28.0,20.0,24.5,24.166666666666664,Good
846,3317,114545.0,St Mark's CofE Primary School,BN2 5EA,23,27,0,8463317,36.5,35.5,44.0,38.666666666666664,Good
846,3308,114539.0,St Martin's CofE Primary School,BN2 3LJ,36,20,28,8463308,22.5,40.0,31.5,31.333333333333336,Good
846,3313,114541.0,St Mary Magdalen Catholic Primary School,BN1 3EF,19,22,9,8463313,39.0,37.0,41.0,39.0,Good
846,3344,114570.0,St Mary's Catholic Primary School,BN41 1LB,33,30,33,8463344,28.0,33.5,24.5,28.666666666666664,Requires Improvement
846,3333,114560.0,St Nicolas' CofE Junior School,BN41 2LA,38,31,23,8463333,21.0,32.0,36.5,29.83333333333333,
846,3315,114543.0,St Paul's CofE Primary School and Nursery,BN1 3LP,43,57,43,8463315,17.5,6.5,18.0,14.0,
846,2157,114479.0,Saltdean Primary School,BN2 8HB,54,48,24,8462157,8.0,15.0,34.5,19.166666666666664,Good
846,2119,114446.0,Somerhill Junior School,BN3 1RP,34,40,24,8462119,25.5,25.0,34.5,28.333333333333336,
846,2028,114376.0,Stanford Junior School,BN1 5PR,67,68,83,8462028,1.0,2.5,1.0,1.5,Good
846,2093,114425.0,West Blatchington Primary and Nursery School,BN3 8BN,30,38,38,8462093,31.0,27.5,22.0,26.833333333333332,Satisfactory
846,2070,114403.0,West Hove Junior School,BN3 5JA,35,48,48,8462070,24.0,15.0,14.0,17.666666666666668,
846,2036,114380.0,Westdene Primary School,BN1 5GN,56,48,48,8462036,7.0,15.0,14.0,12.0,Outstanding
846,2006,132029.0,Whitehawk Primary School,BN2 5FL,15,13,4,8462006,44.0,44.0,42.0,43.33333333333333,
846,2158,114480.0,Woodingdean Primary School,BN2 6BB,42,50,52,8462158,19.0,11.0,12.0,14.0,Good
