LEA,ESTAB,URN,SCHNAME,PCODE,level5_english_p_13,level5_maths_p_13,level5_science_p_13,LAESTAB,english_rank,maths_rank,science_rank,acad_rank,ofsr
846,3328,114555.0,Aldrington CofE Primary School,BN3 7QD,45,42,32,8463328,17.5,20.0,29.0,22.166666666666664,Good
846,2040,114382.0,Balfour Primary School,BN1 6NE,84,53,47,8462040,1.0,11.0,14.0,8.666666666666668,Good
846,2080,114412.0,Benfield Primary School,BN41 1XS,37,37,34,8462080,29.0,26.0,25.0,26.666666666666664,Requires Improvement
846,2163,114485.0,Bevendean Primary School,BN2 4JP,20,38,26,8462163,37.0,24.0,32.0,31.0,
846,2001,131789.0,Carden Primary School,BN1 8LU,42,35,47,8462001,21.0,29.0,14.0,21.333333333333332,
846,2037,114381.0,Carlton Hill Primary School,BN2 9HS,50,37,40,8462037,12.0,26.0,19.0,19.0,Good
846,2044,114384.0,Coldean Primary School,BN1 9EN,15,4,19,8462044,40.5,44.0,37.0,40.5,Good
846,2007,114365.0,Coombe Road Primary School,BN2 4ED,38,31,15,8462007,27.0,33.5,38.0,32.83333333333333,Requires Improvement
846,3341,114567.0,Cottesmore St Mary's Catholic Primary School,BN3 6NB,48,72,50,8463341,14.5,1.0,11.5,9.0,Good
846,2009,114366.0,Downs Junior School,BN1 6ED,62,60,70,8462009,4.0,7.0,1.5,4.166666666666667,Outstanding
846,2155,114477.0,Elm Grove Primary School,BN2 3ES,43,51,54,8462155,20.0,12.5,7.0,13.166666666666668,Good
846,2165,114487.0,Fairlight Primary School,BN2 3AJ,25,34,22,8462165,34.0,30.5,36.0,33.5,Good
846,2065,114398.0,Goldstone Primary School,BN3 7JW,49,43,40,8462065,13.0,18.0,19.0,16.666666666666664,Good
846,2067,114400.0,Hangleton Junior School,BN3 8LF,40,48,40,8462067,23.5,15.0,19.0,19.166666666666664,
846,2043,114383.0,Hertford Junior School,BN1 7FP,33,26,26,8462043,31.0,38.0,32.0,33.666666666666664,Requires Improvement
846,2018,114369.0,Middle Street Primary School,BN1 1AL,45,39,45,8462018,17.5,23.0,17.0,19.166666666666668,Good
846,2100,114430.0,Mile Oak Primary School,BN41 2WN,26,37,10,8462100,32.0,26.0,40.0,32.666666666666664,Requires Improvement
846,2002,132028.0,Moulsecoomb Primary School,BN2 4PA,3,13,3,8462002,43.5,41.5,42.0,42.333333333333336,Good
846,3316,114544.0,Our Lady of Lourdes RC School,BN2 7HA,48,61,52,8463316,14.5,6.0,10.0,10.166666666666666,Good
846,2021,114372.0,Patcham Junior School,BN1 8TA,52,41,38,8462021,11.0,22.0,21.5,18.166666666666668,Inadequate
846,2114,114443.0,Peter Gladwin Primary School,BN41 2PA,41,47,56,8462114,22.0,16.0,6.0,14.666666666666666,Good
846,2156,114478.0,Queen's Park Primary School,BN2 0BN,63,65,28,8462156,3.0,3.0,30.0,12.0,Good
846,2164,114486.0,Rudyard Kipling Primary School,BN2 6RH,39,51,37,8462164,25.0,12.5,23.0,20.166666666666668,
846,3329,114556.0,St Andrew's CofE (Aided) Primary School,BN3 3YT,57,56,70,8463329,7.5,9.0,1.5,6.0,Outstanding
846,3305,114538.0,St Bartholomew's CofE Primary School,BN1 4GP,10,13,13,8463305,42.0,41.5,39.0,40.833333333333336,Outstanding
846,3318,114546.0,St Bernadette's Catholic Primary School,BN1 6UT,78,63,69,8463318,2.0,4.5,3.0,3.1666666666666665,Good
846,3311,114540.0,St John the Baptist Catholic Primary School,BN2 0AH,40,33,33,8463311,23.5,32.0,27.5,27.666666666666664,Good
846,3314,114542.0,St Joseph's Catholic Primary School,BN1 7BF,17,29,38,8463314,39.0,36.0,21.5,32.166666666666664,Good
846,2026,114374.0,St Luke's Primary School,BN2 9ZF,56,58,53,8462026,9.0,8.0,8.5,8.5,Outstanding
846,3304,114537.0,"St Margaret's CofE Primary School, Rottingdean",BN2 7HB,54,42,50,8463304,10.0,20.0,11.5,13.833333333333334,Good
846,3317,114545.0,St Mark's CofE Primary School,BN2 5EA,19,31,0,8463317,38.0,33.5,44.0,38.5,Requires Improvement
846,3308,114539.0,St Martin's CofE Primary School,BN2 3LJ,38,25,34,8463308,27.0,39.5,25.0,30.5,Good
846,3313,114541.0,St Mary Magdalen Catholic Primary School,BN1 3EF,22,25,25,8463313,36.0,39.5,34.5,36.666666666666664,Good
846,3344,114570.0,St Mary's Catholic Primary School,BN41 1LB,44,50,47,8463344,19.0,14.0,14.0,15.666666666666668,Requires Improvement
846,3333,114560.0,St Nicolas' CofE Primary School,BN41 2LA,25,42,2,8463333,34.0,20.0,43.0,32.333333333333336,
846,3315,114543.0,St Paul's CofE Primary School and Nursery,BN1 3LP,46,36,46,8463315,16.0,28.0,16.0,20.0,
846,2157,114479.0,Saltdean Primary School,BN2 8HB,38,44,33,8462157,27.0,17.0,27.5,23.833333333333336,Good
846,2119,114446.0,Somerhill Junior School,BN3 1RP,34,34,34,8462119,30.0,30.5,25.0,28.5,
846,2028,114376.0,Stanford Junior School,BN1 5PR,58,54,62,8462028,5.5,10.0,5.0,6.833333333333334,Good
846,2093,114425.0,West Blatchington Primary and Nursery School,BN3 8BN,15,27,25,8462093,40.5,37.0,34.5,37.333333333333336,Requires Improvement
846,2070,114403.0,West Hove Junior School,BN3 5JA,58,63,53,8462070,5.5,4.5,8.5,6.166666666666666,
846,2036,114380.0,Westdene Primary School,BN1 5GN,57,70,66,8462036,7.5,2.0,4.0,4.5,Good
846,2006,132029.0,Whitehawk Primary School,BN2 5FL,3,6,9,8462006,43.5,43.0,41.0,42.5,
846,2158,114480.0,Woodingdean Primary School,BN2 6BB,25,30,26,8462158,34.0,35.0,32.0,33.666666666666664,Good
