LAESTAB,School name,School postcode,URN,gcse_13,13_acad_rank,SCHNAME,13_ofsr
8464605,Cardinal Newman Catholic School,BN3 6ND,114611,73,1,Cardinal Newman Catholic School,Good
8464016,Dorothy Stringer High School,BN1 6PZ,114580,72,2.5,,Good
8464067,Blatchington Mill School and Sixth Form College,BN3 7BW,114606,72,2.5,,Good
8464068,Hove Park School and Sixth Form Centre,BN3 7BN,114607,65,4,Hove Park School and Sixth Form Centre,Good
8464012,Varndean School,BN1 6NP,114579,64,5,Varndean School,Good
8464072,Patcham High School,BN1 8PB,114608,55,6,Patcham High School,Good
8464018,Longhill High School,BN2 7FR,114581,50,7,Longhill High School,Requires Improvement
8466905,Brighton Aldridge Community Academy,BN1 9PW,136164,46,8,Brighton Aldridge Community Academy,Requires Improvement
8464049,Portslade Community College,BN41 2WS,137063,,,,Requires Improvement
