LAESTAB,School name,School postcode,URN,gcse_14,PTAC5EM,14_acad_rank,SCHNAME,14_ofsr
8464016,Dorothy Stringer High School,BN1 6PZ,114580.0,65%,65.0,1.0,,
8464605,Cardinal Newman Catholic School,BN3 6ND,114611.0,62%,62.0,2.0,Cardinal Newman Catholic School,Good
8464068,Hove Park School and Sixth Form Centre,BN3 7BN,114607.0,61%,61.0,3.0,Hove Park School and Sixth Form Centre,Good
8464067,Blatchington Mill School and Sixth Form College,BN3 7BW,114606.0,60%,60.0,4.0,,
8464018,Longhill High School,BN2 7FR,114581.0,50%,50.0,5.0,Longhill High School,Requires Improvement
8464012,Varndean School,BN1 6NP,114579.0,49%,49.0,6.0,Varndean School,Good
8464072,Patcham High School,BN1 8PB,114608.0,47%,47.0,7.0,Patcham High School,Good
8466905,Brighton Aldridge Community Academy,BN1 9PW,136164.0,29%,29.0,8.0,Brighton Aldridge Community Academy,Requires Improvement
8464049,Portslade Community College,BN41 2WS,,,,,,
