LEA,ESTAB,URN,SCHNAME,PCODE,level5_english_p_14,level5_maths_p_14,level5_science_p_14,LAESTAB,english_rank,maths_rank,science_rank,acad_rank,ofsr
846,3328,114555,Aldrington CofE Primary School,BN3 7QD,55,58,39,8463328,9,8,23.5,13.5,Good
846,2040,114382,Balfour Primary School,BN1 6NE,61,63,53,8462040,4.5,5,7.5,5.666666667,Good
846,2080,114412,Benfield Primary School,BN41 1XS,28,55,22,8462080,38,13.5,38.5,30,Requires Improvement
846,2163,114485,Bevendean Primary School,BN2 4JP,21,27,20,8462163,41,40,40,40.33333333,Good
846,2001,131789,Carden Primary School,BN1 8LU,36,34,43,8462001,30.5,32.5,19,27.33333333,Good
846,2037,114381,Carlton Hill Primary School,BN2 9HS,44,44,41,8462037,23.5,24,21,22.83333333,Good
846,2011,139677,City Academy Whitehawk,BN2 5FL,0,0,5,8462011,43.5,43.5,42,43,Inadequate
846,2044,114384,Coldean Primary School,BN1 9EN,34,31,48,8462044,32.5,37.5,11,27,Good
846,2007,114365,Coombe Road Primary School,BN2 4ED,46,42,29,8462007,19,26.5,33,26.16666667,Requires Improvement
846,3341,114567,Cottesmore St Mary's Catholic Primary School,BN3 6NB,45,69,38,8463341,21,2,25.5,16.16666667,Good
846,2009,114366,Downs Junior School,BN1 6ED,49,62,59,8462009,12.5,6,4.5,7.666666667,Outstanding
846,2155,114477,Elm Grove Primary School,BN2 3ES,47,34,52,8462155,16.5,32.5,9,19.33333333,Good
846,2165,114487,Fairlight Primary School,BN2 3AJ,33,33,44,8462165,34.5,34.5,15.5,28.16666667,Good
846,2065,114398,Goldstone Primary School,BN3 7JW,63,57,63,8462065,3,10,3,5.333333333,Good
846,2067,114400,Hangleton Junior School,BN3 8LF,46,46,19,8462067,19,22.5,41,27.5,Outstanding
846,2043,114383,Hertford Junior School,BN1 7FP,49,43,34,8462043,12.5,25,29,22.16666667,Requires Improvement
846,2018,114369,Middle Street Primary School,BN1 1AL,44,50,44,8462018,23.5,19,15.5,19.33333333,Good
846,2100,114430,Mile Oak Primary School,BN41 2WN,31,47,31,8462100,36,21,32,29.66666667,Good
846,2002,132028,Moulsecoomb Primary School,BN2 4PA,0,0,0,8462002,43.5,43.5,43.5,43.5,Good
846,3316,114544,Our Lady of Lourdes RC School,BN2 7HA,42,58,33,8463316,26.5,8,31,21.83333333,Good
846,2021,114372,Patcham Junior School,BN1 8TA,58,55,47,8462021,7,13.5,12,10.83333333,Inadequate
846,2114,114443,Peter Gladwin Primary School,BN41 2PA,44,41,53,8462114,23.5,28.5,7.5,19.83333333,Good
846,2156,114478,Queen's Park Primary School,BN2 0BN,48,46,35,8462156,14.5,22.5,27,21.33333333,Good
846,2164,114486,Rudyard Kipling Primary School,BN2 6RH,38,58,44,8462164,29,8,15.5,17.5,Good
846,3329,114556,St Andrew's CofE (Aided) Primary School,BN3 3YT,59,56,59,8463329,6,11.5,4.5,7.333333333,Outstanding
846,3305,114538,St Bartholomew's CofE Primary School,BN1 4GP,46,54,46,8463305,19,15,13,15.66666667,Requires Improvement
846,3318,114546,St Bernadette's Catholic Primary School,BN1 6UT,69,66,78,8463318,1,3,1,1.666666667,Good
846,3311,114540,St John the Baptist Catholic Primary School,BN2 0AH,47,40,40,8463311,16.5,30,22,22.83333333,Good
846,3314,114542,St Joseph's Catholic Primary School,BN1 7BF,30,30,25,8463314,37,39,35,37,Good
846,2026,114374,St Luke's Primary School,BN2 9ZF,53,56,51,8462026,10.5,11.5,10,10.66666667,Outstanding
846,3304,114537,"St Margaret's CofE Primary School, Rottingdean",BN2 7HB,48,52,34,8463304,14.5,16.5,29,20,Requires Improvement
846,3317,114545,St Mark's CofE Primary School,BN2 5EA,5,9,0,8463317,42,42,43.5,42.5,Requires Improvement
846,3308,114539,St Martin's CofE Primary School,BN2 3LJ,24,31,24,8463308,39,37.5,36,37.5,Good
846,3313,114541,St Mary Magdalen Catholic Primary School,BN1 3EF,41,25,22,8463313,28,41,38.5,35.83333333,Requires Improvement
846,3344,114570,St Mary's Catholic Primary School,BN41 1LB,44,50,34,8463344,23.5,19,29,23.83333333,Good
846,3333,114560,St Nicolas' CofE Primary School,BN41 2LA,23,33,23,8463333,40,34.5,37,37.16666667,Requires Improvement
846,3315,114543,St Paul's CofE Primary School and Nursery,BN1 3LP,57,50,43,8463315,8,19,19,15.33333333,Good
846,2157,114479,Saltdean Primary School,BN2 8HB,34,41,27,8462157,32.5,28.5,34,31.66666667,Good
846,2119,114446,Somerhill Junior School,BN3 1RP,42,42,38,8462119,26.5,26.5,25.5,26.16666667,Good
846,2028,114376,Stanford Junior School,BN1 5PR,53,52,39,8462028,10.5,16.5,23.5,16.83333333,Good
846,2093,114425,West Blatchington Primary and Nursery School,BN3 8BN,36,32,44,8462093,30.5,36,15.5,27.33333333,Requires Improvement
846,2070,114403,West Hove Junior School,BN3 5JA,64,65,56,8462070,2,4,6,4,Outstanding
846,2036,114380,Westdene Primary School,BN1 5GN,61,72,70,8462036,4.5,1,2,2.5,Good
846,2158,114480,Woodingdean Primary School,BN2 6BB,33,39,43,8462158,34.5,31,19,28.16666667,Good
