LAESTAB,School name,School postcode,URN,gcse_14,PTAC5EM,14_acad_rank,SCHNAME,14_ofsr
8464016,Dorothy Stringer High School,BN1 6PZ,114580,65%,65,1,,Good
8464605,Cardinal Newman Catholic School,BN3 6ND,114611,62%,62,2,Cardinal Newman Catholic School,Good
8464068,Hove Park School and Sixth Form Centre,BN3 7BN,114607,61%,61,3,Hove Park School and Sixth Form Centre,Good
8464067,Blatchington Mill School and Sixth Form College,BN3 7BW,114606,60%,60,4,,Good
8464018,Longhill High School,BN2 7FR,114581,50%,50,5,Longhill High School,Requires Improvement
8464012,Varndean School,BN1 6NP,114579,49%,49,6,Varndean School,Good
8464072,Patcham High School,BN1 8PB,114608,47%,47,7,Patcham High School,Good
8466905,Brighton Aldridge Community Academy,BN1 9PW,136164,29%,29,8,Brighton Aldridge Community Academy,Requires Improvement
8464049,Portslade Community College,BN41 2WS,137063,,,,,Requires Improvement
