LEA,ESTAB,URN,SCHNAME,PCODE,level5_english_p_14,level5_maths_p_14,level5_science_p_14,LAESTAB,english_rank,maths_rank,science_rank,acad_rank,ofsr
846,3328,114555.0,Aldrington CofE Primary School,BN3 7QD,55,58,39,8463328,9.0,8.0,23.5,13.5,Good
846,2040,114382.0,Balfour Primary School,BN1 6NE,61,63,53,8462040,4.5,5.0,7.5,5.666666666666667,Good
846,2080,114412.0,Benfield Primary School,BN41 1XS,28,55,22,8462080,38.0,13.5,38.5,30.0,Requires Improvement
846,2163,114485.0,Bevendean Primary School,BN2 4JP,21,27,20,8462163,41.0,40.0,40.0,40.333333333333336,
846,2001,131789.0,Carden Primary School,BN1 8LU,36,34,43,8462001,30.5,32.5,19.0,27.333333333333332,
846,2037,114381.0,Carlton Hill Primary School,BN2 9HS,44,44,41,8462037,23.5,24.0,21.0,22.833333333333332,Good
846,2011,139677.0,City Academy Whitehawk,BN2 5FL,0,0,5,8462011,43.5,43.5,42.0,43.0,Inadequate
846,2044,114384.0,Coldean Primary School,BN1 9EN,34,31,48,8462044,32.5,37.5,11.0,27.000000000000004,Good
846,2007,114365.0,Coombe Road Primary School,BN2 4ED,46,42,29,8462007,19.0,26.5,33.0,26.166666666666668,Requires Improvement
846,3341,114567.0,Cottesmore St Mary's Catholic Primary School,BN3 6NB,45,69,38,8463341,21.0,2.0,25.5,16.166666666666668,Good
846,2009,114366.0,Downs Junior School,BN1 6ED,49,62,59,8462009,12.5,6.0,4.5,7.666666666666667,Outstanding
846,2155,114477.0,Elm Grove Primary School,BN2 3ES,47,34,52,8462155,16.5,32.5,9.0,19.333333333333336,Good
846,2165,114487.0,Fairlight Primary School,BN2 3AJ,33,33,44,8462165,34.5,34.5,15.5,28.166666666666668,Good
846,2065,114398.0,Goldstone Primary School,BN3 7JW,63,57,63,8462065,3.0,10.0,3.0,5.333333333333334,Good
846,2067,114400.0,Hangleton Junior School,BN3 8LF,46,46,19,8462067,19.0,22.5,41.0,27.5,
846,2043,114383.0,Hertford Junior School,BN1 7FP,49,43,34,8462043,12.5,25.0,29.0,22.166666666666664,Requires Improvement
846,2018,114369.0,Middle Street Primary School,BN1 1AL,44,50,44,8462018,23.5,19.0,15.5,19.333333333333332,Good
846,2100,114430.0,Mile Oak Primary School,BN41 2WN,31,47,31,8462100,36.0,21.0,32.0,29.666666666666664,Good
846,2002,132028.0,Moulsecoomb Primary School,BN2 4PA,0,0,0,8462002,43.5,43.5,43.5,43.5,Good
846,3316,114544.0,Our Lady of Lourdes RC School,BN2 7HA,42,58,33,8463316,26.5,8.0,31.0,21.833333333333336,Good
846,2021,114372.0,Patcham Junior School,BN1 8TA,58,55,47,8462021,7.0,13.5,12.0,10.833333333333334,Inadequate
846,2114,114443.0,Peter Gladwin Primary School,BN41 2PA,44,41,53,8462114,23.5,28.5,7.5,19.833333333333332,Good
846,2156,114478.0,Queen's Park Primary School,BN2 0BN,48,46,35,8462156,14.5,22.5,27.0,21.333333333333332,Good
846,2164,114486.0,Rudyard Kipling Primary School,BN2 6RH,38,58,44,8462164,29.0,8.0,15.5,17.5,
846,3329,114556.0,St Andrew's CofE (Aided) Primary School,BN3 3YT,59,56,59,8463329,6.0,11.5,4.5,7.333333333333334,Outstanding
846,3305,114538.0,St Bartholomew's CofE Primary School,BN1 4GP,46,54,46,8463305,19.0,15.0,13.0,15.666666666666664,Requires Improvement
846,3318,114546.0,St Bernadette's Catholic Primary School,BN1 6UT,69,66,78,8463318,1.0,3.0,1.0,1.6666666666666665,Good
846,3311,114540.0,St John the Baptist Catholic Primary School,BN2 0AH,47,40,40,8463311,16.5,30.0,22.0,22.833333333333332,Good
846,3314,114542.0,St Joseph's Catholic Primary School,BN1 7BF,30,30,25,8463314,37.0,39.0,35.0,37.0,Good
846,2026,114374.0,St Luke's Primary School,BN2 9ZF,53,56,51,8462026,10.5,11.5,10.0,10.666666666666668,Outstanding
846,3304,114537.0,"St Margaret's CofE Primary School, Rottingdean",BN2 7HB,48,52,34,8463304,14.5,16.5,29.0,20.0,Requires Improvement
846,3317,114545.0,St Mark's CofE Primary School,BN2 5EA,5,9,0,8463317,42.0,42.0,43.5,42.5,Requires Improvement
846,3308,114539.0,St Martin's CofE Primary School,BN2 3LJ,24,31,24,8463308,39.0,37.5,36.0,37.5,Good
846,3313,114541.0,St Mary Magdalen Catholic Primary School,BN1 3EF,41,25,22,8463313,28.0,41.0,38.5,35.833333333333336,Requires Improvement
846,3344,114570.0,St Mary's Catholic Primary School,BN41 1LB,44,50,34,8463344,23.5,19.0,29.0,23.833333333333332,Good
846,3333,114560.0,St Nicolas' CofE Primary School,BN41 2LA,23,33,23,8463333,40.0,34.5,37.0,37.16666666666667,
846,3315,114543.0,St Paul's CofE Primary School and Nursery,BN1 3LP,57,50,43,8463315,8.0,19.0,19.0,15.333333333333332,
846,2157,114479.0,Saltdean Primary School,BN2 8HB,34,41,27,8462157,32.5,28.5,34.0,31.66666666666667,Good
846,2119,114446.0,Somerhill Junior School,BN3 1RP,42,42,38,8462119,26.5,26.5,25.5,26.166666666666668,
846,2028,114376.0,Stanford Junior School,BN1 5PR,53,52,39,8462028,10.5,16.5,23.5,16.833333333333332,Good
846,2093,114425.0,West Blatchington Primary and Nursery School,BN3 8BN,36,32,44,8462093,30.5,36.0,15.5,27.333333333333332,Requires Improvement
846,2070,114403.0,West Hove Junior School,BN3 5JA,64,65,56,8462070,2.0,4.0,6.0,4.0,
846,2036,114380.0,Westdene Primary School,BN1 5GN,61,72,70,8462036,4.5,1.0,2.0,2.5,Good
846,2158,114480.0,Woodingdean Primary School,BN2 6BB,33,39,43,8462158,34.5,31.0,19.0,28.166666666666668,Good
