LAESTAB,School name,School postcode,URN,gcse_15,SCHNAME,15_ofsr
8464605,Cardinal Newman Catholic School,BN3 6ND,114611,68,Cardinal Newman Catholic School,Requires Improvement
8464012,Varndean School,BN1 6NP,114579,58,Varndean School,Good
8464016,Dorothy Stringer School,BN1 6PZ,114580,73,Dorothy Stringer School,Good
8464018,Longhill High School,BN2 7FR,114581,50,Longhill High School,Requires Improvement
8464067,Blatchington Mill School and Sixth Form College,BN3 7BW,114606,71,,Good
8464068,Hove Park School and Sixth Form Centre,BN3 7BN,114607,62,Hove Park School and Sixth Form Centre,Good
8464001,Portslade Aldridge Community Academy,BN41 2WS,137063,63,Portslade Aldridge Community Academy,Requires Improvement
8464072,Patcham High School,BN1 8PB,114608,59,Patcham High School,Good
8466905,Brighton Aldridge Community Academy,BN1 9PW,136164,29,Brighton Aldridge Community Academy,Requires Improvement
