LEA,ESTAB,URN,SCHNAME,PCODE,level5_english_p_15,level5_maths_p_15,level5_science_p_15,LAESTAB,english_rank,maths_rank,science_rank,acad_rank,ofsr
846,3328,114555.0,Aldrington CofE Primary School,BN3 7QD,55,55,34,8463328,12.5,14.0,26.0,17.5,Good
846,2040,114382.0,Balfour Primary School,BN1 6NE,59,57,44,8462040,8.5,11.0,17.5,12.333333333333332,Good
846,2080,114412.0,Benfield Primary School,BN41 1XS,40,46,35,8462080,26.5,18.5,24.5,23.166666666666664,Requires Improvement
846,2163,114485.0,Bevendean Primary School,BN2 4JP,40,44,26,8462163,26.5,23.0,36.0,28.5,
846,2119,114446.0,Brunswick Primary School,BN3 1RP,50,47,44,8462119,16.0,16.5,17.5,16.666666666666664,Good
846,2001,131789.0,Carden Primary School,BN1 8LU,36,40,31,8462001,32.5,28.5,31.0,30.66666666666667,
846,2037,114381.0,Carlton Hill Primary School,BN2 9HS,41,38,38,8462037,24.0,32.0,22.0,25.999999999999996,Good
846,2011,139677.0,City Academy Whitehawk,BN2 5FL,17,10,13,8462011,43.0,43.0,41.5,42.5,Good
846,2044,114384.0,Coldean Primary School,BN1 9EN,39,37,26,8462044,29.0,33.5,36.0,32.83333333333333,Good
846,2007,114365.0,Coombe Road Primary School,BN2 4ED,29,45,29,8462007,37.0,21.0,32.5,30.16666666666667,Requires Improvement
846,3341,114567.0,Cottesmore St Mary's Catholic Primary School,BN3 6NB,56,65,49,8463341,11.0,3.0,11.0,8.333333333333332,Good
846,2009,114366.0,Downs Junior School,BN1 6ED,61,62,56,8462009,7.0,8.5,8.0,7.833333333333334,Outstanding
846,2155,114477.0,Elm Grove Primary School,BN2 3ES,52,46,46,8462155,14.0,18.5,15.5,16.0,Good
846,2165,114487.0,Fairlight Primary School,BN2 3AJ,26,30,19,8462165,39.0,40.0,40.0,39.66666666666667,Good
846,2065,114398.0,Goldstone Primary School,BN3 7JW,50,56,55,8462065,16.0,12.5,9.0,12.5,Good
846,2067,114400.0,Hangleton Junior School,BN3 8LF,48,39,46,8462067,19.5,30.5,15.5,21.833333333333332,
846,2043,114383.0,Hertford Junior School,BN1 7FP,59,56,47,8462043,8.5,12.5,14.0,11.666666666666668,Good
846,2070,114403.0,Hove Junior School,BN3 5JA,57,62,65,8462070,10.0,8.5,3.0,7.166666666666667,Good
846,2018,114369.0,Middle Street Primary School,BN1 1AL,55,45,26,8462018,12.5,21.0,36.0,23.166666666666668,Good
846,2100,114430.0,Mile Oak Primary School,BN41 2WN,38,31,35,8462100,30.5,39.0,24.5,31.33333333333333,Good
846,2002,132028.0,Moulsecoomb Primary School,BN2 4PA,0,0,0,8462002,44.0,44.0,44.0,44.0,Good
846,3316,114544.0,Our Lady of Lourdes RC School,BN2 7HA,47,37,50,8463316,21.0,33.5,10.0,21.499999999999996,Good
846,2021,114372.0,Patcham Junior School,BN1 8TA,66,63,60,8462021,3.0,6.0,6.0,5.0,Good
846,2114,114443.0,Peter Gladwin Primary School,BN41 2PA,63,63,40,8462114,5.5,6.0,21.0,10.833333333333332,Good
846,2156,114478.0,Queen's Park Primary School,BN2 0BN,40,42,33,8462156,26.5,26.0,27.5,26.666666666666664,Good
846,2164,114486.0,Rudyard Kipling Primary School,BN2 6RH,35,40,42,8462164,34.0,28.5,20.0,27.500000000000004,
846,3329,114556.0,St Andrew's CofE (Aided) Primary School,BN3 3YT,63,64,67,8463329,5.5,4.0,2.0,3.833333333333333,Good
846,3305,114538.0,St Bartholomew's CofE Primary School,BN1 4GP,42,42,23,8463305,22.5,26.0,38.0,28.83333333333333,Requires Improvement
846,3318,114546.0,St Bernadette's Catholic Primary School,BN1 6UT,75,72,59,8463318,2.0,1.0,7.0,3.3333333333333335,Good
846,3311,114540.0,St John the Baptist Catholic Primary School,BN2 0AH,50,43,33,8463311,16.0,24.0,27.5,22.5,Good
846,3314,114542.0,St Joseph's Catholic Primary School,BN1 7BF,24,35,29,8463314,42.0,37.0,32.5,37.16666666666667,Good
846,2026,114374.0,St Luke's Primary School,BN2 9ZF,64,61,63,8462026,4.0,10.0,4.0,6.0,Outstanding
846,3304,114537.0,"St Margaret's CofE Primary School, Rottingdean",BN2 7HB,42,45,48,8463304,22.5,21.0,12.5,18.666666666666668,Requires Improvement
846,3317,114545.0,St Mark's CofE Primary School,BN2 5EA,26,16,5,8463317,39.0,42.0,43.0,41.333333333333336,Good
846,3308,114539.0,St Martin's CofE Primary School,BN2 3LJ,40,36,28,8463308,26.5,35.5,34.0,32.0,Requires Improvement
846,3313,114541.0,St Mary Magdalen Catholic Primary School,BN1 3EF,26,29,13,8463313,39.0,41.0,41.5,40.5,Requires Improvement
846,3344,114570.0,St Mary's Catholic Primary School,BN41 1LB,31,63,22,8463344,36.0,6.0,39.0,27.0,Good
846,3333,114560.0,St Nicolas' CofE Primary School,BN41 2LA,48,33,61,8463333,19.5,38.0,5.0,20.833333333333332,
846,3315,114543.0,St Paul's CofE Primary School and Nursery,BN1 3LP,36,39,32,8463315,32.5,30.5,29.5,30.833333333333336,
846,2157,114479.0,Saltdean Primary School,BN2 8HB,33,42,32,8462157,35.0,26.0,29.5,30.166666666666664,Good
846,2028,114376.0,Stanford Junior School,BN1 5PR,49,48,48,8462028,18.0,15.0,12.5,15.166666666666668,Good
846,2093,114425.0,West Blatchington Primary and Nursery School,BN3 8BN,38,36,36,8462093,30.5,35.5,23.0,29.666666666666668,Good
846,2036,114380.0,Westdene Primary School,BN1 5GN,76,68,75,8462036,1.0,2.0,1.0,1.3333333333333333,Good
846,2158,114480.0,Woodingdean Primary School,BN2 6BB,25,47,43,8462158,41.0,16.5,19.0,25.499999999999996,Good
