LEA,ESTAB,URN,SCHNAME,PCODE,exp_wrm_p_18,exp_sci_p_18,LAESTAB,wrm_rank,science_rank,acad_rank,ofsr
846,2036,114380,Westdene Primary School,BN1 5GN,70,96,8462036,22,7,18.25,Good
846,2070,114403,Hove Junior School,BN3 5JA,75,89,8462070,14,16.5,14.625,Good
846,2093,114425,West Blatchington Primary and Nursery School,BN3 8BN,48,69,8462093,43.5,41.5,43,Good
846,2011,139677,City Academy Whitehawk,BN2 5FL,48,69,8462011,43.5,41.5,43,Good
846,2114,114443,Peter Gladwin Primary School,BN41 2PA,74,81,8462114,16,31,19.75,Good
846,2040,114382,Balfour Primary School,BN1 6NE,80,95,8462040,7.5,9,7.875,Requires Improvement
846,2044,114384,Coldean Primary School,BN1 9EN,62,76,8462044,30,36.5,31.625,Good
846,3341,114567,Cottesmore St Mary's Catholic Primary School,BN3 6NB,76,94,8463341,12,10,11.5,Good
846,2018,114369,Middle Street Primary School,BN1 1AL,66,83,8462018,27,27.5,27.125,Good
846,2081,114413,Brackenbury Primary School,BN41 2LA,57,64,8462081,34,43,36.25,Requires Improvement
846,3333,114560,St Nicolas' CofE Primary School,BN41 2LA,79,85,8463333,9,24,12.75,Good
846,3313,114541,St Mary Magdalen Catholic Primary School,BN1 3EF,41,55,8463313,45,45.5,45.125,Good
846,2001,131789,Carden Nursery and Primary School,BN1 8LU,49,98,8462001,42,2.5,32.125,Good
846,2037,114381,Carlton Hill Primary School,BN2 9HS,86,86,8462037,3.5,21.5,8,Good
846,2028,114376,Stanford Junior School,BN1 5PR,86,91,8462028,3.5,13,5.875,Good
846,2163,114485,Bevendean Primary School,BN2 4JP,75,77,8462163,14,35,19.25,Good
846,3317,114545,St Mark's CofE Primary School,BN2 5EA,19,55,8463317,46,45.5,45.875,Good
846,3304,114537,"St Margaret's CofE Primary School, Rottingdean",BN2 7HB,50,63,8463304,40.5,44,41.375,Good
846,2007,114365,Coombe Road Primary School,BN2 4BP,75,78,8462007,14,33,18.75,Good
846,2009,114366,Downs Junior School,BN1 6ED,78,97,8462009,10.5,4.5,9,Outstanding
846,2066,114399,Hangleton Primary School,BN3 8LF,61,84,8462066,31,25.5,29.625,Good
846,2157,114479,Saltdean Primary School,BN2 8HB,69,82,8462157,24,29.5,25.375,Good
846,2164,114486,Rudyard Kipling Primary School & Nursery,BN2 6RH,65,84,8462164,29,25.5,28.125,Good
846,3329,114556,St Andrew's CofE (Aided) Primary School,BN3 3YT,66,89,8463329,27,16.5,24.375,Good
846,2080,114412,Benfield Primary School,BN41 1XS,60,73,8462080,32.5,39,34.125,Good
846,3318,114546,St Bernadette's Catholic Primary School,BN1 6UT,81,90,8463318,6,15,8.25,Good
846,2158,114480,Woodingdean Primary School,BN2 6BB,55,83,8462158,37,27.5,34.625,Good
846,2065,114398,Goldstone Primary School,BN3 7JW,66,87,8462065,27,18.5,24.875,Good
846,2079,114411,St Peter's Community Primary School,BN41 1LS,73,86,8462079,18,21.5,18.875,Good
846,2119,114446,Brunswick Primary School,BN3 1RP,80,91,8462119,7.5,13,8.875,Good
846,3328,114555,Aldrington CofE Primary School,BN3 7QD,73,91,8463328,18,13,16.75,Good
846,2002,132028,Moulsecoomb Primary School,BN2 4PA,13,42,8462002,47,47,47,Requires Improvement
846,2100,114430,Mile Oak Primary School,BN41 2WN,52,78,8462100,39,33,37.5,Requires Improvement
846,2043,114383,Hertford Junior School,BN1 7FP,56,73,8462043,35.5,39,36.375,Good
846,3316,114544,Our Lady of Lourdes RC School,BN2 7HA,78,78,8463316,10.5,33,16.125,Good
846,3305,114538,St Bartholomew's CofE Primary School,BN1 4GP,50,73,8463305,40.5,39,40.125,Good
846,2155,114477,Elm Grove Primary School,BN2 3ES,69,86,8462155,24,21.5,23.375,Good
846,2165,114487,Fairlight Primary School,BN2 3AJ,56,82,8462165,35.5,29.5,34,Good
846,3311,114540,St John the Baptist Catholic Primary School,BN2 0AH,69,97,8463311,24,4.5,19.125,Good
846,2026,114374,St Luke's Primary School,BN2 9ZF,71,87,8462026,21,18.5,20.375,Outstanding
846,3314,114542,St Joseph's Catholic Primary School,BN1 7BF,73,86,8463314,18,21.5,18.875,Good
846,3344,114570,St Mary's Catholic Primary School,BN41 1LB,72,93,8463344,20,11,17.75,Good
846,2021,114372,Patcham Junior School,BN1 8TA,85,96,8462021,5,7,5.5,Good
846,2156,114478,Queen's Park Primary School,BN2 0BN,54,98,8462156,38,2.5,29.125,Good
846,3308,114539,St Martin's CofE Primary School,BN2 3LJ,60,76,8463308,32.5,36.5,33.5,Good
846,2008,138261,Bilingual Primary School - Brighton & Hove,BN3 7QA,87,100,8462008,2,1,1.75,Good
846,3315,114543,St Paul's CofE Primary School and Nursery,BN1 3LP,89,96,8463315,1,7,2.5,Good
