LA,URN,LONDON/NON-LONDON,MEDIAN,PUPILS,FSM,FSMBAND,GRANTFUNDING,SELFGENERATEDINCOME,TOTALINCOME,TEACHINGSTAFF,SUPPLYTEACHERS,EDUCATIONSUPPORTSTAFF,PREMISES,BACKOFFICE,CATERING,OTHERSTAFF,ENERGY,LEARNINGRESOURCES,ICT,BOUGHTINPROFESSIONALSERVICES,OTHER,TOTALEXPENDITURE,T1112CAT1,T1112CAT2,T1112CAT3,T1112CAT4,T1112CAT5,T1112CAT1LA,T1112CAT2LA,T1112CAT3LA,T1112CAT4LA,T1112CAT5LA,T1213CAT1,T1213CAT2,T1213CAT3,T1213CAT4,T1213CAT5,T1213CAT1LA,T1213CAT2LA,T1213CAT3LA,T1213CAT4LA,T1213CAT5LA,T1314CAT1,T1314CAT2,T1314CAT3,T1314CAT4,T1314CAT5,T1314CAT1LA,T1314CAT2LA,T1314CAT3LA,T1314CAT4LA,T1314CAT5LA,T1415CAT1,T1415CAT2,T1415CAT3,T1415CAT4,T1415CAT5,T1415CAT1LA,T1415CAT2LA,T1415CAT3LA,T1415CAT4LA,T1415CAT5LA,T1516CAT1,T1516CAT2,T1516CAT3,T1516CAT4,T1516CAT5,T1516CAT1LA,T1516CAT2LA,T1516CAT3LA,T1516CAT4LA,T1516CAT5LA,DCAT1,DCAT2,DCAT3,DCAT4,DCAT5,PGRANTFUNDING,PSELFGENERATEDINCOME,PTEACHINGSTAFF,PSUPPLYTEACHERS,PEDUCATIONSUPPORTSTAFF,PPREMISES,PBACKOFFICE,PCATERING,POTHERSTAFF,PENERGY,PLEARNINGRESOURCES,PICT,PBOUGHTINPROFESSIONALSERVICES,POTHER,PT1112CAT1,PT1112CAT2,PT1112CAT3,PT1112CAT4,PT1112CAT5,PT1112CAT1LA,PT1112CAT2LA,PT1112CAT3LA,PT1112CAT4LA,PT1112CAT5LA,PT1213CAT1,PT1213CAT2,PT1213CAT3,PT1213CAT4,PT1213CAT5,PT1213CAT1LA,PT1213CAT2LA,PT1213CAT3LA,PT1213CAT4LA,PT1213CAT5LA,PT1314CAT1,PT1314CAT2,PT1314CAT3,PT1314CAT4,PT1314CAT5,PT1314CAT1LA,PT1314CAT2LA,PT1314CAT3LA,PT1314CAT4LA,PT1314CAT5LA,PT1415CAT1,PT1415CAT2,PT1415CAT3,PT1415CAT4,PT1415CAT5,PT1415CAT1LA,PT1415CAT2LA,PT1415CAT3LA,PT1415CAT4LA,PT1415CAT5LA,PT1516CAT1,PT1516CAT2,PT1516CAT3,PT1516CAT4,PT1516CAT5,PT1516CAT1LA,PT1516CAT2LA,PT1516CAT3LA,PT1516CAT4LA,PT1516CAT5LA,PDCAT1,PDCAT2,PDCAT3,PDCAT4,PDCAT5
846,114350,Non-London,Nursery,45,0,Low,"7,883",1,"7,884","3,445",49,"2,172","1,468",864,66,209,84,51,3,163,545,"9,120",NA,NA,NA,NA,NA,NA,NA,NA,NA,NA,NA,NA,NA,NA,NA,NA,NA,NA,NA,NA,NA,NA,NA,NA,NA,NA,NA,NA,NA,NA,"5,097",66,759,83,"7,111","5,032",244,343,68,"7,195","5,617",49,864,84,"9,120","5,109",194,774,67,"7,906",NA,NA,NA,NA,NA,100%,0%,38%,1%,24%,16%,9%,1%,2%,1%,1%,0%,2%,6%,NA,NA,NA,NA,NA,NA,NA,NA,NA,NA,NA,NA,NA,NA,NA,NA,NA,NA,NA,NA,NA,NA,NA,NA,NA,NA,NA,NA,NA,NA,72%,1%,11%,1%,100%,NA,NA,NA,NA,NA,62%,1%,1%,1%,100%,NA,NA,NA,NA,NA,NA,NA,NA,NA,NA
846,114351,Non-London,Nursery,54.5,0,Low,"6,186",386,"6,572","2,860",339,"1,740",328,684,0,79,49,40,0,146,428,"6,692",NA,NA,NA,NA,NA,NA,NA,NA,NA,NA,NA,NA,NA,NA,NA,NA,NA,NA,NA,NA,NA,NA,NA,NA,NA,NA,NA,NA,NA,NA,"4,966",421,787,52,"7,279","5,032",244,343,68,"7,195","4,600",339,684,49,"6,692","5,109",194,774,67,"7,906",NA,NA,NA,NA,NA,94%,6%,43%,5%,26%,5%,10%,0%,1%,1%,1%,0%,2%,6%,NA,NA,NA,NA,NA,NA,NA,NA,NA,NA,NA,NA,NA,NA,NA,NA,NA,NA,NA,NA,NA,NA,NA,NA,NA,NA,NA,NA,NA,NA,68%,6%,11%,1%,100%,NA,NA,NA,NA,NA,69%,5%,0%,1%,100%,NA,NA,NA,NA,NA,NA,NA,NA,NA,NA
846,137750,Non-London,Pupil Referral Unit,36,55.6,High,"14,966",51,"15,017","5,793",351,"3,667",723,"2,869",91,369,103,774,59,396,195,"15,391",NA,NA,NA,NA,NA,NA,NA,NA,NA,NA,NA,NA,NA,NA,NA,NA,NA,NA,NA,NA,NA,NA,NA,NA,NA,NA,NA,NA,NA,NA,SUPP,102,"2,596",94,"15,724","13,946",505,982,201,"20,537","9,460",351,"2,869",103,"15,391","12,870",771,"2,513",188,"19,314",NA,NA,NA,NA,NA,100%,0%,38%,2%,24%,5%,19%,1%,2%,1%,5%,0%,3%,1%,NA,NA,NA,NA,NA,NA,NA,NA,NA,NA,NA,NA,NA,NA,NA,NA,NA,NA,NA,NA,NA,NA,NA,NA,NA,NA,NA,NA,NA,NA,SUPP,1%,17%,1%,100%,NA,NA,NA,NA,NA,62%,2%,1%,5%,100%,NA,NA,NA,NA,NA,NA,NA,NA,NA,NA
846,138565,Non-London,Pupil Referral Unit,45,46.7,High,"23,449",0,"23,449","11,621","1,190","4,658","1,539","2,157",161,360,272,897,7,343,30,"23,236",NA,NA,NA,NA,NA,NA,NA,NA,NA,NA,NA,NA,NA,NA,NA,NA,NA,NA,NA,NA,NA,NA,NA,NA,NA,NA,NA,NA,NA,NA,"18,120",907,"2,505",308,"25,349","13,946",505,982,201,"20,537","16,279","1,190","2,157",272,"23,236","12,870",771,"2,513",188,"19,314",NA,NA,NA,NA,NA,100%,0%,50%,5%,20%,7%,9%,1%,2%,1%,4%,0%,1%,0%,NA,NA,NA,NA,NA,NA,NA,NA,NA,NA,NA,NA,NA,NA,NA,NA,NA,NA,NA,NA,NA,NA,NA,NA,NA,NA,NA,NA,NA,NA,71%,4%,10%,1%,100%,NA,NA,NA,NA,NA,70%,5%,1%,4%,100%,NA,NA,NA,NA,NA,NA,NA,NA,NA,NA
846,131789,Non-London,Primary,386,20.1,Medium,"5,131",110,"5,241","2,664",164,"1,196",380,418,78,164,80,159,1,121,64,"5,487",3424,175,268,121,4827,3155,223,311,54,4689,3655,215,281,122,5106,3280,278,315,59,5008,3562,504,278,114,5329,3516,228,344,70,5329,"3,593",350,338,100,"5,679","2,540",164,263,48,"3,929","3,860",164,418,80,"5,487","3,764",244,369,71,"5,414",436,-11,150,-41,660,98%,2%,49%,3%,22%,7%,8%,1%,3%,1%,3%,0%,2%,1%,71%,4%,6%,3%,100%,NA,NA,NA,NA,NA,72%,4%,5%,2%,100%,NA,NA,NA,NA,NA,67%,9%,5%,2%,100%,NA,NA,NA,NA,NA,63%,6%,6%,2%,100%,NA,NA,NA,NA,NA,71%,3%,1%,3%,100%,NA,NA,NA,NA,NA,0%,-1%,-5%,0%,0%
846,132028,Non-London,Primary,300.5,38.9,High,"7,010",275,"7,285","3,210",531,"1,347",498,732,142,148,79,181,205,89,85,"7,247",4713,194,511,113,6859,3448,221,349,78,5471,5193,293,611,111,7383,3574,231,433,72,5486,4700,192,694,91,6808,3690,192,330,91,5181,"4,617",283,637,77,"6,847","4,520",283,422,88,"6,847","4,557",531,732,79,"7,247","4,622",422,695,73,"7,131",-156,337,221,-34,388,96%,4%,44%,7%,19%,7%,10%,2%,2%,1%,2%,3%,1%,1%,69%,3%,7%,2%,100%,NA,NA,NA,NA,NA,70%,4%,8%,2%,100%,NA,NA,NA,NA,NA,69%,3%,10%,1%,100%,NA,NA,NA,NA,NA,67%,4%,9%,1%,100%,NA,NA,NA,NA,NA,63%,7%,2%,2%,100%,NA,NA,NA,NA,NA,-6%,4%,-5%,0%,0%
846,114365,Non-London,Primary,230,33,Medium,"6,457",132,"6,589","2,796",416,"1,637",582,369,161,131,73,264,123,83,76,"6,712",3294,235,223,47,4670,3155,223,311,54,4689,3582,249,232,62,5158,3574,231,433,72,5486,3690,196,243,68,5135,3690,192,330,91,5181,"4,190",338,281,68,"6,086","3,607",246,377,70,"5,402","4,433",416,369,73,"6,712","3,764",244,369,71,"5,414",1139,181,146,26,2042,98%,2%,42%,6%,24%,9%,5%,2%,2%,1%,4%,2%,1%,1%,71%,5%,5%,1%,100%,NA,NA,NA,NA,NA,69%,5%,4%,1%,100%,NA,NA,NA,NA,NA,72%,4%,5%,1%,100%,NA,NA,NA,NA,NA,69%,6%,5%,1%,100%,NA,NA,NA,NA,NA,66%,6%,2%,4%,100%,NA,NA,NA,NA,NA,-5%,1%,-3%,3%,0%
846,114366,Non-London,Primary,511,8.2,Low,"3,633",206,"3,839","1,910",132,635,284,260,50,133,47,276,23,38,59,"3,847",2205,134,230,56,3427,2403,134,263,48,3559,2256,122,232,66,3567,2549,136,267,56,3732,2237,138,253,63,3654,2501,158,281,53,3797,"2,358",156,259,53,"3,713","2,540",164,263,48,"3,929","2,545",132,260,47,"3,847","2,646",162,289,46,"4,000",340,-2,30,-9,420,95%,5%,50%,3%,17%,7%,7%,1%,3%,1%,7%,1%,1%,2%,64%,4%,7%,2%,100%,NA,NA,NA,NA,NA,63%,3%,6%,2%,100%,NA,NA,NA,NA,NA,61%,4%,7%,2%,100%,NA,NA,NA,NA,NA,64%,4%,7%,1%,100%,NA,NA,NA,NA,NA,67%,3%,1%,7%,100%,NA,NA,NA,NA,NA,3%,-1%,-6%,5%,0%
846,114367,Non-London,Primary,357,7,Low,"3,784",98,"3,882",SUPP,180,SUPP,250,218,51,131,33,147,54,81,55,"3,883",2468,102,196,39,3386,2403,134,263,48,3559,2520,92,195,33,3406,2549,136,267,56,3732,2458,137,202,43,3469,2501,158,281,53,3797,"2,526",152,221,36,"3,563","2,540",164,263,48,"3,929",SUPP,180,218,33,"3,883","2,646",162,289,46,"4,000",SUPP,78,22,-6,497,97%,3%,52%,5%,17%,6%,6%,1%,3%,1%,4%,1%,2%,1%,73%,3%,6%,1%,100%,NA,NA,NA,NA,NA,74%,3%,6%,1%,100%,NA,NA,NA,NA,NA,SUPP,4%,6%,1%,100%,NA,NA,NA,NA,NA,71%,4%,6%,1%,100%,NA,NA,NA,NA,NA,SUPP,5%,1%,4%,100%,NA,NA,NA,NA,NA,SUPP,2%,-5%,3%,0%
846,114368,Non-London,Primary,188.5,20.9,Medium,"5,298",14,"5,312","2,234",360,"1,309",448,450,80,100,43,217,7,106,60,"5,414",3209,318,395,24,4700,3155,223,311,54,4689,3236,348,380,56,4805,3280,278,315,59,5008,3441,366,425,59,5131,2501,158,281,53,3797,"3,352",314,416,44,"5,026","3,607",246,377,70,"5,402","3,543",360,450,43,"5,414","3,764",244,369,71,"5,414",334,42,55,19,714,100%,0%,41%,7%,24%,8%,8%,1%,2%,1%,4%,0%,2%,1%,68%,7%,8%,1%,100%,NA,NA,NA,NA,NA,67%,7%,8%,1%,100%,NA,NA,NA,NA,NA,67%,7%,8%,1%,100%,NA,NA,NA,NA,NA,67%,6%,8%,1%,100%,NA,NA,NA,NA,NA,65%,7%,1%,4%,100%,NA,NA,NA,NA,NA,-3%,0%,-7%,3%,0%
846,114369,Non-London,Primary,233.5,13.7,Low,"5,399",379,"5,778","2,541",61,"1,026",213,367,65,53,46,319,15,127,"1,300","6,133",3191,257,481,45,4859,3155,223,311,54,4689,3021,558,566,51,4931,2549,136,267,56,3732,3500,99,367,59,5200,2501,158,281,53,3797,"3,380",155,369,55,"5,517","2,540",164,263,48,"3,929","3,567",61,367,46,"6,133","2,646",162,289,46,"4,000",376,-196,-114,1,1274,93%,7%,41%,1%,17%,3%,6%,1%,1%,1%,5%,0%,2%,21%,66%,5%,10%,1%,100%,NA,NA,NA,NA,NA,61%,11%,11%,1%,100%,NA,NA,NA,NA,NA,67%,2%,7%,1%,100%,NA,NA,NA,NA,NA,61%,3%,7%,1%,100%,NA,NA,NA,NA,NA,58%,1%,1%,5%,100%,NA,NA,NA,NA,NA,-8%,-4%,-9%,4%,0%
846,114372,Non-London,Primary,376,6.6,Low,"3,482",312,"3,794","1,869",277,681,231,286,27,52,31,227,14,52,105,"3,852",2363,134,346,28,3397,2403,134,263,48,3559,2432,122,247,34,3315,2549,136,267,56,3732,2464,159,257,36,3486,2501,158,281,53,3797,"2,540",287,241,33,"3,744","2,540",164,263,48,"3,929","2,550",277,286,31,"3,852","2,646",162,289,46,"4,000",187,143,-60,3,455,92%,8%,49%,7%,18%,6%,7%,1%,1%,1%,6%,0%,1%,3%,70%,4%,10%,1%,100%,NA,NA,NA,NA,NA,73%,4%,7%,1%,100%,NA,NA,NA,NA,NA,71%,5%,7%,1%,100%,NA,NA,NA,NA,NA,68%,8%,6%,1%,100%,NA,NA,NA,NA,NA,67%,7%,1%,6%,100%,NA,NA,NA,NA,NA,-3%,3%,-9%,5%,0%
846,114373,Non-London,Primary,290.5,5.6,Low,"3,842",174,"4,016","1,812",153,847,356,320,37,90,50,116,48,58,84,"3,970",2392,190,251,52,3365,2403,134,263,48,3559,2394,234,249,59,3488,2549,136,267,56,3732,2486,172,289,62,3605,2501,158,281,53,3797,"2,632",124,290,56,"3,701","2,540",164,263,48,"3,929","2,659",153,320,50,"3,970","2,646",162,289,46,"4,000",267,-37,69,-2,605,96%,4%,46%,4%,21%,9%,8%,1%,2%,1%,3%,1%,1%,2%,71%,6%,7%,2%,100%,NA,NA,NA,NA,NA,69%,7%,7%,2%,100%,NA,NA,NA,NA,NA,69%,5%,8%,2%,100%,NA,NA,NA,NA,NA,71%,3%,8%,2%,100%,NA,NA,NA,NA,NA,67%,4%,1%,3%,100%,NA,NA,NA,NA,NA,-4%,-2%,-6%,1%,0%
846,114374,Non-London,Primary,625,10.4,Low,"3,781",189,"3,970","2,142",167,768,280,221,51,73,38,185,11,28,54,"4,018",2541,116,224,52,3800,2403,134,263,48,3559,2634,155,215,67,3768,2549,136,267,56,3732,2795,119,219,53,3830,2501,158,281,53,3797,"2,894",141,228,46,"4,084","2,540",164,263,48,"3,929","2,910",167,221,38,"4,018","2,646",162,289,46,"4,000",369,51,-3,-14,218,95%,5%,53%,4%,19%,7%,6%,1%,2%,1%,5%,0%,1%,1%,67%,3%,6%,1%,100%,NA,NA,NA,NA,NA,70%,4%,6%,2%,100%,NA,NA,NA,NA,NA,73%,3%,6%,1%,100%,NA,NA,NA,NA,NA,71%,3%,6%,1%,100%,NA,NA,NA,NA,NA,72%,4%,1%,5%,100%,NA,NA,NA,NA,NA,5%,1%,-5%,4%,0%
846,114376,Non-London,Primary,360,5.8,Low,"3,636",97,"3,732","2,005",124,438,425,287,44,128,44,220,10,68,48,"3,841",2149,121,235,43,3115,2403,134,263,48,3559,2215,117,228,41,3213,2549,136,267,56,3732,2236,74,235,49,3260,2501,158,281,53,3797,"2,212",97,257,43,"3,298","2,540",164,263,48,"3,929","2,443",124,287,44,"3,841","2,646",162,289,46,"4,000",294,3,52,1,726,97%,3%,52%,3%,11%,11%,7%,1%,3%,1%,6%,0%,2%,1%,69%,4%,8%,1%,100%,NA,NA,NA,NA,NA,69%,4%,7%,1%,100%,NA,NA,NA,NA,NA,69%,2%,7%,1%,100%,NA,NA,NA,NA,NA,67%,3%,8%,1%,100%,NA,NA,NA,NA,NA,63%,3%,1%,6%,100%,NA,NA,NA,NA,NA,-6%,-1%,-7%,5%,0%
846,114377,Non-London,Primary,266,5.6,Low,"3,699",184,"3,883",SUPP,93,SUPP,194,271,44,193,38,172,55,100,57,"3,922",2319,121,224,42,3282,2403,134,263,48,3559,2360,79,242,29,3323,2549,136,267,56,3732,2333,90,280,40,3463,2501,158,281,53,3797,"2,481",130,264,38,"3,709","2,540",164,263,48,"3,929",SUPP,93,271,38,"3,922","2,646",162,289,46,"4,000",SUPP,-28,47,-4,640,95%,5%,53%,2%,16%,5%,7%,1%,5%,1%,4%,1%,3%,1%,71%,4%,7%,1%,100%,NA,NA,NA,NA,NA,71%,2%,7%,1%,100%,NA,NA,NA,NA,NA,67%,3%,8%,1%,100%,NA,NA,NA,NA,NA,67%,4%,7%,1%,100%,NA,NA,NA,NA,NA,SUPP,2%,1%,4%,100%,NA,NA,NA,NA,NA,SUPP,-2%,-6%,3%,0%
846,114380,Non-London,Primary,671,6.4,Low,"3,238",552,"3,790","1,803",267,739,173,335,57,121,53,166,37,27,36,"3,814",2321,193,272,23,3388,2403,134,263,48,3559,2414,182,338,61,3723,2549,136,267,56,3732,2491,198,309,52,3699,2501,158,281,53,3797,"2,472",236,307,47,"3,750","2,540",164,263,48,"3,929","2,542",267,335,53,"3,814","2,646",162,289,46,"4,000",221,74,63,30,426,85%,15%,47%,7%,19%,5%,9%,1%,3%,1%,4%,1%,1%,1%,69%,6%,8%,1%,100%,NA,NA,NA,NA,NA,65%,5%,9%,2%,100%,NA,NA,NA,NA,NA,67%,5%,8%,1%,100%,NA,NA,NA,NA,NA,66%,6%,8%,1%,100%,NA,NA,NA,NA,NA,66%,7%,1%,4%,100%,NA,NA,NA,NA,NA,-3%,1%,-7%,3%,0%
846,114381,Non-London,Primary,215,26.5,Medium,"5,355",138,"5,493","2,421",252,966,482,453,107,132,41,170,57,298,119,"5,498",3120,356,430,55,5076,3155,223,311,54,4689,3471,416,458,46,5514,3280,278,315,59,5008,3516,286,470,49,5502,3516,228,344,70,5329,"3,360",265,460,49,"5,386","3,607",246,377,70,"5,402","3,387",252,453,41,"5,498","3,764",244,369,71,"5,414",267,-104,23,-14,422,97%,3%,44%,5%,18%,9%,8%,2%,2%,1%,3%,1%,5%,2%,61%,7%,8%,1%,100%,NA,NA,NA,NA,NA,63%,8%,8%,1%,100%,NA,NA,NA,NA,NA,64%,5%,9%,1%,100%,NA,NA,NA,NA,NA,62%,5%,9%,1%,100%,NA,NA,NA,NA,NA,62%,5%,2%,3%,100%,NA,NA,NA,NA,NA,1%,-2%,-6%,2%,0%
846,114382,Non-London,Primary,870,5.1,Low,"3,137",157,"3,294","1,709",163,526,243,190,37,105,45,214,32,39,64,"3,367",NA,NA,NA,NA,NA,NA,NA,NA,NA,NA,2178,106,155,51,3187,2549,136,267,56,3732,2251,112,156,9,3187,2501,158,281,53,3797,"2,196",187,171,45,"3,266","2,540",164,263,48,"3,929","2,235",163,190,45,"3,367","2,646",162,289,46,"4,000",NA,NA,NA,NA,NA,95%,5%,51%,5%,16%,7%,6%,1%,3%,1%,6%,1%,1%,2%,NA,NA,NA,NA,NA,NA,NA,NA,NA,NA,68%,3%,5%,2%,100%,NA,NA,NA,NA,NA,71%,4%,5%,0%,100%,NA,NA,NA,NA,NA,67%,6%,5%,1%,100%,NA,NA,NA,NA,NA,67%,5%,1%,6%,100%,NA,NA,NA,NA,NA,NA,NA,NA,NA,NA
846,114383,Non-London,Primary,180,27.2,Medium,"4,857",151,"5,008","2,957",133,907,328,295,94,90,71,219,0,82,49,"5,225",4102,198,360,78,5854,3155,223,311,54,4689,4209,326,351,95,6075,3280,278,315,59,5008,3916,248,344,93,5523,3516,228,344,70,5329,"3,899",143,313,100,"5,263","3,607",246,377,70,"5,402","3,864",133,295,71,"5,225","3,764",244,369,71,"5,414",-238,-65,-65,-7,-629,97%,3%,57%,3%,17%,6%,6%,2%,2%,1%,4%,0%,2%,1%,70%,3%,6%,1%,100%,NA,NA,NA,NA,NA,69%,5%,6%,2%,100%,NA,NA,NA,NA,NA,71%,4%,6%,2%,100%,NA,NA,NA,NA,NA,74%,3%,6%,2%,100%,NA,NA,NA,NA,NA,74%,3%,2%,4%,100%,NA,NA,NA,NA,NA,4%,0%,-4%,3%,0%
846,114384,Non-London,Primary,371,21.2,Medium,"5,047",154,"5,200","2,414",290,"1,364",235,278,88,101,80,242,0,41,47,"5,182",3282,161,305,92,4658,3155,223,311,54,4689,3574,236,274,125,4971,3280,278,315,59,5008,3548,193,333,111,4906,3516,228,344,70,5329,"3,623",188,339,91,"5,132","3,607",246,377,70,"5,402","3,778",290,278,80,"5,182","3,764",244,369,71,"5,414",496,129,-27,-12,524,97%,3%,47%,6%,26%,5%,5%,2%,2%,2%,5%,0%,1%,1%,70%,3%,7%,2%,100%,NA,NA,NA,NA,NA,72%,5%,6%,3%,100%,NA,NA,NA,NA,NA,72%,4%,7%,2%,100%,NA,NA,NA,NA,NA,71%,4%,7%,2%,100%,NA,NA,NA,NA,NA,73%,6%,2%,5%,100%,NA,NA,NA,NA,NA,3%,3%,-5%,3%,0%
846,114398,Non-London,Primary,666.5,10.2,Low,"3,898",257,"4,155","1,871",164,"1,108",202,203,62,121,41,242,39,49,60,"4,163",2703,136,204,53,3779,2403,134,263,48,3559,2714,132,229,64,3856,2549,136,267,56,3732,2911,159,268,36,4204,2501,158,281,53,3797,"2,914",169,217,45,"4,132","2,540",164,263,48,"3,929","2,979",164,203,41,"4,163","2,646",162,289,46,"4,000",276,28,-1,-12,384,94%,6%,45%,4%,27%,5%,5%,1%,3%,1%,6%,1%,1%,1%,72%,4%,5%,1%,100%,NA,NA,NA,NA,NA,70%,3%,6%,2%,100%,NA,NA,NA,NA,NA,69%,4%,6%,1%,100%,NA,NA,NA,NA,NA,71%,4%,5%,1%,100%,NA,NA,NA,NA,NA,72%,4%,1%,6%,100%,NA,NA,NA,NA,NA,0%,0%,-4%,5%,0%
846,114399,Non-London,Primary,634,13.4,Low,"3,403",309,"3,712","1,664",152,574,303,190,47,127,40,333,28,80,43,"3,582",2511,111,285,72,3555,2403,134,263,48,3559,2690,136,228,90,3812,2549,136,267,56,3732,2755,164,252,83,3944,2501,158,281,53,3797,"2,852",149,273,25,"4,218","2,540",164,263,48,"3,929","2,238",152,190,40,"3,582","2,646",162,289,46,"4,000",-273,41,-95,-32,27,92%,8%,46%,4%,16%,8%,5%,1%,4%,1%,9%,1%,2%,1%,71%,3%,8%,2%,100%,NA,NA,NA,NA,NA,71%,4%,6%,2%,100%,NA,NA,NA,NA,NA,70%,4%,6%,2%,100%,NA,NA,NA,NA,NA,68%,4%,6%,1%,100%,NA,NA,NA,NA,NA,62%,4%,1%,9%,100%,NA,NA,NA,NA,NA,-9%,1%,-7%,7%,0%
846,114403,Non-London,Primary,674,6.8,Low,"3,666",30,"3,696","1,925",76,721,288,289,41,78,40,137,15,33,150,"3,793",2267,120,290,17,3163,2403,134,263,48,3559,2391,187,241,35,3406,2549,136,267,56,3732,2512,115,251,34,3458,2501,158,281,53,3797,"2,435",105,292,39,"3,667","2,540",164,263,48,"3,929","2,646",76,289,40,"3,793","2,646",162,289,46,"4,000",379,-44,-1,23,630,99%,1%,51%,2%,19%,8%,8%,1%,2%,1%,4%,0%,1%,4%,72%,4%,9%,1%,100%,NA,NA,NA,NA,NA,70%,5%,7%,1%,100%,NA,NA,NA,NA,NA,73%,3%,7%,1%,100%,NA,NA,NA,NA,NA,66%,3%,8%,1%,100%,NA,NA,NA,NA,NA,70%,2%,1%,4%,100%,NA,NA,NA,NA,NA,-2%,-2%,-8%,3%,0%
846,114411,Non-London,Primary,199.5,17.7,Low,"4,514",148,"4,662","2,095",275,866,286,437,36,160,56,333,63,102,231,"4,940",3277,105,437,49,5031,2403,134,263,48,3559,3120,206,404,42,5075,2549,136,267,56,3732,2934,111,385,69,4722,3516,228,344,70,5329,"2,528",224,422,53,"4,436","2,540",164,263,48,"3,929","2,961",275,437,56,"4,940","2,646",162,289,46,"4,000",-316,170,0,7,-91,97%,3%,42%,6%,18%,6%,9%,1%,3%,1%,7%,1%,2%,5%,65%,2%,9%,1%,100%,NA,NA,NA,NA,NA,61%,4%,8%,1%,100%,NA,NA,NA,NA,NA,62%,2%,8%,1%,100%,NA,NA,NA,NA,NA,57%,5%,10%,1%,100%,NA,NA,NA,NA,NA,60%,6%,1%,7%,100%,NA,NA,NA,NA,NA,-5%,4%,-8%,6%,0%
846,114412,Non-London,Primary,284,32.4,Medium,"5,275",154,"5,429","2,787",171,"1,116",273,286,113,142,82,305,36,177,78,"5,566",2885,133,402,74,4300,3155,223,311,54,4689,3053,123,383,81,4447,3280,278,315,59,5008,3320,203,295,80,4801,3516,228,344,70,5329,"3,853",125,269,71,"5,417","3,607",246,377,70,"5,402","3,903",171,286,82,"5,566","3,764",244,369,71,"5,414",1018,38,-116,8,1266,97%,3%,50%,3%,20%,5%,5%,2%,3%,1%,5%,1%,3%,1%,67%,3%,9%,2%,100%,NA,NA,NA,NA,NA,69%,3%,9%,2%,100%,NA,NA,NA,NA,NA,69%,4%,6%,2%,100%,NA,NA,NA,NA,NA,71%,2%,5%,1%,100%,NA,NA,NA,NA,NA,70%,3%,2%,5%,100%,NA,NA,NA,NA,NA,3%,0%,-7%,3%,0%
846,114413,Non-London,Primary,209.5,19.6,Low,"5,409",89,"5,499","2,541",254,713,343,381,91,246,61,460,7,86,177,"5,360",2672,230,300,25,4266,3155,223,311,54,4689,3299,232,390,51,5177,3280,278,315,59,5008,3596,86,511,66,5796,3516,228,344,70,5329,"3,206",231,338,60,"5,108","2,540",164,263,48,"3,929","3,254",254,381,61,"5,360","2,646",162,289,46,"4,000",582,24,81,36,1094,98%,2%,47%,5%,13%,6%,7%,2%,5%,1%,9%,0%,2%,3%,63%,5%,7%,1%,100%,NA,NA,NA,NA,NA,64%,4%,8%,1%,100%,NA,NA,NA,NA,NA,62%,1%,9%,1%,100%,NA,NA,NA,NA,NA,63%,5%,7%,1%,100%,NA,NA,NA,NA,NA,60%,5%,2%,9%,100%,NA,NA,NA,NA,NA,-3%,0%,-5%,8%,0%
846,114425,Non-London,Primary,332,26.2,Medium,"5,273",163,"5,436","2,701",244,"1,063",403,401,110,137,35,185,75,160,59,"5,572",2781,524,275,56,4877,3155,223,311,54,4689,3175,267,301,61,5147,3280,278,315,59,5008,3477,326,359,55,5875,3516,228,344,70,5329,"3,827",337,370,92,"5,868","3,607",246,377,70,"5,402","3,764",244,401,35,"5,572","3,764",244,369,71,"5,414",983,-280,126,-21,695,97%,3%,48%,4%,19%,7%,7%,2%,2%,1%,3%,1%,3%,1%,57%,11%,6%,1%,100%,NA,NA,NA,NA,NA,62%,5%,6%,1%,100%,NA,NA,NA,NA,NA,59%,6%,6%,1%,100%,NA,NA,NA,NA,NA,65%,6%,6%,2%,100%,NA,NA,NA,NA,NA,67%,4%,2%,3%,100%,NA,NA,NA,NA,NA,10%,-7%,-4%,2%,0%
846,114428,Non-London,Primary,710.5,8.5,Low,"3,573",98,"3,671","1,685",96,786,261,321,51,124,53,174,43,38,74,"3,707",2025,67,355,38,3170,2403,134,263,48,3559,2061,94,303,73,3360,2549,136,267,56,3732,2170,92,289,54,3413,2501,158,281,53,3797,"2,407",123,306,53,"3,750","2,540",164,263,48,"3,929","2,471",96,321,53,"3,707","2,646",162,289,46,"4,000",446,29,-34,15,537,97%,3%,45%,3%,21%,7%,9%,1%,3%,1%,5%,1%,1%,2%,64%,2%,11%,1%,100%,NA,NA,NA,NA,NA,61%,3%,9%,2%,100%,NA,NA,NA,NA,NA,64%,3%,8%,2%,100%,NA,NA,NA,NA,NA,64%,3%,8%,1%,100%,NA,NA,NA,NA,NA,66%,3%,1%,5%,100%,NA,NA,NA,NA,NA,2%,1%,-10%,4%,0%
846,114430,Non-London,Primary,507,16.8,Low,"4,356",109,"4,465","2,064",280,659,343,236,87,88,41,275,2,182,64,"4,319",2396,187,195,34,3622,2403,134,263,48,3559,2560,302,204,36,3868,2549,136,267,56,3732,2698,229,229,52,4136,2501,158,281,53,3797,"2,704",288,232,42,"4,260","2,540",164,263,48,"3,929","2,723",280,236,41,"4,319","2,646",162,289,46,"4,000",327,93,41,7,697,98%,2%,48%,6%,15%,8%,5%,2%,2%,1%,6%,0%,4%,1%,66%,5%,5%,1%,100%,NA,NA,NA,NA,NA,66%,8%,5%,1%,100%,NA,NA,NA,NA,NA,65%,6%,6%,1%,100%,NA,NA,NA,NA,NA,63%,7%,5%,1%,100%,NA,NA,NA,NA,NA,63%,6%,2%,6%,100%,NA,NA,NA,NA,NA,-3%,1%,-3%,5%,0%
846,114443,Non-London,Primary,210,11.9,Low,"4,770",218,"4,987","2,275",255,"1,062",326,474,66,129,52,213,28,109,62,"5,050",2822,217,354,53,4327,3155,223,311,54,4689,3053,67,388,66,4426,2549,136,267,56,3732,3101,137,445,57,4779,2501,158,281,53,3797,"3,202",258,476,36,"4,893","2,540",164,263,48,"3,929","3,337",255,474,52,"5,050","2,646",162,289,46,"4,000",515,38,120,-1,723,96%,4%,45%,5%,21%,6%,9%,1%,3%,1%,4%,1%,2%,1%,65%,5%,8%,1%,100%,NA,NA,NA,NA,NA,69%,2%,9%,2%,100%,NA,NA,NA,NA,NA,SUPP,3%,9%,1%,100%,NA,NA,NA,NA,NA,65%,5%,10%,1%,100%,NA,NA,NA,NA,NA,66%,5%,1%,4%,100%,NA,NA,NA,NA,NA,1%,0%,-7%,3%,0%
846,114446,Non-London,Primary,917,10.6,Low,"3,325",151,"3,476","1,504",168,605,170,260,55,103,49,195,10,51,47,"3,217",2437,173,276,75,3667,2403,134,263,48,3559,2549,200,267,-1,3699,2549,136,267,56,3732,2597,157,250,60,3748,2501,158,281,53,3797,"2,621",255,259,56,"3,966","2,540",164,263,48,"3,929","2,109",168,260,49,"3,217","2,646",162,289,46,"4,000",-328,-5,-16,-26,-450,96%,4%,47%,5%,19%,5%,8%,2%,3%,2%,6%,0%,2%,1%,66%,5%,8%,2%,100%,NA,NA,NA,NA,NA,69%,5%,7%,0%,100%,NA,NA,NA,NA,NA,69%,4%,7%,2%,100%,NA,NA,NA,NA,NA,66%,6%,7%,1%,100%,NA,NA,NA,NA,NA,66%,5%,2%,6%,100%,NA,NA,NA,NA,NA,0%,0%,-6%,4%,0%
846,114477,Non-London,Primary,426,6.1,Low,"3,806",133,"3,940","2,027",135,605,296,296,48,125,43,142,40,68,104,"3,931",2550,99,274,52,3615,2403,134,263,48,3559,2584,102,282,51,3661,2549,136,267,56,3732,2529,92,271,47,3682,2501,158,281,53,3797,"2,499",148,276,48,"3,739","2,540",164,263,48,"3,929","2,632",135,296,43,"3,931","2,646",162,289,46,"4,000",82,36,22,-9,316,97%,3%,52%,3%,15%,8%,8%,1%,3%,1%,4%,1%,2%,3%,71%,3%,8%,1%,100%,NA,NA,NA,NA,NA,71%,3%,8%,1%,100%,NA,NA,NA,NA,NA,69%,2%,7%,1%,100%,NA,NA,NA,NA,NA,67%,4%,7%,1%,100%,NA,NA,NA,NA,NA,67%,3%,1%,4%,100%,NA,NA,NA,NA,NA,-4%,0%,-7%,3%,0%
846,114478,Non-London,Primary,419.5,23.2,Medium,"4,304",253,"4,557","2,269",393,801,282,256,70,97,54,216,34,93,40,"4,605",2350,194,232,50,3520,2403,134,263,48,3559,2664,289,246,47,3965,3280,278,315,59,5008,2887,199,258,57,4151,3516,228,344,70,5329,"2,933",232,279,56,"4,376","2,540",164,263,48,"3,929","3,070",393,256,54,"4,605","3,764",244,369,71,"5,414",720,199,24,4,1085,94%,6%,49%,9%,17%,6%,6%,2%,2%,1%,5%,1%,2%,1%,67%,6%,7%,1%,100%,NA,NA,NA,NA,NA,67%,7%,6%,1%,100%,NA,NA,NA,NA,NA,70%,5%,6%,1%,100%,NA,NA,NA,NA,NA,67%,5%,6%,1%,100%,NA,NA,NA,NA,NA,66%,9%,2%,5%,100%,NA,NA,NA,NA,NA,-1%,3%,-5%,4%,0%
846,114479,Non-London,Primary,495,10.5,Low,"3,754",86,"3,840","1,986",174,529,312,216,47,135,57,364,168,42,49,"4,076",2410,155,238,7,3958,2403,134,263,48,3559,2406,200,253,70,4269,2549,136,267,56,3732,2238,234,235,41,3791,2501,158,281,53,3797,"2,271",207,224,47,"3,837","2,540",164,263,48,"3,929","2,515",174,216,57,"4,076","2,646",162,289,46,"4,000",105,19,-22,50,118,98%,2%,49%,4%,13%,8%,5%,1%,3%,1%,9%,4%,1%,1%,61%,4%,6%,0%,100%,NA,NA,NA,NA,NA,56%,5%,6%,2%,100%,NA,NA,NA,NA,NA,59%,6%,6%,1%,100%,NA,NA,NA,NA,NA,59%,5%,6%,1%,100%,NA,NA,NA,NA,NA,62%,4%,1%,9%,100%,NA,NA,NA,NA,NA,1%,0%,-5%,9%,0%
846,114480,Non-London,Primary,413,10.2,Low,"3,954",281,"4,236","2,174",81,637,299,306,73,83,48,410,27,30,69,"4,237",2574,108,345,42,3820,2403,134,263,48,3559,2711,79,289,56,3929,2549,136,267,56,3732,2730,62,303,62,3977,2501,158,281,53,3797,"2,756",102,393,55,"4,591","2,540",164,263,48,"3,929","2,811",81,306,48,"4,237","2,646",162,289,46,"4,000",237,-27,-39,6,417,93%,7%,51%,2%,15%,7%,7%,2%,2%,1%,10%,1%,1%,2%,67%,3%,9%,1%,100%,NA,NA,NA,NA,NA,69%,2%,7%,1%,100%,NA,NA,NA,NA,NA,69%,2%,8%,2%,100%,NA,NA,NA,NA,NA,60%,2%,9%,1%,100%,NA,NA,NA,NA,NA,66%,2%,2%,10%,100%,NA,NA,NA,NA,NA,-1%,-1%,-7%,9%,0%
846,114485,Non-London,Primary,378,29.6,Medium,"5,240",123,"5,363","2,404",229,"1,299",397,333,116,100,94,164,25,51,57,"5,270",2991,228,292,87,4600,3448,221,349,78,5471,3330,164,318,95,4997,3574,231,433,72,5486,3449,151,330,98,5181,3690,192,330,91,5181,"3,591",259,326,91,"5,349","4,520",283,422,88,"6,847","3,703",229,333,94,"5,270","3,764",244,369,71,"5,414",712,1,41,7,670,98%,2%,46%,4%,25%,8%,6%,2%,2%,2%,3%,0%,1%,1%,65%,5%,6%,2%,100%,NA,NA,NA,NA,NA,67%,3%,6%,2%,100%,NA,NA,NA,NA,NA,67%,3%,6%,2%,100%,NA,NA,NA,NA,NA,67%,5%,6%,2%,100%,NA,NA,NA,NA,NA,71%,4%,2%,3%,100%,NA,NA,NA,NA,NA,6%,-1%,-4%,1%,0%
846,114486,Non-London,Primary,387.5,23,Medium,"4,791",173,"4,964","2,199",214,"1,212",267,307,89,177,73,182,29,69,55,"4,874",3420,71,303,122,4781,3155,223,311,54,4689,3321,117,328,123,4977,3280,278,315,59,5008,3272,228,319,103,4978,3516,228,344,70,5329,"3,481",153,297,88,"5,168","3,607",246,377,70,"5,402","3,411",214,307,73,"4,874","3,764",244,369,71,"5,414",-9,143,4,-49,93,97%,3%,45%,4%,25%,5%,6%,2%,4%,1%,4%,1%,1%,1%,72%,1%,6%,3%,100%,NA,NA,NA,NA,NA,67%,2%,7%,2%,100%,NA,NA,NA,NA,NA,66%,5%,6%,2%,100%,NA,NA,NA,NA,NA,67%,3%,6%,2%,100%,NA,NA,NA,NA,NA,70%,4%,2%,4%,100%,NA,NA,NA,NA,NA,-2%,3%,-4%,1%,0%
846,114487,Non-London,Primary,395,27.2,Medium,"5,244",109,"5,353","2,684",128,994,317,329,118,97,39,269,10,135,83,"5,204",3478,147,243,69,4989,3448,221,349,78,5471,3566,151,310,29,5233,3574,231,433,72,5486,3243,95,254,55,4640,3690,192,330,91,5181,"3,354",97,297,51,"5,063","3,607",246,377,70,"5,402","3,678",128,329,39,"5,204","3,764",244,369,71,"5,414",200,-19,86,-30,215,98%,2%,52%,2%,19%,6%,6%,2%,2%,1%,5%,0%,3%,2%,70%,3%,5%,1%,100%,NA,NA,NA,NA,NA,68%,3%,6%,1%,100%,NA,NA,NA,NA,NA,70%,2%,5%,1%,100%,NA,NA,NA,NA,NA,66%,2%,6%,1%,100%,NA,NA,NA,NA,NA,71%,2%,2%,5%,100%,NA,NA,NA,NA,NA,1%,-1%,-3%,4%,0%
846,114537,Non-London,Primary,204,7.8,Low,"4,095",145,"4,240","2,010",441,434,337,317,49,129,74,258,52,110,23,"4,234",2481,194,297,57,3788,2403,134,263,48,3559,2556,221,296,78,4132,2549,136,267,56,3732,2421,276,292,65,3947,2501,158,281,53,3797,SUPP,415,305,78,"4,311","2,540",164,263,48,"3,929","2,444",441,317,74,"4,234","2,646",162,289,46,"4,000",-37,247,20,17,446,97%,3%,47%,10%,10%,8%,7%,1%,3%,2%,6%,1%,3%,1%,65%,5%,8%,2%,100%,NA,NA,NA,NA,NA,62%,5%,7%,2%,100%,NA,NA,NA,NA,NA,SUPP,7%,7%,2%,100%,NA,NA,NA,NA,NA,SUPP,10%,7%,2%,100%,NA,NA,NA,NA,NA,57%,10%,1%,6%,100%,NA,NA,NA,NA,NA,-8%,5%,-7%,4%,0%
846,114538,Non-London,Primary,198,28.3,Medium,"5,515",159,"5,674","2,842",278,"1,074",317,379,147,153,59,347,44,165,88,"5,893",3336,257,295,61,5333,3448,221,349,78,5471,3537,212,320,66,5415,3574,231,433,72,5486,3649,197,350,70,5851,3516,228,344,70,5329,"3,695",297,373,63,"5,865","3,607",246,377,70,"5,402","3,916",278,379,59,"5,893","3,764",244,369,71,"5,414",580,21,84,-2,560,97%,3%,48%,5%,18%,5%,6%,2%,3%,1%,6%,1%,3%,1%,63%,5%,6%,1%,100%,NA,NA,NA,NA,NA,65%,4%,6%,1%,100%,NA,NA,NA,NA,NA,SUPP,3%,6%,1%,100%,NA,NA,NA,NA,NA,63%,5%,6%,1%,100%,NA,NA,NA,NA,NA,66%,5%,2%,6%,100%,NA,NA,NA,NA,NA,3%,0%,-4%,5%,0%
846,114539,Non-London,Primary,207,24.6,Medium,"5,099",162,"5,260","2,329",356,933,353,375,92,250,46,249,64,197,24,"5,268",2905,228,236,39,4679,3155,223,311,54,4689,3052,330,280,55,5038,3280,278,315,59,5008,3198,348,331,51,5066,3516,228,344,70,5329,"3,411",440,387,48,"5,538","3,607",246,377,70,"5,402","3,262",356,375,46,"5,268","3,764",244,369,71,"5,414",357,128,139,7,589,97%,3%,44%,7%,18%,7%,7%,2%,5%,1%,5%,1%,4%,0%,62%,5%,5%,1%,100%,NA,NA,NA,NA,NA,61%,7%,6%,1%,100%,NA,NA,NA,NA,NA,63%,7%,7%,1%,100%,NA,NA,NA,NA,NA,62%,8%,7%,1%,100%,NA,NA,NA,NA,NA,62%,7%,2%,5%,100%,NA,NA,NA,NA,NA,0%,2%,-3%,4%,0%
846,114540,Non-London,Primary,202,11.4,Low,"4,696",59,"4,755","2,174",147,881,373,514,61,111,42,161,63,146,34,"4,709",2783,246,466,45,4429,2403,134,263,48,3559,2800,157,426,60,4249,2549,136,267,56,3732,2789,253,421,52,4390,2501,158,281,53,3797,"2,889",215,490,43,"4,522","2,540",164,263,48,"3,929","3,055",147,514,42,"4,709","2,646",162,289,46,"4,000",272,-99,48,-3,280,99%,1%,46%,3%,19%,8%,11%,1%,2%,1%,3%,1%,3%,1%,63%,6%,11%,1%,100%,NA,NA,NA,NA,NA,66%,4%,10%,1%,100%,NA,NA,NA,NA,NA,64%,6%,10%,1%,100%,NA,NA,NA,NA,NA,64%,5%,11%,1%,100%,NA,NA,NA,NA,NA,65%,3%,1%,3%,100%,NA,NA,NA,NA,NA,2%,-3%,-10%,2%,0%
846,114541,Non-London,Primary,226.5,16.8,Low,"4,809",80,"4,889","2,306",293,"1,119",246,323,68,122,46,272,22,164,82,"5,064",2927,401,270,48,4480,3155,223,311,54,4689,3261,298,288,57,4817,3280,278,315,59,5008,3186,242,282,61,4718,2501,158,281,53,3797,"3,497",336,314,41,"5,275","2,540",164,263,48,"3,929","3,425",293,323,46,"5,064","2,646",162,289,46,"4,000",498,-108,53,-2,584,98%,2%,46%,6%,22%,5%,6%,1%,2%,1%,5%,0%,3%,2%,65%,9%,6%,1%,100%,NA,NA,NA,NA,NA,68%,6%,6%,1%,100%,NA,NA,NA,NA,NA,68%,5%,6%,1%,100%,NA,NA,NA,NA,NA,66%,6%,6%,1%,100%,NA,NA,NA,NA,NA,68%,6%,1%,5%,100%,NA,NA,NA,NA,NA,3%,-3%,-5%,4%,0%
846,114542,Non-London,Primary,156,26.3,Medium,"6,048",452,"6,500","2,935",172,960,891,519,130,126,71,291,117,154,37,"6,403",3636,199,501,89,5985,3155,223,311,54,4689,3493,178,571,77,5557,3574,231,433,72,5486,3562,266,432,83,5455,3516,228,344,70,5329,"3,591",227,442,76,"5,527","3,607",246,377,70,"5,402","3,895",172,519,71,"6,403","3,764",244,369,71,"5,414",259,-27,18,-18,418,93%,7%,46%,3%,15%,14%,8%,2%,2%,1%,5%,2%,2%,1%,61%,3%,8%,1%,100%,NA,NA,NA,NA,NA,63%,3%,10%,1%,100%,NA,NA,NA,NA,NA,SUPP,5%,8%,2%,100%,NA,NA,NA,NA,NA,65%,4%,8%,1%,100%,NA,NA,NA,NA,NA,61%,3%,2%,5%,100%,NA,NA,NA,NA,NA,0%,0%,-6%,4%,0%
846,114543,Non-London,Primary,219.5,3.8,Low,"4,004",283,"4,287","2,258",117,751,300,339,41,26,41,186,59,101,75,"4,295",2802,98,285,51,3889,2403,134,263,48,3559,2808,198,300,56,4021,2549,136,267,56,3732,2962,56,299,57,4065,2501,158,281,53,3797,"2,838",113,307,46,"3,906","2,540",164,263,48,"3,929","3,009",117,339,41,"4,295","2,646",162,289,46,"4,000",207,19,54,-10,406,93%,7%,53%,3%,17%,7%,8%,1%,1%,1%,4%,1%,2%,2%,72%,3%,7%,1%,100%,NA,NA,NA,NA,NA,70%,5%,7%,1%,100%,NA,NA,NA,NA,NA,73%,1%,7%,1%,100%,NA,NA,NA,NA,NA,73%,3%,8%,1%,100%,NA,NA,NA,NA,NA,70%,3%,1%,4%,100%,NA,NA,NA,NA,NA,-2%,0%,-6%,3%,0%
846,114544,Non-London,Primary,204,5.4,Low,"4,045",161,"4,206","1,860",257,718,326,315,48,144,50,201,36,99,26,"4,080",2428,145,244,48,3578,2403,134,263,48,3559,2642,122,227,58,3790,2549,136,267,56,3732,2630,186,310,64,3935,2501,158,281,53,3797,"2,469",242,272,57,"3,788","2,540",164,263,48,"3,929","2,578",257,315,50,"4,080","2,646",162,289,46,"4,000",150,112,71,2,502,96%,4%,46%,6%,18%,8%,8%,1%,4%,1%,5%,1%,2%,1%,68%,4%,7%,1%,100%,NA,NA,NA,NA,NA,70%,3%,6%,2%,100%,NA,NA,NA,NA,NA,67%,5%,8%,2%,100%,NA,NA,NA,NA,NA,65%,6%,7%,2%,100%,NA,NA,NA,NA,NA,64%,6%,1%,5%,100%,NA,NA,NA,NA,NA,-4%,2%,-6%,4%,0%
846,114545,Non-London,Primary,189,38.1,High,"5,782",140,"5,922","3,012",313,"1,675",411,658,133,116,67,413,3,122,93,"7,015",3417,319,562,88,5608,3448,221,349,78,5471,3762,283,560,58,5926,3574,231,433,72,5486,3987,260,534,98,6005,3690,192,330,91,5181,"4,520",356,609,88,"6,955","4,520",283,422,88,"6,847","4,687",313,658,67,"7,015","4,622",422,695,73,"7,131",1270,-6,96,-21,1407,98%,2%,43%,4%,24%,6%,9%,2%,2%,1%,6%,0%,2%,1%,61%,6%,10%,2%,100%,NA,NA,NA,NA,NA,63%,5%,9%,1%,100%,NA,NA,NA,NA,NA,66%,4%,9%,2%,100%,NA,NA,NA,NA,NA,65%,5%,9%,1%,100%,NA,NA,NA,NA,NA,67%,4%,2%,6%,100%,NA,NA,NA,NA,NA,6%,-2%,-8%,4%,0%
846,114546,Non-London,Primary,218,1.8,Low,"3,706",377,"4,083","1,938",158,645,271,396,54,27,57,319,32,80,22,"4,000",2252,127,337,55,3504,2403,134,263,48,3559,2354,113,366,65,3534,2549,136,267,56,3732,2401,181,373,60,3803,2501,158,281,53,3797,"2,518",118,417,57,"3,929","2,540",164,263,48,"3,929","2,583",158,396,57,"4,000","2,646",162,289,46,"4,000",331,31,59,2,496,91%,9%,48%,4%,16%,7%,10%,1%,1%,1%,8%,1%,2%,1%,64%,4%,10%,2%,100%,NA,NA,NA,NA,NA,67%,3%,10%,2%,100%,NA,NA,NA,NA,NA,63%,5%,10%,2%,100%,NA,NA,NA,NA,NA,64%,3%,11%,1%,100%,NA,NA,NA,NA,NA,64%,4%,1%,8%,100%,NA,NA,NA,NA,NA,0%,0%,-9%,6%,0%
846,114555,Non-London,Primary,305,5.9,Low,"3,447",157,"3,604","1,837",162,578,334,227,31,105,52,137,18,70,22,"3,572",2517,183,296,38,3686,2403,134,263,48,3559,2425,296,280,45,3732,2549,136,267,56,3732,2315,230,238,56,3469,2501,158,281,53,3797,"2,339",163,254,58,"3,493","2,540",164,263,48,"3,929","2,415",162,227,52,"3,572","2,646",162,289,46,"4,000",-102,-21,-69,14,-114,96%,4%,51%,5%,16%,9%,6%,1%,3%,1%,4%,1%,2%,1%,68%,5%,8%,1%,100%,NA,NA,NA,NA,NA,65%,8%,7%,1%,100%,NA,NA,NA,NA,NA,67%,7%,7%,2%,100%,NA,NA,NA,NA,NA,67%,5%,7%,2%,100%,NA,NA,NA,NA,NA,67%,5%,1%,4%,100%,NA,NA,NA,NA,NA,-1%,0%,-7%,3%,0%
846,114556,Non-London,Primary,498,7.4,Low,"3,580",223,"3,803",SUPP,106,SUPP,207,201,44,124,40,289,2,54,24,"3,829",2433,68,210,30,3418,2403,134,263,48,3559,2555,111,189,30,3554,2549,136,267,56,3732,2662,67,176,33,3617,2501,158,281,53,3797,"2,666",94,205,34,"3,767","2,540",164,263,48,"3,929",SUPP,106,201,40,"3,829","2,646",162,289,46,"4,000",SUPP,38,-9,10,411,94%,6%,48%,3%,23%,5%,5%,1%,3%,1%,8%,0%,1%,1%,71%,2%,6%,1%,100%,NA,NA,NA,NA,NA,72%,3%,5%,1%,100%,NA,NA,NA,NA,NA,74%,2%,5%,1%,100%,NA,NA,NA,NA,NA,71%,2%,5%,1%,100%,NA,NA,NA,NA,NA,SUPP,3%,1%,8%,100%,NA,NA,NA,NA,NA,SUPP,1%,-5%,7%,0%
846,114560,Non-London,Primary,383,9.1,Low,"4,011",154,"4,165","1,873",289,735,379,254,55,80,44,254,80,103,17,"4,162",2587,135,316,41,3793,3155,223,311,54,4689,2781,192,332,50,4259,2549,136,267,56,3732,2480,275,294,43,4046,2501,158,281,53,3797,"2,470",268,270,46,"4,015","2,540",164,263,48,"3,929","2,608",289,254,44,"4,162","2,646",162,289,46,"4,000",21,154,-62,3,369,96%,4%,45%,7%,18%,9%,6%,1%,2%,1%,6%,2%,2%,0%,68%,4%,8%,1%,100%,NA,NA,NA,NA,NA,65%,5%,8%,1%,100%,NA,NA,NA,NA,NA,61%,7%,7%,1%,100%,NA,NA,NA,NA,NA,62%,7%,7%,1%,100%,NA,NA,NA,NA,NA,63%,7%,1%,6%,100%,NA,NA,NA,NA,NA,-5%,3%,-7%,5%,0%
846,114567,Non-London,Primary,435,4.4,Low,"3,410",150,"3,559","1,838",106,568,224,265,44,77,45,304,6,75,12,"3,564",2263,117,210,44,3211,2403,134,263,48,3559,2287,116,225,37,3225,2549,136,267,56,3732,2253,100,243,52,3404,2501,158,281,53,3797,"2,303",107,238,49,"3,510","2,540",164,263,48,"3,929","2,406",106,265,45,"3,564","2,646",162,289,46,"4,000",143,-11,55,1,353,96%,4%,52%,3%,16%,6%,7%,1%,2%,1%,9%,0%,2%,0%,70%,4%,7%,1%,100%,NA,NA,NA,NA,NA,71%,4%,7%,1%,100%,NA,NA,NA,NA,NA,66%,3%,7%,2%,100%,NA,NA,NA,NA,NA,66%,3%,7%,1%,100%,NA,NA,NA,NA,NA,68%,3%,1%,9%,100%,NA,NA,NA,NA,NA,-2%,-1%,-6%,8%,0%
846,114570,Non-London,Primary,213,14.1,Low,"4,348",144,"4,492","2,248",44,713,275,371,63,89,46,429,57,139,32,"4,507",2327,309,240,70,3728,2403,134,263,48,3559,2347,458,275,37,3894,2549,136,267,56,3732,2470,246,289,51,4075,2501,158,281,53,3797,"2,699",120,347,52,"4,576","2,540",164,263,48,"3,929","2,961",44,371,46,"4,507","2,646",162,289,46,"4,000",634,-265,131,-24,779,97%,3%,50%,1%,16%,6%,8%,1%,2%,1%,10%,1%,3%,1%,62%,8%,6%,2%,100%,NA,NA,NA,NA,NA,60%,12%,7%,1%,100%,NA,NA,NA,NA,NA,SUPP,6%,7%,1%,100%,NA,NA,NA,NA,NA,59%,3%,8%,1%,100%,NA,NA,NA,NA,NA,66%,1%,1%,10%,100%,NA,NA,NA,NA,NA,4%,-7%,-5%,8%,0%
846,114579,Non-London,Secondary With KS4,1350,12.5,Low,"5,368",188,"5,556","3,086",115,643,549,529,46,101,75,378,2,34,172,"5,729",3334,38,312,47,4969,3664,95,458,60,5252,3381,72,329,84,5284,3566,94,447,85,5297,3634,48,413,80,5759,3608,82,461,95,5492,"3,593",111,497,79,"6,147","3,675",113,392,83,"5,675","3,729",115,529,75,"5,729","3,714",135,624,78,"5,649",395,77,217,28,760,97%,3%,54%,2%,11%,10%,9%,1%,2%,1%,7%,0%,1%,3%,67%,1%,6%,1%,100%,NA,NA,NA,NA,NA,64%,1%,6%,2%,100%,NA,NA,NA,NA,NA,63%,1%,7%,1%,100%,NA,NA,NA,NA,NA,58%,2%,8%,1%,100%,NA,NA,NA,NA,NA,65%,2%,1%,7%,100%,NA,NA,NA,NA,NA,-2%,1%,-5%,6%,0%
846,114580,Non-London,Secondary With KS4,1656,9,Low,"4,913",575,"5,488","3,051",106,476,447,718,-115,40,81,207,0,9,183,"5,204",3514,98,628,62,5016,3664,95,458,60,5252,3430,114,625,86,5002,3566,94,447,85,5297,3413,93,668,102,5180,3608,82,461,95,5492,"3,466",115,693,87,"5,185","3,675",113,392,83,"5,675","3,527",106,718,81,"5,204","3,714",135,624,78,"5,649",13,8,90,19,188,90%,10%,59%,2%,9%,9%,14%,-2%,1%,2%,4%,0%,0%,4%,70%,2%,13%,1%,100%,NA,NA,NA,NA,NA,69%,2%,13%,2%,100%,NA,NA,NA,NA,NA,66%,2%,13%,2%,100%,NA,NA,NA,NA,NA,67%,2%,13%,2%,100%,NA,NA,NA,NA,NA,68%,2%,-2%,4%,100%,NA,NA,NA,NA,NA,-2%,0%,-15%,3%,0%
846,114581,Non-London,Secondary With KS4,1005,23.2,Medium,"6,590",353,"6,942","3,812",109,"1,377",338,519,6,146,104,226,107,30,237,"7,012",4037,178,468,67,5695,4038,178,468,67,5695,4185,177,455,119,5981,4185,177,455,119,5981,4560,170,505,104,6422,4560,170,505,104,6422,"4,946",187,484,101,"6,873","4,946",187,335,101,"6,873","5,189",109,519,104,"7,012","5,189",109,519,104,"7,012",1152,-69,51,37,1317,95%,5%,54%,2%,20%,5%,7%,0%,2%,1%,3%,2%,0%,3%,71%,3%,8%,1%,100%,NA,NA,NA,NA,NA,70%,3%,8%,2%,100%,NA,NA,NA,NA,NA,71%,3%,8%,2%,100%,NA,NA,NA,NA,NA,72%,3%,7%,1%,100%,NA,NA,NA,NA,NA,74%,2%,0%,3%,100%,NA,NA,NA,NA,NA,3%,-1%,-8%,2%,0%
846,114606,Non-London,Secondary With KS4,1596,10.3,Low,"5,544",333,"5,877","3,059",154,872,353,741,71,94,87,118,46,10,198,"5,801",3814,51,484,72,5568,3664,95,458,60,5252,3860,56,487,102,5760,3566,94,447,85,5297,3919,53,508,105,5707,3608,82,461,95,5492,"3,877",92,548,86,"5,708","3,675",113,392,83,"5,675","3,931",154,741,87,"5,801","3,714",135,624,78,"5,649",117,103,257,15,233,94%,6%,53%,3%,15%,6%,13%,1%,2%,1%,2%,1%,0%,3%,68%,1%,9%,1%,100%,NA,NA,NA,NA,NA,67%,1%,8%,2%,100%,NA,NA,NA,NA,NA,69%,1%,9%,2%,100%,NA,NA,NA,NA,NA,68%,2%,10%,2%,100%,NA,NA,NA,NA,NA,68%,3%,1%,2%,100%,NA,NA,NA,NA,NA,0%,2%,-8%,1%,0%
846,114607,Non-London,Secondary With KS4,1632,13.3,Low,"5,540",295,"5,836","3,093",181,605,272,860,0,92,69,239,220,26,221,"5,879",3924,144,641,58,5935,3664,95,458,60,5252,3874,176,571,58,5801,3566,94,447,85,5297,3700,125,645,87,6030,3608,82,461,95,5492,"3,761",238,728,70,"6,010","3,675",113,392,83,"5,675","3,698",181,860,69,"5,879","3,714",135,624,78,"5,649",-226,37,219,11,-56,95%,5%,53%,3%,10%,5%,15%,0%,2%,1%,4%,4%,0%,4%,66%,2%,11%,1%,100%,NA,NA,NA,NA,NA,67%,3%,10%,1%,100%,NA,NA,NA,NA,NA,61%,2%,11%,1%,100%,NA,NA,NA,NA,NA,63%,4%,12%,1%,100%,NA,NA,NA,NA,NA,63%,3%,0%,4%,100%,NA,NA,NA,NA,NA,-3%,1%,-11%,3%,0%
846,114608,Non-London,Secondary With KS4,1028,10.7,Low,"5,293",265,"5,559","3,081",99,841,459,370,-76,110,97,377,44,21,148,"5,569",3864,92,433,103,5487,3664,95,458,60,5252,3701,73,406,145,5309,3566,94,447,85,5297,3582,71,415,143,5277,3608,82,461,95,5492,"3,757",110,446,132,"5,641","3,675",113,392,83,"5,675","3,922",99,370,97,"5,569","3,714",135,624,78,"5,649",58,7,-63,-6,82,95%,5%,55%,2%,15%,8%,7%,-1%,2%,2%,7%,1%,0%,3%,70%,2%,8%,2%,100%,NA,NA,NA,NA,NA,70%,1%,8%,3%,100%,NA,NA,NA,NA,NA,68%,1%,8%,3%,100%,NA,NA,NA,NA,NA,67%,2%,8%,2%,100%,NA,NA,NA,NA,NA,70%,2%,-1%,7%,100%,NA,NA,NA,NA,NA,0%,0%,-9%,5%,0%
846,114611,Non-London,Secondary With KS4,2260,8.2,Low,"4,702",101,"4,803","2,606",307,359,393,323,49,97,56,235,67,24,127,"4,644",3049,136,260,32,4610,3664,95,458,60,5252,2967,155,291,49,4505,3566,94,447,85,5297,2852,216,288,50,4401,3608,82,461,95,5492,"2,814",344,323,61,"4,465","3,675",113,392,83,"5,675","2,965",307,323,56,"4,644","3,714",135,624,78,"5,649",-84,171,63,24,34,98%,2%,56%,7%,8%,8%,7%,1%,2%,1%,5%,1%,1%,3%,66%,3%,6%,1%,100%,NA,NA,NA,NA,NA,66%,3%,6%,1%,100%,NA,NA,NA,NA,NA,65%,5%,7%,1%,100%,NA,NA,NA,NA,NA,63%,8%,7%,1%,100%,NA,NA,NA,NA,NA,64%,7%,1%,5%,100%,NA,NA,NA,NA,NA,-2%,4%,-5%,4%,0%
846,114678,Non-London,Special,41,61,High,"29,277",273,"29,549","10,907","7,330","7,925","2,418","2,676",172,"1,290",297,"2,401",0,138,211,"35,765",NA,NA,NA,NA,NA,NA,NA,NA,NA,NA,NA,NA,NA,NA,NA,NA,NA,NA,NA,NA,21351,580,3766,290,33399,16666,580,2031,248,23629,"20,886","4,242","3,559",300,"36,981","17,077",692,"1,468",271,"24,127","18,832","7,330","2,676",297,"35,765","16,453",881,"1,885",250,"26,843",NA,NA,NA,NA,NA,99%,1%,30%,20%,22%,7%,7%,0%,4%,1%,7%,0%,0%,1%,NA,NA,NA,NA,NA,NA,NA,NA,NA,NA,NA,NA,NA,NA,NA,NA,NA,NA,NA,NA,64%,2%,11%,1%,100%,NA,NA,NA,NA,NA,56%,11%,10%,1%,100%,NA,NA,NA,NA,NA,52%,20%,0%,7%,100%,NA,NA,NA,NA,NA,NA,NA,NA,NA,NA
846,114679,Non-London,Special,31,48.4,High,"25,558","1,186","26,744","8,981","2,029","7,472","1,657","3,867",322,995,250,"1,411",202,333,611,"28,131",14273,524,2017,272,21316,18028,399,1886,285,23489,18052,1319,2604,356,27319,18052,562,2604,356,26330,14483,1151,2954,248,23629,16666,580,2031,248,23629,"13,556","2,074","2,981",264,"23,664","17,077",692,"1,468",271,"24,127","16,453","2,029","3,867",250,"28,131","16,453",881,"1,885",250,"26,843",2180,1505,1850,-22,6815,96%,4%,32%,7%,27%,6%,14%,1%,4%,1%,5%,1%,1%,2%,67%,2%,9%,1%,100%,NA,NA,NA,NA,NA,66%,5%,10%,1%,100%,NA,NA,NA,NA,NA,61%,5%,12%,1%,100%,NA,NA,NA,NA,NA,57%,9%,13%,1%,100%,NA,NA,NA,NA,NA,59%,7%,1%,5%,100%,NA,NA,NA,NA,NA,-8%,5%,-8%,4%,0%
846,114680,Non-London,Special,119,44.3,High,"26,319",113,"26,432","8,640",184,"11,413","2,127","1,801",290,807,564,699,140,76,104,"26,843",18938,275,2033,596,25663,18028,399,1886,285,23489,19182,78,2623,602,26330,18052,562,2604,356,26330,19869,221,2031,555,26609,16666,580,2031,248,23629,"19,903",246,"1,808",510,"25,794","17,077",692,"1,468",271,"24,127","20,053",184,"1,801",564,"26,843","16,453",881,"1,885",250,"26,843",1115,-91,-232,-32,1180,100%,0%,32%,1%,43%,8%,7%,1%,3%,2%,3%,1%,0%,0%,74%,1%,8%,2%,100%,NA,NA,NA,NA,NA,73%,0%,10%,2%,100%,NA,NA,NA,NA,NA,75%,1%,8%,2%,100%,NA,NA,NA,NA,NA,77%,1%,7%,2%,100%,NA,NA,NA,NA,NA,75%,1%,1%,3%,100%,NA,NA,NA,NA,NA,1%,0%,-7%,1%,0%
846,114685,Non-London,Special,94,40.4,High,"19,397",273,"19,670","8,157",881,"5,598","1,057","1,513",170,217,149,688,53,179,483,"19,145",17119,-924,1509,174,20720,18028,399,1886,285,23489,16818,580,1470,210,21729,18670,733,1728,262,25115,16666,463,1324,153,21236,16666,580,2031,248,23629,"16,015",850,"1,407",170,"21,686","17,077",692,"1,468",271,"24,127","13,755",881,"1,513",149,"19,145","16,453",881,"1,885",250,"26,843",-3364,1805,4,-25,-1575,99%,1%,43%,5%,29%,6%,8%,1%,1%,1%,4%,0%,1%,3%,83%,-4%,7%,1%,100%,NA,NA,NA,NA,NA,77%,3%,7%,1%,100%,NA,NA,NA,NA,NA,78%,2%,6%,1%,100%,NA,NA,NA,NA,NA,74%,4%,6%,1%,100%,NA,NA,NA,NA,NA,72%,5%,1%,4%,100%,NA,NA,NA,NA,NA,-11%,9%,-6%,3%,0%
846,114687,Non-London,Special,72,34.7,Medium,"24,679","1,280","25,959","9,572",564,"9,019","1,393","1,623",155,867,279,889,182,187,102,"24,831",19203,983,1755,299,26731,18028,399,1886,285,23489,20521,886,1985,314,28500,18670,733,1728,262,25115,18357,815,1879,301,25459,18357,815,1879,301,25459,"18,138",457,"1,621",277,"24,589","17,077",692,"1,468",271,"24,127","18,591",564,"1,623",279,"24,831","18,591",564,"1,623",279,"24,831",-612,-419,-132,-20,-1900,95%,5%,39%,2%,36%,6%,7%,1%,3%,1%,4%,1%,1%,0%,72%,4%,7%,1%,100%,NA,NA,NA,NA,NA,72%,3%,7%,1%,100%,NA,NA,NA,NA,NA,72%,3%,7%,1%,100%,NA,NA,NA,NA,NA,74%,2%,7%,1%,100%,NA,NA,NA,NA,NA,75%,2%,1%,4%,100%,NA,NA,NA,NA,NA,3%,-2%,-6%,3%,0%
846,133639,Non-London,Special,72,63.9,High,"19,167",404,"19,571","7,923",696,"4,325","1,070","1,885",371,273,143,675,208,258,"1,722","19,548",12691,833,2309,145,18209,27709,1191,4164,305,39601,10937,562,2234,120,16192,18052,562,2604,356,26330,SUPP,642,1895,143,18996,16666,580,2031,248,23629,"12,186",533,"2,060",153,"19,650","17,077",692,"1,468",271,"24,127","12,248",696,"1,885",143,"19,548","16,453",881,"1,885",250,"26,843",-443,-137,-424,-2,1339,98%,2%,41%,4%,22%,5%,10%,2%,1%,1%,3%,1%,1%,9%,70%,5%,13%,1%,100%,NA,NA,NA,NA,NA,68%,3%,14%,1%,100%,NA,NA,NA,NA,NA,64%,3%,10%,1%,100%,NA,NA,NA,NA,NA,62%,3%,10%,1%,100%,NA,NA,NA,NA,NA,63%,4%,2%,3%,100%,NA,NA,NA,NA,NA,-7%,-1%,-11%,2%,0%
LA-NA,Brighton and Hove,Non-London,Not Applicable,,,Low,7035,194,7228,3153,194,1956,898,774,33,144,67,46,2,155,487,7906,,,,,,,,,,,,,,,,,,,,,,,,,,,,,,,,,,,,,,,,,,,,,,,,,,,,,,,,,,,,,,,,,,,,,,,,,,,,,,,,,,,,,,,,,,,,,,,,,,,,,,,,,,,,,,,,,,,,,,,,,,,,
LA-PRU,Brighton and Hove,Non-London,Pupil Referral Unit,,,High,19208,26,19233,8707,771,4163,1131,2513,126,365,188,836,33,370,113,19314,,,,,,,,,,,,,,,,,,,,,,,,,,,,,,,,,,,,,,,,,,,,,,,,,,,,,,,,,,,,,,,,,,,,,,,,,,,,,,,,,,,,,,,,,,,,,,,,,,,,,,,,,,,,,,,,,,,,,,,,,,,,
LA-PRI,Brighton and Hove,Non-London,Primary,,,Medium,5244,154,5353,2664,244,1074,353,369,107,131,71,219,34,121,59,5414,,,,,,,,,,,,,,,,,,,,,,,,,,,,,,,,,,,,,,,,,,,,,,,,,,,,,,,,,,,,,,,,,,,,,,,,,,,,,,,,,,,,,,,,,,,,,,,,,,,,,,,,,,,,,,,,,,,,,,,,,,,,
LA-PRI,Brighton and Hove,Non-London,Primary,,,High,6396,208,6604,3111,422,1511,455,695,138,132,73,297,104,106,89,7131,,,,,,,,,,,,,,,,,,,,,,,,,,,,,,,,,,,,,,,,,,,,,,,,,,,,,,,,,,,,,,,,,,,,,,,,,,,,,,,,,,,,,,,,,,,,,,,,,,,,,,,,,,,,,,,,,,,,,,,,,,,,
LA-PRI,Brighton and Hove,Non-London,Primary,,,Low,3784,157,3970,1986,162,713,286,289,50,121,46,227,32,75,57,4000,,,,,,,,,,,,,,,,,,,,,,,,,,,,,,,,,,,,,,,,,,,,,,,,,,,,,,,,,,,,,,,,,,,,,,,,,,,,,,,,,,,,,,,,,,,,,,,,,,,,,,,,,,,,,,,,,,,,,,,,,,,,
LA-SEC-WITH-KS4,Brighton and Hove,Non-London,Secondary With KS4,,,Low,5331,280,5558,3070,135,624,420,624,23,96,78,237,45,23,178,5649,,,,,,,,,,,,,,,,,,,,,,,,,,,,,,,,,,,,,,,,,,,,,,,,,,,,,,,,,,,,,,,,,,,,,,,,,,,,,,,,,,,,,,,,,,,,,,,,,,,,,,,,,,,,,,,,,,,,,,,,,,,,
LA-SEC-WITH-KS4,Brighton and Hove,Non-London,Secondary With KS4,,,Medium,6590,353,6942,3812,109,1377,338,519,6,146,104,226,107,30,237,7012,,,,,,,,,,,,,,,,,,,,,,,,,,,,,,,,,,,,,,,,,,,,,,,,,,,,,,,,,,,,,,,,,,,,,,,,,,,,,,,,,,,,,,,,,,,,,,,,,,,,,,,,,,,,,,,,,,,,,,,,,,,,
LA-SPE,Brighton and Hove,Non-London,Special,,,High,25558,273,26432,8640,881,7472,1657,1885,290,807,250,699,140,179,483,26843,,,,,,,,,,,,,,,,,,,,,,,,,,,,,,,,,,,,,,,,,,,,,,,,,,,,,,,,,,,,,,,,,,,,,,,,,,,,,,,,,,,,,,,,,,,,,,,,,,,,,,,,,,,,,,,,,,,,,,,,,,,,
LA-SPE,Brighton and Hove,Non-London,Special,,,Medium,24679,1280,25959,9572,564,9019,1393,1623,155,867,279,889,182,187,102,24831,,,,,,,,,,,,,,,,,,,,,,,,,,,,,,,,,,,,,,,,,,,,,,,,,,,,,,,,,,,,,,,,,,,,,,,,,,,,,,,,,,,,,,,,,,,,,,,,,,,,,,,,,,,,,,,,,,,,,,,,,,,,
NAT-PRI,,,Primary,,,,4668,146,4840,2162,126,814,311,377,184,164,58,207,63,82,89,4777,,,,,,,,,,,,,,,,,,,,,,,,,,,,,,,,,,,,,,,,,,,,,,,,,,,,,,,,,,,,,,,,,,,,,,,,,,,,,,,,,,,,,,,,,,,,,,,,,,,,,,,,,,,,,,,,,,,,,,,,,,,,
NAT-PRU,,,Pupil Referral Unit,,,,45422,973,47592,19203,2186,7041,2003,4398,358,880,315,1524,426,1186,654,44935,,,,,,,,,,,,,,,,,,,,,,,,,,,,,,,,,,,,,,,,,,,,,,,,,,,,,,,,,,,,,,,,,,,,,,,,,,,,,,,,,,,,,,,,,,,,,,,,,,,,,,,,,,,,,,,,,,,,,,,,,,,,
NAT-SEC-WITH-KS4,,,Secondary With KS4,,,,5751,153,5988,3235,122,622,373,545,56,100,97,232,72,64,227,6013,,,,,,,,,,,,,,,,,,,,,,,,,,,,,,,,,,,,,,,,,,,,,,,,,,,,,,,,,,,,,,,,,,,,,,,,,,,,,,,,,,,,,,,,,,,,,,,,,,,,,,,,,,,,,,,,,,,,,,,,,,,,
NAT-SPE,,,Special,,,,22538,467,23406,8218,364,7373,1404,1700,280,712,272,716,201,290,153,23022,,,,,,,,,,,,,,,,,,,,,,,,,,,,,,,,,,,,,,,,,,,,,,,,,,,,,,,,,,,,,,,,,,,,,,,,,,,,,,,,,,,,,,,,,,,,,,,,,,,,,,,,,,,,,,,,,,,,,,,,,,,,
NAT-SEC-WITHOUT-KS4,,,Secondary Without KS4,,,,4611,136,4760,2636,103,508,321,409,33,113,73,257,49,57,120,4725,,,,,,,,,,,,,,,,,,,,,,,,,,,,,,,,,,,,,,,,,,,,,,,,,,,,,,,,,,,,,,,,,,,,,,,,,,,,,,,,,,,,,,,,,,,,,,,,,,,,,,,,,,,,,,,,,,,,,,,,,,,,
LONDON-PRI,,London,Primary,,,Medium,"6,322",141,"6,507","2,661",247,"1,215",430,494,235,205,63,245,80,186,112,"6,480",,,,,,,,,,,,,,,,,,,,,,,,,,,,,,,,,,,,,,,,,,,,,,,,,,,,,,,,,,,,,,,,,,,,,,,,,,,,,,,,,,,,,,,,,,,,,,,,,,,,,,,,,,,,,,,,,,,,,,,,,,,,
LONDON-NA,,London,Not Applicable,,,Medium,"9,847",793,"10,603","3,121",112,"2,848",929,"1,151",129,275,70,174,61,339,100,"10,807",,,,,,,,,,,,,,,,,,,,,,,,,,,,,,,,,,,,,,,,,,,,,,,,,,,,,,,,,,,,,,,,,,,,,,,,,,,,,,,,,,,,,,,,,,,,,,,,,,,,,,,,,,,,,,,,,,,,,,,,,,,,
LONDON-PRU,,London,Pupil Referral Unit,,,Medium,"37,090","1,174","40,970","17,534","3,021","6,100","1,660","2,843",452,306,291,637,251,"1,610",410,"39,629",,,,,,,,,,,,,,,,,,,,,,,,,,,,,,,,,,,,,,,,,,,,,,,,,,,,,,,,,,,,,,,,,,,,,,,,,,,,,,,,,,,,,,,,,,,,,,,,,,,,,,,,,,,,,,,,,,,,,,,,,,,,
LONDON-PRU,,London,Pupil Referral Unit,,,High,"45,933",689,"48,258","21,554","6,622","7,670","1,791","4,290",301,596,303,"1,392",538,"1,126",295,"47,803",,,,,,,,,,,,,,,,,,,,,,,,,,,,,,,,,,,,,,,,,,,,,,,,,,,,,,,,,,,,,,,,,,,,,,,,,,,,,,,,,,,,,,,,,,,,,,,,,,,,,,,,,,,,,,,,,,,,,,,,,,,,
LONDON-PRI,,London,Primary,,,High,"7,166",123,"7,312","2,958",284,"1,355",516,594,302,252,72,269,98,258,130,"7,355",,,,,,,,,,,,,,,,,,,,,,,,,,,,,,,,,,,,,,,,,,,,,,,,,,,,,,,,,,,,,,,,,,,,,,,,,,,,,,,,,,,,,,,,,,,,,,,,,,,,,,,,,,,,,,,,,,,,,,,,,,,,
LONDON-PRI,,London,Primary,,,Low,"5,106",160,"5,326","2,360",177,924,337,418,180,176,55,208,69,107,93,"5,286",,,,,,,,,,,,,,,,,,,,,,,,,,,,,,,,,,,,,,,,,,,,,,,,,,,,,,,,,,,,,,,,,,,,,,,,,,,,,,,,,,,,,,,,,,,,,,,,,,,,,,,,,,,,,,,,,,,,,,,,,,,,
LONDON-SEC-WITH-KS4,,London,Secondary With KS4,,,High,"8,813",112,"8,938","4,644",322,969,707,718,198,178,94,464,142,127,310,"9,084",,,,,,,,,,,,,,,,,,,,,,,,,,,,,,,,,,,,,,,,,,,,,,,,,,,,,,,,,,,,,,,,,,,,,,,,,,,,,,,,,,,,,,,,,,,,,,,,,,,,,,,,,,,,,,,,,,,,,,,,,,,,
LONDON-SEC-WITH-KS4,,London,Secondary With KS4,,,Medium,"7,785",136,"7,961","4,185",220,840,505,751,124,150,106,331,109,115,255,"8,019",,,,,,,,,,,,,,,,,,,,,,,,,,,,,,,,,,,,,,,,,,,,,,,,,,,,,,,,,,,,,,,,,,,,,,,,,,,,,,,,,,,,,,,,,,,,,,,,,,,,,,,,,,,,,,,,,,,,,,,,,,,,
LONDON-SEC-WITH-KS4,,London,Secondary With KS4,,,Low,"6,253",169,"6,421","3,664",147,624,397,608,48,105,92,234,88,82,208,"6,438",,,,,,,,,,,,,,,,,,,,,,,,,,,,,,,,,,,,,,,,,,,,,,,,,,,,,,,,,,,,,,,,,,,,,,,,,,,,,,,,,,,,,,,,,,,,,,,,,,,,,,,,,,,,,,,,,,,,,,,,,,,,
LONDON-SPE,,London,Special,,,Low,"13,921",219,"18,215","7,504",364,"2,373",32,"1,715",4,418,0,632,379,363,135,"18,242",,,,,,,,,,,,,,,,,,,,,,,,,,,,,,,,,,,,,,,,,,,,,,,,,,,,,,,,,,,,,,,,,,,,,,,,,,,,,,,,,,,,,,,,,,,,,,,,,,,,,,,,,,,,,,,,,,,,,,,,,,,,
LONDON-SPE,,London,Special,,,High,"29,699",416,"30,389","10,610",664,"8,290","2,008","2,458",326,902,335,888,316,740,245,"30,713",,,,,,,,,,,,,,,,,,,,,,,,,,,,,,,,,,,,,,,,,,,,,,,,,,,,,,,,,,,,,,,,,,,,,,,,,,,,,,,,,,,,,,,,,,,,,,,,,,,,,,,,,,,,,,,,,,,,,,,,,,,,
LONDON-NA,,London,Not Applicable,,,High,"11,899",581,"12,750","3,363",77,"4,066",908,"1,483",223,390,93,195,76,179,396,"12,943",,,,,,,,,,,,,,,,,,,,,,,,,,,,,,,,,,,,,,,,,,,,,,,,,,,,,,,,,,,,,,,,,,,,,,,,,,,,,,,,,,,,,,,,,,,,,,,,,,,,,,,,,,,,,,,,,,,,,,,,,,,,
LONDON-SPE,,London,Special,,,Medium,"26,784",392,"27,569","9,497",419,"9,062","1,348","1,939",229,925,257,639,281,684,153,"26,238",,,,,,,,,,,,,,,,,,,,,,,,,,,,,,,,,,,,,,,,,,,,,,,,,,,,,,,,,,,,,,,,,,,,,,,,,,,,,,,,,,,,,,,,,,,,,,,,,,,,,,,,,,,,,,,,,,,,,,,,,,,,
LONDON-NA,,London,Not Applicable,,,Low,"9,384","1,251","10,360","2,848",139,"3,678",678,"1,150",35,318,79,222,90,100,165,"10,168",,,,,,,,,,,,,,,,,,,,,,,,,,,,,,,,,,,,,,,,,,,,,,,,,,,,,,,,,,,,,,,,,,,,,,,,,,,,,,,,,,,,,,,,,,,,,,,,,,,,,,,,,,,,,,,,,,,,,,,,,,,,
LONDON-SEC-WITHOUT-KS4,,London,Secondary Without KS4,,,Low,"5,954",108,"6,062","3,199",93,893,284,563,89,111,83,306,136,137,156,"6,047",,,,,,,,,,,,,,,,,,,,,,,,,,,,,,,,,,,,,,,,,,,,,,,,,,,,,,,,,,,,,,,,,,,,,,,,,,,,,,,,,,,,,,,,,,,,,,,,,,,,,,,,,,,,,,,,,,,,,,,,,,,,
LONDON-PRU,,London,Pupil Referral Unit,,,Low,"29,566","2,026","32,196","11,714","2,046","4,570","1,091","3,010",63,175,135,"1,011",155,516,438,"30,642",,,,,,,,,,,,,,,,,,,,,,,,,,,,,,,,,,,,,,,,,,,,,,,,,,,,,,,,,,,,,,,,,,,,,,,,,,,,,,,,,,,,,,,,,,,,,,,,,,,,,,,,,,,,,,,,,,,,,,,,,,,,
NON-LONDON-NA,,Non-London,Not Applicable,,,High,"7,210","1,054","8,664","2,543",126,"2,083",490,"1,810",179,242,82,267,15,41,105,"8,647",,,,,,,,,,,,,,,,,,,,,,,,,,,,,,,,,,,,,,,,,,,,,,,,,,,,,,,,,,,,,,,,,,,,,,,,,,,,,,,,,,,,,,,,,,,,,,,,,,,,,,,,,,,,,,,,,,,,,,,,,,,,
NON-LONDON-NA,,Non-London,Not Applicable,,,Medium,"7,687",690,"8,393","2,363",151,"2,651",610,"1,119",73,278,83,173,37,36,181,"8,640",,,,,,,,,,,,,,,,,,,,,,,,,,,,,,,,,,,,,,,,,,,,,,,,,,,,,,,,,,,,,,,,,,,,,,,,,,,,,,,,,,,,,,,,,,,,,,,,,,,,,,,,,,,,,,,,,,,,,,,,,,,,
NON-LONDON-NA,,Non-London,Not Applicable,,,Low,"7,850",692,"8,876","2,718",81,"2,752",633,"1,015",17,253,98,203,57,70,179,"8,934",,,,,,,,,,,,,,,,,,,,,,,,,,,,,,,,,,,,,,,,,,,,,,,,,,,,,,,,,,,,,,,,,,,,,,,,,,,,,,,,,,,,,,,,,,,,,,,,,,,,,,,,,,,,,,,,,,,,,,,,,,,,
NON-LONDON-PRU,,Non-London,Pupil Referral Unit,,,High,"40,033",808,"43,402","16,165","1,918","7,001","1,971","4,330",371,863,301,"1,587",383,813,659,"42,985",,,,,,,,,,,,,,,,,,,,,,,,,,,,,,,,,,,,,,,,,,,,,,,,,,,,,,,,,,,,,,,,,,,,,,,,,,,,,,,,,,,,,,,,,,,,,,,,,,,,,,,,,,,,,,,,,,,,,,,,,,,,
NON-LONDON-PRI,,Non-London,Primary,,,Medium,"5,096",105,"5,226","2,205",132,"1,025",352,390,209,176,64,223,63,99,94,"5,150",,,,,,,,,,,,,,,,,,,,,,,,,,,,,,,,,,,,,,,,,,,,,,,,,,,,,,,,,,,,,,,,,,,,,,,,,,,,,,,,,,,,,,,,,,,,,,,,,,,,,,,,,,,,,,,,,,,,,,,,,,,,
NON-LONDON-PRI,,Non-London,Primary,,,Low,"4,381",157,"4,566","2,099",117,737,290,358,174,155,55,200,60,72,87,"4,507",,,,,,,,,,,,,,,,,,,,,,,,,,,,,,,,,,,,,,,,,,,,,,,,,,,,,,,,,,,,,,,,,,,,,,,,,,,,,,,,,,,,,,,,,,,,,,,,,,,,,,,,,,,,,,,,,,,,,,,,,,,,
NON-LONDON-PRI,,Non-London,Primary,,,High,"5,641",96,"5,773","2,377",141,"1,138",400,437,245,190,73,252,69,115,98,"5,753",,,,,,,,,,,,,,,,,,,,,,,,,,,,,,,,,,,,,,,,,,,,,,,,,,,,,,,,,,,,,,,,,,,,,,,,,,,,,,,,,,,,,,,,,,,,,,,,,,,,,,,,,,,,,,,,,,,,,,,,,,,,
NON-LONDON-SEC-WITH-KS4,,Non-London,Secondary With KS4,,,High,"7,108",173,"7,203","3,700",210,701,509,756,176,135,131,230,53,64,247,"7,287",,,,,,,,,,,,,,,,,,,,,,,,,,,,,,,,,,,,,,,,,,,,,,,,,,,,,,,,,,,,,,,,,,,,,,,,,,,,,,,,,,,,,,,,,,,,,,,,,,,,,,,,,,,,,,,,,,,,,,,,,,,,
NON-LONDON-SEC-WITH-KS4,,Non-London,Secondary With KS4,,,Low,"5,389",156,"5,580","3,102",105,578,349,495,41,88,90,212,68,54,223,"5,571",,,,,,,,,,,,,,,,,,,,,,,,,,,,,,,,,,,,,,,,,,,,,,,,,,,,,,,,,,,,,,,,,,,,,,,,,,,,,,,,,,,,,,,,,,,,,,,,,,,,,,,,,,,,,,,,,,,,,,,,,,,,
NON-LONDON-SEC-WITH-KS4,,Non-London,Secondary With KS4,,,Medium,"6,418",146,"6,604","3,397",169,762,426,645,104,131,112,269,78,90,233,"6,653",,,,,,,,,,,,,,,,,,,,,,,,,,,,,,,,,,,,,,,,,,,,,,,,,,,,,,,,,,,,,,,,,,,,,,,,,,,,,,,,,,,,,,,,,,,,,,,,,,,,,,,,,,,,,,,,,,,,,,,,,,,,
NON-LONDON-SPE,,Non-London,Special,,,High,"22,161",426,"23,140","8,278",412,"7,105","1,444","1,741",322,721,275,770,193,331,158,"23,022",,,,,,,,,,,,,,,,,,,,,,,,,,,,,,,,,,,,,,,,,,,,,,,,,,,,,,,,,,,,,,,,,,,,,,,,,,,,,,,,,,,,,,,,,,,,,,,,,,,,,,,,,,,,,,,,,,,,,,,,,,,,
NON-LONDON-SPE,,Non-London,Special,,,Medium,"21,204",522,"21,911","7,657",308,"7,407","1,294","1,445",237,675,250,665,182,207,133,"21,729",,,,,,,,,,,,,,,,,,,,,,,,,,,,,,,,,,,,,,,,,,,,,,,,,,,,,,,,,,,,,,,,,,,,,,,,,,,,,,,,,,,,,,,,,,,,,,,,,,,,,,,,,,,,,,,,,,,,,,,,,,,,
NON-LONDON-PRU,,Non-London,Pupil Referral Unit,,,Medium,"39,275",694,"41,222","19,431","2,177","5,974","1,907","3,588",322,942,343,"1,447",325,"1,145",601,"40,685",,,,,,,,,,,,,,,,,,,,,,,,,,,,,,,,,,,,,,,,,,,,,,,,,,,,,,,,,,,,,,,,,,,,,,,,,,,,,,,,,,,,,,,,,,,,,,,,,,,,,,,,,,,,,,,,,,,,,,,,,,,,
NON-LONDON-PRU,,Non-London,Pupil Referral Unit,,,Low,"103,381","2,454","111,744","52,596","2,612","17,187","3,269","11,260",345,"3,343",484,"2,634","1,431","1,830",821,"110,901",,,,,,,,,,,,,,,,,,,,,,,,,,,,,,,,,,,,,,,,,,,,,,,,,,,,,,,,,,,,,,,,,,,,,,,,,,,,,,,,,,,,,,,,,,,,,,,,,,,,,,,,,,,,,,,,,,,,,,,,,,,,
NON-LONDON-SEC-WITHOUT-KS4,,Non-London,Secondary Without KS4,,,Low,"4,536",136,"4,669","2,609",101,492,321,403,32,111,71,255,48,57,117,"4,668",,,,,,,,,,,,,,,,,,,,,,,,,,,,,,,,,,,,,,,,,,,,,,,,,,,,,,,,,,,,,,,,,,,,,,,,,,,,,,,,,,,,,,,,,,,,,,,,,,,,,,,,,,,,,,,,,,,,,,,,,,,,
NON-LONDON-SPE,,Non-London,Special,,,Low,"22,207",826,"23,455","8,205",267,"8,145","1,442","1,990",204,659,305,671,194,223,103,"22,956",,,,,,,,,,,,,,,,,,,,,,,,,,,,,,,,,,,,,,,,,,,,,,,,,,,,,,,,,,,,,,,,,,,,,,,,,,,,,,,,,,,,,,,,,,,,,,,,,,,,,,,,,,,,,,,,,,,,,,,,,,,,
NON-LONDON-SEC-WITHOUT-KS4,,Non-London,Secondary Without KS4,,,Medium,"10,624",394,"11,018","5,369",182,"1,052",781,"1,178",277,210,314,477,114,58,260,"11,047",,,,,,,,,,,,,,,,,,,,,,,,,,,,,,,,,,,,,,,,,,,,,,,,,,,,,,,,,,,,,,,,,,,,,,,,,,,,,,,,,,,,,,,,,,,,,,,,,,,,,,,,,,,,,,,,,,,,,,,,,,,,