RECTYPE,ALPHAIND,LEA,ESTAB,URN,SCHNAME,ADDRESS1,ADDRESS2,ADDRESS3,TOWN,PCODE,TELNUM,URN_AC,SCHNAME_AC,OPEN_AC,NFTYPE,ICLOSE,RELDENOM,AGERANGE,CONFEXAM,TAB15,TAB1618,TOTPUPS,TPUPYEAR,TELIG,BELIG,GELIG,PBELIG,PGELIG,TKS1APS,TKS1EXP_L,PKS1EXP_L,TKS1EXP_M,PKS1EXP_M,TKS1EXP_H,PKS1EXP_H,TEALGRP2,PTEALGRP2,TMOBN,PTMOBN,SENELS,PSENELS,PT2ENG12,COVENG12,PT2MATH12,COVMATH12,PT2ENG12_L,PT2ENG12_M,PT2ENG12_H,PT2MATH12_L,PT2MATH12_M,PT2MATH12_H,PT2ENG12_B,PT2ENG12_G,PT2MATH12_B,PT2MATH12_G,PT2ENG12_EALY,PT2MATH12_EALY,PT2ENG12_MOBN,PT2MATH12_MOBN,TFSMCLA,PTFSMCLA,PTFSMCLAENGMATX,PTFSMCLAENGMATAX,TNOTFSMCLA,PTNOTFSMCLA,PTNOTFSMCLAENGMATX,PTNOTFSMCLAENGMATAX,PTENGMATX,PTENGMATAX,PTENGMATBX,PTENGX,PTENGAX,PTENGBX,PTENGAT,PTMATX,PTMATAX,PTMATBX,PTMATAT,TAPS,PBENGMATX,PGENGMATX,PBENGMATAX,PGENGMATAX,PTENGMATX_EALY,PTENGMATAX_EALY,PTENGMATX_L,PTENGMATX_M,PTENGMATX_H,PTENGMATAX_L,PTENGMATAX_M,PTENGMATAX_H,PTENGMATBX_L,PTENGMATBX_M,PTENGMATBX_H,PTENGMATX_MOBN,PTENGMATAX_MOBN,PTREADWRITTAMATX,PTREADWRITTAMATAX,PTREADWRITTAMATBX,PTENGXTA,PTENGAXTA,PTENGBXTA,PTENGADTA,PTMATXTA,PTMATAXTA,PTMATBXTA,PTMATADTA,PTSCIXTA,PTSCIAXTA,PTSCIBXTA,PTSCIADTA,PTREADXTA,PTREADAXTA,PTREADBXTA,PTREADADTA,PTWRITXTA,PTWRITAXTA,PTWRITBXTA,PTWRITADTA,PTENGMATX09,PTENGMATX10,PTENGMATX11,PTENGMATX12,TFSMCLA11,PTFSMCLA11,TNOTFSMCLA11,PTNOTFSMCLA11,PTFSMCLAENGMATX11,PTNOTFSMCLAENGMATX11,PT2ENG12_FSMCLA11,PT2ENG12_NOTFSMCLA11,PT2MATH12_FSMCLA11,PT2MATH12_NOTFSMCLA11,DUMMY6,DUMMY7,DUMMY8,DUMMY9,DUMMY10,DUMMY11,DUMMY12,TEALGRP1,PTEALGRP1,TEALGRP3,PTEALGRP3,TSENELST,PSENELST,TSENELSAP,PSENELSAP,SENELN,PSENELN,PT2ENG12_FSMCLA,PT2ENG12_NOTFSMCLA,PT2MATH12_FSMCLA,PT2MATH12_NOTFSMCLA,DUMMY1,DUMMY2,PTREADX,PTREADAX,PTREADBX,DUMMY3,DUMMY4,DUMMY5,EMVAMEAS,EMLCONF,EMUCONF,VACOV,EVAMEAS,ELCONF,EUCONF,MVAMEAS,MLCONF,MUCONF,EMVAMEAS_L,EMLCONF_L,EMUCONF_L,EMVAMEAS_M,EMLCONF_M,EMUCONF_M,EMVAMEAS_H,EMLCONF_H,EMUCONF_H,EMVAMEAS_FSMCLA,EMLCONF_FSMCLA,EMUCONF_FSMCLA,EMVAMEAS_NONFSMCLA,EMLCONF_NONFSMCLA,EMUCONF_NONFSMCLA
1,812,846,3328,114555,Aldrington CofE Primary School,Eridge Road,,,Hove,BN3 7QD,01273 542656,0,,,VA,0,Church of England,4-11,1,0,0,216,30,29,13,16,45%,55%,16.5,2,8%,14,56%,9,36%,4,14%,29,100%,2,7%,72%,86%,72%,86%,SUPP,79%,67%,SUPP,79%,67%,69%,75%,77%,67%,SUPP,SUPP,72%,72%,4,14%,SUPP,SUPP,25,86%,SUPP,SUPP,83%,38%,14%,86%,52%,14%,0%,83%,48%,17%,0%,29.2,77%,88%,31%,44%,SUPP,SUPP,SUPP,79%,100%,SUPP,36%,56%,SUPP,14%,0%,83%,38%,83%,34%,7%,93%,52%,7%,0%,83%,41%,17%,0%,90%,28%,10%,0%,90%,59%,10%,0%,86%,48%,14%,0%,83%,IA,97%,83%,2,7%,28,93%,SUPP,SUPP,SUPP,SUPP,SUPP,SUPP,,,,,,,,25,86%,0,0%,1,3%,1,3%,8,28%,SUPP,SUPP,SUPP,SUPP,,,93%,55%,7%,,,,99.1,98.3,100.0,86%,99.1,98.1,100.0,99.3,98.2,100.4,SUPP,SUPP,SUPP,99.6,98.2,101.0,98.5,96.8,100.2,SUPP,SUPP,SUPP,SUPP,SUPP,SUPP
1,2794,846,2040,114382,Balfour Primary School,Balfour Road,,,Brighton,BN1 6NE,01273 507722,0,,,CY,0,Does not apply,4-11,0,0,0,839,95,96,53,43,55%,45%,16.8,8,9%,48,52%,36,39%,0,0%,96,100%,10,10%,88%,96%,91%,96%,75%,90%,89%,50%,94%,97%,86%,91%,90%,93%,,,88%,91%,8,8%,63%,38%,88,92%,91%,52%,89%,51%,5%,93%,59%,7%,0%,91%,68%,9%,0%,30.4,85%,93%,49%,53%,,,38%,90%,97%,0%,35%,83%,38%,4%,0%,89%,51%,83%,30%,2%,92%,53%,8%,0%,92%,70%,8%,0%,95%,45%,5%,0%,98%,84%,2%,0%,88%,33%,13%,0%,NA,NA,NA,89%,NA,NA,NA,NA,NA,NA,NA,NA,NA,NA,,,,,,,,96,100%,0,0%,2,2%,8,8%,4,4%,57%,91%,71%,93%,,,96%,68%,4%,,,,100.2,99.7,100.7,96%,99.9,99.4,100.4,100.4,99.9,101.0,99.2,97.3,101.0,100.5,99.8,101.3,99.9,99.1,100.8,98.3,96.3,100.3,100.3,99.8,100.9
1,4182,846,2080,114412,Benfield Junior School,255 Old Shoreham Road,Portslade,,Brighton,BN41 1XS,01273 294950,0,,,CY,0,Does not apply,4-11,1,0,0,304,63,61,29,32,48%,52%,15.2,10,18%,32,56%,15,26%,6,10%,57,93%,11,18%,79%,93%,67%,93%,70%,81%,80%,60%,59%,87%,81%,77%,67%,67%,SUPP,SUPP,78%,65%,19,31%,53%,0%,42,69%,69%,19%,64%,13%,15%,79%,28%,20%,2%,69%,18%,30%,2%,26.4,62%,66%,7%,19%,50%,0%,20%,66%,100%,0%,3%,47%,50%,9%,0%,63%,14%,59%,11%,10%,70%,18%,30%,0%,64%,20%,36%,0%,84%,28%,16%,0%,70%,26%,30%,0%,69%,18%,31%,0%,58%,68%,71%,64%,17,27%,45,73%,53%,78%,59%,56%,81%,80%,,,,,,,,55,90%,0,0%,2,3%,9,15%,14,23%,72%,82%,61%,69%,,,85%,43%,13%,,,,98.1,97.5,98.7,93%,98.9,98.3,99.6,97.3,96.5,98.0,97.1,95.5,98.8,98.0,97.1,98.9,98.3,96.9,99.6,97.4,96.1,98.6,98.2,97.3,99.0
1,4408,846,2163,114485,Bevendean Primary School,Heath Hill Avenue,Lower Bevendean,,Brighton,BN2 4JP,01273 681292,0,,,CY,0,Does not apply,3-11,1,0,0,425,58,58,35,23,60%,40%,13.2,19,34%,30,54%,7,13%,3,5%,53,91%,15,26%,96%,97%,98%,97%,100%,97%,86%,95%,100%,100%,94%,100%,100%,95%,SUPP,SUPP,100%,98%,31,53%,71%,13%,27,47%,81%,22%,76%,17%,12%,79%,22%,21%,0%,84%,40%,16%,0%,27.7,74%,78%,20%,13%,SUPP,SUPP,37%,97%,100%,5%,10%,86%,32%,0%,0%,77%,19%,64%,10%,9%,83%,33%,17%,0%,83%,40%,17%,0%,74%,28%,26%,0%,84%,43%,16%,0%,67%,12%,33%,0%,59%,59%,77%,76%,21,49%,22,51%,76%,77%,90%,90%,86%,100%,,,,,,,,55,95%,0,0%,1,2%,14,24%,5,9%,97%,96%,97%,100%,,,84%,38%,16%,,,,101.0,100.4,101.6,97%,100.7,100.1,101.4,101.2,100.5,102.0,102.5,101.3,103.7,100.6,99.7,101.6,99.0,97.0,101.0,101.2,100.3,102.1,100.9,99.9,102.0
1,4578,846,2008,138261,Bilingual Primary School - Brighton & Hove,Lewes Road,,,Brighton,BN1 9PW,01273 414096,0,,,F,0,None,4-11,1,0,0,NEW,,,,,,,,,,,,,,,,,,,,,,,,,,,,,,,,,,,,,,,,,,,,,,,,,,,,,,,,,,,,,,,,,,,,,,,,,,,,,,,,,,,,,,,,,,,,,,,,,,,,,,,,,,,,,,,,,,,,,,,,,,,,,,,,,,,,,,,,,,,,,,,,,,,,,,,,,,,,,,,,,,,,,
1,8468,846,2001,131789,Carden Primary School,County Oak Avenue,,,Brighton,BN1 8LU,01273 293677,0,,,CY,0,Does not apply,3-11,1,0,0,427,46,44,23,21,52%,48%,14.7,10,24%,24,57%,8,19%,3,7%,42,95%,8,18%,93%,95%,93%,95%,90%,92%,100%,90%,96%,88%,86%,100%,91%,95%,SUPP,SUPP,93%,93%,17,39%,65%,6%,27,61%,96%,41%,84%,27%,5%,84%,36%,16%,0%,95%,36%,5%,0%,28.2,74%,95%,26%,29%,SUPP,SUPP,60%,92%,100%,0%,25%,63%,10%,4%,0%,86%,29%,70%,20%,5%,75%,36%,25%,0%,80%,41%,20%,0%,80%,39%,20%,0%,84%,43%,16%,0%,70%,23%,30%,0%,75%,IA,83%,84%,20,43%,26,57%,85%,81%,84%,80%,84%,92%,,,,,,,,41,93%,0,0%,4,9%,4,9%,14,32%,80%,100%,87%,96%,,,95%,50%,5%,,,,100.3,99.6,101.0,95%,100.2,99.4,100.9,100.4,99.5,101.2,101.4,99.7,103.0,99.9,98.8,101.0,100.1,98.3,102.0,99.3,97.9,100.7,100.9,99.8,101.9
1,8562,846,2037,114381,Carlton Hill Primary School,Sussex Street,,,Brighton,BN2 9HS,01273 604966,0,,,CY,0,Does not apply,4-11,0,0,0,217,32,31,23,8,74%,26%,14.0,5,19%,15,58%,6,23%,5,16%,28,90%,8,26%,85%,84%,67%,87%,SUPP,87%,67%,SUPP,67%,83%,89%,75%,74%,50%,SUPP,SUPP,83%,68%,20,65%,50%,10%,11,35%,73%,18%,58%,13%,16%,74%,29%,26%,0%,68%,23%,32%,0%,26.2,57%,63%,17%,0%,SUPP,SUPP,SUPP,60%,100%,SUPP,0%,33%,SUPP,7%,0%,54%,14%,55%,13%,13%,77%,29%,23%,0%,84%,32%,16%,0%,74%,16%,26%,0%,77%,32%,23%,0%,68%,26%,32%,0%,63%,IA,71%,58%,15,54%,13,46%,67%,77%,92%,100%,75%,75%,,,,,,,,26,84%,0,0%,2,6%,6,19%,6,19%,94%,70%,65%,70%,,,77%,35%,23%,,,,98.7,97.8,99.5,84%,99.3,98.4,100.2,98.1,97.1,99.2,SUPP,SUPP,SUPP,98.8,97.5,100.2,99.8,97.7,101.9,98.3,97.0,99.6,98.7,97.1,100.4
1,11180,846,2044,114384,Coldean Primary School,Kenwards,Coldean,,Brighton,BN1 9EN,01273 294914,0,,,CY,0,Does not apply,3-11,0,0,0,329,39,40,15,25,38%,63%,14.6,13,33%,15,38%,12,30%,0,0%,36,90%,5,13%,90%,100%,78%,100%,92%,93%,83%,69%,93%,67%,87%,92%,80%,76%,,,89%,75%,19,48%,74%,21%,21,53%,71%,29%,73%,25%,5%,83%,35%,18%,0%,85%,25%,15%,0%,27.5,60%,80%,13%,32%,,,31%,87%,100%,0%,27%,50%,15%,0%,0%,69%,25%,65%,23%,5%,90%,43%,10%,0%,88%,30%,13%,0%,98%,65%,3%,0%,95%,53%,5%,0%,73%,30%,28%,0%,68%,IA,81%,73%,11,35%,20,65%,55%,95%,73%,90%,55%,85%,,,,,,,,40,100%,0,0%,0,0%,5,13%,9,23%,89%,90%,74%,81%,,,95%,45%,5%,,,,99.6,98.9,100.3,100%,100.1,99.4,100.9,99.1,98.2,99.9,100.4,98.9,101.8,99.8,98.5,101.2,98.4,96.9,99.9,99.9,98.7,101.1,99.3,98.2,100.4
1,11632,846,2007,114365,Coombe Road Primary School,Coombe Road,,,Brighton,BN2 4ED,01273 707878,0,,,CY,0,Does not apply,4-11,0,0,0,317,44,44,21,23,48%,52%,14.2,9,22%,25,61%,7,17%,1,2%,38,86%,4,9%,90%,93%,78%,93%,78%,96%,86%,56%,80%,100%,80%,100%,70%,86%,SUPP,SUPP,92%,76%,26,59%,50%,15%,18,41%,89%,22%,66%,18%,14%,82%,27%,18%,0%,70%,20%,30%,0%,26.7,57%,74%,14%,22%,SUPP,SUPP,11%,72%,100%,0%,12%,57%,67%,0%,0%,68%,18%,61%,11%,11%,73%,18%,27%,0%,70%,14%,30%,0%,64%,2%,36%,0%,73%,23%,27%,0%,77%,18%,23%,0%,57%,IA,72%,66%,18,56%,14,44%,56%,93%,88%,83%,81%,75%,,,,,,,,43,98%,0,0%,2,5%,2,5%,18,41%,92%,88%,68%,94%,,,82%,27%,18%,,,,99.1,98.4,99.8,93%,99.3,98.5,100.0,99.0,98.1,99.8,97.7,96.0,99.5,99.1,98.0,100.1,100.4,98.5,102.4,98.9,97.8,99.9,99.2,97.9,100.5
1,11996,846,3341,114567,Cottesmore St Mary's Catholic Primary School,The Upper Drive,,,Hove,BN3 6NB,01273 555811,0,,,VA,0,Roman Catholic,5-11,0,0,0,437,65,65,32,33,49%,51%,16.3,7,11%,33,52%,24,38%,4,6%,64,98%,7,11%,94%,98%,89%,98%,57%,100%,96%,43%,91%,100%,91%,97%,88%,91%,SUPP,SUPP,94%,89%,5,8%,SUPP,SUPP,60,92%,SUPP,SUPP,83%,48%,6%,91%,51%,9%,0%,86%,66%,14%,0%,30.2,84%,82%,44%,52%,SUPP,SUPP,0%,88%,100%,0%,24%,96%,57%,0%,0%,83%,48%,83%,38%,6%,94%,57%,6%,0%,91%,57%,9%,0%,97%,66%,3%,0%,94%,74%,6%,0%,89%,38%,11%,0%,94%,84%,89%,83%,4,6%,60,94%,SUPP,SUPP,SUPP,SUPP,SUPP,SUPP,,,,,,,,61,94%,0,0%,1,2%,6,9%,3,5%,SUPP,SUPP,SUPP,SUPP,,,92%,68%,8%,,,,100.5,99.9,101.1,98%,100.1,99.4,100.7,100.9,100.2,101.6,97.0,95.1,99.0,100.5,99.6,101.5,101.5,100.4,102.6,SUPP,SUPP,SUPP,SUPP,SUPP,SUPP
1,14096,846,2009,114366,Downs Junior School,Rugby Road,,,Brighton,BN1 6ED,01273 558422,0,,,CY,0,Does not apply,7-11,0,0,0,507,127,126,60,66,48%,52%,17.6,9,7%,56,45%,60,48%,3,2%,121,96%,11,9%,90%,99%,87%,99%,89%,91%,90%,44%,88%,93%,88%,92%,82%,92%,SUPP,SUPP,90%,87%,23,18%,87%,39%,103,82%,89%,55%,89%,52%,6%,92%,63%,8%,0%,91%,63%,9%,0%,30.5,83%,94%,42%,62%,SUPP,SUPP,22%,88%,100%,11%,30%,80%,56%,4%,0%,88%,54%,87%,44%,2%,92%,63%,8%,0%,94%,60%,6%,0%,93%,48%,7%,0%,93%,74%,7%,0%,91%,55%,9%,0%,80%,83%,86%,89%,24,19%,101,81%,71%,89%,92%,88%,79%,90%,,,,,,,,123,98%,0,0%,3,2%,8,6%,6,5%,86%,91%,86%,87%,,,94%,67%,6%,,,,99.8,99.4,100.2,99%,99.9,99.4,100.3,99.7,99.2,100.2,97.9,96.2,99.7,99.9,99.2,100.6,99.9,99.3,100.6,99.4,98.3,100.5,99.9,99.4,100.4
1,15434,846,2155,114477,Elm Grove Primary School,Elm Grove,,,Brighton,BN2 3ES,01273 708004,0,,,CY,0,Does not apply,4-11,0,0,0,428,63,62,33,29,53%,47%,15.6,10,17%,31,52%,19,32%,0,0%,61,98%,2,3%,87%,97%,73%,97%,80%,97%,74%,80%,71%,74%,85%,89%,79%,67%,,,87%,73%,14,23%,50%,0%,48,77%,75%,25%,69%,19%,3%,92%,50%,8%,0%,74%,26%,24%,2%,28.1,70%,69%,12%,28%,,,20%,68%,100%,0%,0%,63%,20%,0%,0%,69%,20%,60%,16%,3%,82%,24%,18%,0%,81%,27%,19%,0%,95%,34%,5%,0%,89%,45%,11%,0%,77%,21%,23%,0%,75%,IA,66%,69%,20,33%,41,67%,45%,76%,68%,87%,72%,85%,,,,,,,,62,100%,0,0%,0,0%,2,3%,13,21%,77%,89%,62%,77%,,,97%,73%,3%,,,,99.1,98.5,99.7,97%,100.1,99.5,100.8,98.0,97.3,98.8,99.9,98.2,101.6,99.0,98.1,100.0,98.5,97.3,99.7,99.4,98.0,100.9,98.9,98.1,99.7
1,16262,846,2165,114487,Fairlight Primary School,St Leonard's Road,,,Brighton,BN2 3AJ,01273 601270,0,,,CY,0,Does not apply,3-11,1,0,0,381,32,31,23,8,74%,26%,12.6,13,45%,14,48%,2,7%,7,23%,30,97%,12,39%,86%,94%,97%,94%,85%,86%,SUPP,92%,100%,SUPP,82%,100%,95%,100%,SUPP,SUPP,86%,96%,15,48%,73%,13%,16,52%,94%,19%,84%,16%,6%,87%,23%,13%,0%,90%,48%,10%,0%,28.3,87%,75%,9%,38%,100%,0%,62%,100%,SUPP,0%,21%,SUPP,15%,0%,SUPP,83%,17%,74%,10%,6%,81%,16%,19%,0%,94%,19%,6%,0%,77%,19%,23%,0%,87%,23%,13%,0%,74%,13%,26%,0%,43%,IA,49%,84%,18,51%,17,49%,33%,65%,59%,85%,76%,86%,,,,,,,,24,77%,0,0%,3,10%,9,29%,6,19%,86%,87%,93%,100%,,,90%,55%,10%,,,,102.1,101.3,102.9,94%,101.3,100.4,102.2,102.8,101.8,103.8,103.3,101.9,104.8,101.6,100.2,103.0,SUPP,SUPP,SUPP,102.6,101.2,104.0,102.3,101.0,103.7
1,18644,846,2065,114398,Goldstone Primary School,Laburnum Avenue,,,Hove,BN3 7JW,01273 294851,0,,,CY,0,Does not apply,4-11,0,0,0,538,64,64,32,32,50%,50%,15.9,9,14%,33,52%,21,33%,17,27%,61,95%,4,6%,90%,98%,84%,98%,100%,94%,81%,78%,91%,76%,84%,97%,81%,87%,100%,94%,90%,83%,17,27%,76%,0%,47,73%,87%,36%,84%,27%,6%,89%,41%,9%,2%,88%,38%,13%,0%,28.6,88%,81%,19%,34%,82%,35%,33%,91%,100%,0%,15%,57%,11%,6%,0%,85%,26%,78%,19%,3%,91%,34%,9%,0%,80%,38%,20%,0%,91%,41%,9%,0%,89%,42%,11%,0%,81%,27%,19%,0%,81%,IA,74%,84%,26,57%,20,43%,69%,80%,80%,68%,64%,58%,,,,,,,,47,73%,0,0%,1,2%,3,5%,15,23%,82%,93%,76%,87%,,,95%,61%,3%,,,,99.4,98.8,100.0,98%,100.0,99.3,100.6,98.8,98.1,99.5,100.9,99.1,102.6,99.4,98.5,100.4,98.5,97.4,99.7,98.3,97.1,99.6,99.7,98.9,100.5
1,20502,846,2067,114400,Hangleton Junior School,Dale View,,,Hove,BN3 8LF,01273 294858,0,,,CY,0,Does not apply,7-11,1,0,0,381,94,95,50,45,53%,47%,15.9,7,8%,62,68%,22,24%,8,8%,91,96%,14,15%,90%,96%,81%,96%,71%,90%,95%,57%,85%,77%,88%,93%,85%,77%,86%,86%,91%,82%,17,18%,53%,6%,78,82%,90%,32%,83%,27%,5%,92%,37%,8%,0%,86%,39%,14%,0%,28.6,90%,76%,32%,22%,75%,13%,43%,84%,100%,0%,16%,73%,57%,2%,0%,84%,29%,78%,20%,4%,93%,45%,7%,0%,93%,49%,7%,0%,96%,44%,4%,0%,92%,59%,8%,0%,91%,32%,9%,0%,67%,IA,81%,83%,18,19%,78,81%,61%,86%,75%,66%,75%,86%,,,,,,,,87,92%,0,0%,0,0%,14,15%,11,12%,87%,91%,60%,86%,,,89%,42%,11%,,,,99.4,98.9,99.8,96%,99.3,98.8,99.9,99.4,98.8,100.0,98.0,96.0,100.0,99.4,98.8,100.1,99.4,98.3,100.5,97.5,96.2,98.9,99.7,99.1,100.3
1,22048,846,2043,114383,Hertford Junior School,Lynchet Close,,,Brighton,BN1 7FP,01273 557341,0,,,CY,0,Does not apply,7-11,1,0,0,149,28,26,17,9,65%,35%,16.3,4,17%,12,50%,8,33%,3,12%,26,100%,4,15%,79%,92%,83%,92%,SUPP,83%,75%,SUPP,92%,75%,87%,67%,93%,67%,SUPP,SUPP,79%,83%,9,35%,67%,22%,17,65%,88%,29%,81%,27%,4%,85%,31%,15%,0%,92%,46%,8%,0%,28.4,82%,78%,18%,44%,SUPP,SUPP,SUPP,83%,100%,SUPP,8%,63%,SUPP,0%,0%,81%,27%,73%,12%,4%,81%,27%,19%,0%,88%,35%,12%,0%,88%,31%,12%,0%,92%,42%,8%,0%,73%,12%,27%,0%,52%,IA,40%,81%,24,56%,19,44%,17%,68%,77%,83%,23%,58%,,,,,,,,23,88%,0,0%,0,0%,4,15%,4,15%,89%,73%,89%,80%,,,88%,46%,12%,,,,98.7,97.8,99.6,92%,98.5,97.5,99.4,99.1,98.0,100.1,SUPP,SUPP,SUPP,98.8,97.3,100.3,97.8,95.9,99.6,99.4,97.7,101.2,97.9,96.5,99.2
1,31326,846,2018,114369,Middle Street Primary School,Middle Street,,,Brighton,BN1 1AL,01273 323184,0,,,CY,0,Does not apply,3-11,0,0,0,245,32,32,18,14,56%,44%,14.7,7,26%,15,56%,5,19%,7,22%,27,84%,4,13%,100%,84%,89%,84%,100%,100%,SUPP,86%,100%,SUPP,100%,100%,93%,85%,SUPP,SUPP,100%,88%,11,34%,91%,18%,21,66%,76%,38%,81%,31%,9%,81%,53%,19%,0%,91%,38%,9%,0%,29.0,78%,86%,33%,29%,57%,0%,57%,100%,SUPP,0%,40%,SUPP,29%,0%,SUPP,85%,33%,81%,28%,6%,84%,63%,16%,0%,94%,50%,6%,0%,94%,53%,6%,0%,88%,59%,13%,0%,81%,41%,19%,0%,71%,IA,81%,81%,13,41%,19,59%,62%,95%,100%,94%,67%,89%,,,,,,,,25,78%,0,0%,0,0%,4,13%,7,22%,100%,100%,89%,89%,,,88%,59%,13%,,,,101.0,100.1,101.8,84%,101.3,100.4,102.2,100.6,99.5,101.6,101.0,99.0,102.9,101.8,100.5,103.2,SUPP,SUPP,SUPP,101.0,99.2,102.7,101.2,100.0,102.4
1,31444,846,2100,114430,Mile Oak Primary School,Graham Avenue,Portslade,,Brighton,BN41 2WN,01273 294880,0,,,CY,0,Does not apply,4-11,0,0,0,531,65,65,34,31,52%,48%,14.6,11,17%,47,72%,7,11%,4,6%,62,95%,3,5%,83%,100%,92%,100%,64%,89%,71%,64%,98%,100%,76%,90%,88%,97%,SUPP,SUPP,82%,94%,25,38%,40%,16%,40,62%,93%,28%,72%,23%,8%,77%,29%,23%,0%,88%,40%,11%,2%,27.8,62%,84%,24%,23%,SUPP,SUPP,9%,83%,100%,0%,23%,57%,36%,2%,0%,73%,23%,66%,14%,6%,82%,23%,18%,0%,85%,34%,15%,0%,82%,17%,18%,0%,85%,32%,15%,0%,71%,15%,29%,0%,68%,IA,48%,72%,25,40%,38,60%,36%,55%,72%,81%,52%,78%,,,,,,,,61,94%,0,0%,1,2%,2,3%,9,14%,76%,88%,80%,100%,,,85%,43%,15%,,,,99.6,99.1,100.2,100%,99.2,98.6,99.8,100.1,99.4,100.8,97.5,95.9,99.1,100.1,99.3,100.8,99.6,97.6,101.6,98.5,97.4,99.5,100.3,99.5,101.1
1,32398,846,2002,132028,Moulsecoomb Primary School,The Highway,Moulsecoomb,,Brighton,BN2 4PA,01273 605700,0,,,CY,0,Does not apply,3-11,1,0,0,341,39,39,22,17,56%,44%,12.4,17,45%,21,55%,0,0%,3,8%,35,90%,14,36%,92%,97%,95%,97%,82%,100%,,88%,100%,,90%,94%,95%,94%,SUPP,SUPP,91%,94%,28,72%,75%,29%,11,28%,73%,27%,74%,28%,13%,77%,41%,21%,3%,82%,36%,15%,3%,27.8,59%,94%,32%,24%,SUPP,SUPP,47%,95%,,0%,48%,,29%,0%,,71%,26%,51%,10%,8%,69%,18%,31%,0%,67%,21%,33%,0%,69%,23%,31%,0%,79%,21%,21%,0%,56%,10%,44%,0%,49%,IA,46%,74%,26,63%,15,37%,46%,47%,85%,93%,92%,93%,,,,,,,,36,92%,0,0%,0,0%,14,36%,17,44%,96%,82%,100%,82%,,,87%,69%,10%,,,,101.6,100.8,102.3,97%,101.6,100.8,102.4,101.5,100.6,102.4,101.4,100.1,102.7,102.0,100.9,103.2,SUPP,SUPP,SUPP,102.1,101.1,103.1,101.0,99.4,102.5
1,35810,846,3316,114544,Our Lady of Lourdes RC School,The Green,Rottingdean,,Brighton,BN2 7HA,01273 306980,0,,,VA,0,Roman Catholic,5-11,0,0,0,213,30,29,11,18,38%,62%,16.0,3,11%,19,68%,6,21%,1,3%,29,100%,2,7%,89%,97%,93%,97%,SUPP,89%,83%,SUPP,95%,100%,91%,88%,91%,94%,SUPP,SUPP,89%,93%,4,14%,SUPP,SUPP,25,86%,SUPP,SUPP,90%,28%,0%,100%,45%,0%,0%,90%,45%,10%,0%,29.3,82%,94%,18%,33%,SUPP,SUPP,SUPP,95%,100%,SUPP,16%,67%,SUPP,0%,0%,90%,28%,90%,24%,0%,100%,45%,0%,0%,90%,45%,10%,0%,97%,55%,3%,0%,100%,66%,0%,0%,97%,31%,3%,0%,75%,IA,78%,90%,5,16%,27,84%,SUPP,SUPP,SUPP,SUPP,SUPP,SUPP,,,,,,,,28,97%,0,0%,0,0%,2,7%,5,17%,SUPP,SUPP,SUPP,SUPP,,,100%,66%,0%,,,,100.2,99.3,101.0,97%,100.7,99.8,101.6,99.6,98.6,100.6,SUPP,SUPP,SUPP,100.1,98.9,101.3,100.4,98.2,102.5,SUPP,SUPP,SUPP,SUPP,SUPP,SUPP
1,36794,846,2021,114372,Patcham Junior School,Ladies Mile Road,Patcham,,Brighton,BN1 8TA,01273 295020,0,,,CY,0,Does not apply,7-11,0,0,0,364,90,90,44,46,49%,51%,17.3,5,6%,41,47%,42,48%,1,1%,88,98%,6,7%,86%,98%,86%,98%,SUPP,90%,83%,SUPP,88%,88%,81%,91%,86%,87%,,,86%,86%,6,7%,67%,0%,84,93%,93%,39%,91%,37%,6%,92%,51%,8%,0%,93%,52%,7%,0%,29.8,86%,96%,36%,37%,SUPP,SUPP,SUPP,90%,100%,SUPP,20%,60%,SUPP,5%,0%,91%,38%,89%,29%,6%,94%,59%,6%,0%,93%,53%,7%,0%,94%,53%,6%,0%,93%,59%,7%,0%,90%,43%,10%,0%,88%,IA,85%,91%,7,8%,84,92%,86%,85%,71%,73%,86%,87%,,,,,,,,89,99%,0,0%,1,1%,5,6%,2,2%,SUPP,SUPP,SUPP,SUPP,,,93%,59%,7%,,,,99.5,99.0,100.0,98%,99.5,98.9,100.0,99.6,99.0,100.2,SUPP,SUPP,SUPP,99.7,98.9,100.6,99.5,98.7,100.3,SUPP,SUPP,SUPP,SUPP,SUPP,SUPP
1,37240,846,2114,114443,Peter Gladwin Primary School,Drove Road,Portslade,,Brighton,BN41 2PA,01273 294959,0,,,CY,0,Does not apply,4-11,1,0,0,207,27,28,19,9,68%,32%,15.0,6,23%,13,50%,7,27%,2,7%,26,93%,4,14%,92%,93%,96%,93%,100%,92%,86%,83%,100%,100%,88%,100%,94%,100%,SUPP,SUPP,96%,96%,10,36%,90%,20%,18,64%,89%,33%,89%,29%,7%,89%,32%,7%,4%,89%,46%,7%,4%,29.3,84%,100%,26%,33%,SUPP,SUPP,67%,100%,100%,0%,8%,86%,33%,0%,0%,88%,31%,86%,29%,0%,93%,32%,7%,0%,89%,54%,11%,0%,96%,57%,4%,0%,93%,50%,7%,0%,89%,29%,11%,0%,92%,IA,89%,89%,16,59%,11,41%,94%,82%,94%,91%,100%,100%,,,,,,,,26,93%,0,0%,0,0%,4,14%,5,18%,89%,94%,100%,94%,,,96%,54%,0%,,,,101.1,100.2,101.9,93%,100.8,99.8,101.7,101.3,100.2,102.3,102.4,100.3,104.5,100.9,99.5,102.4,100.9,98.9,102.9,101.6,99.9,103.4,101.1,99.8,102.3
1,38672,846,2156,114478,Queen's Park Primary School,Park Street,,,Brighton,BN2 0BN,01273 686822,0,,,CY,0,Does not apply,3-11,1,0,0,372,46,46,20,26,43%,57%,16.6,3,7%,24,56%,16,37%,8,17%,44,96%,2,4%,86%,93%,84%,93%,SUPP,96%,75%,SUPP,83%,81%,83%,88%,94%,76%,100%,67%,86%,83%,11,24%,64%,0%,35,76%,89%,26%,83%,20%,7%,91%,43%,7%,2%,83%,43%,17%,0%,28.8,85%,81%,20%,19%,75%,0%,SUPP,83%,100%,SUPP,0%,56%,SUPP,4%,0%,82%,20%,78%,17%,4%,91%,41%,9%,0%,91%,46%,9%,0%,96%,59%,4%,0%,93%,43%,7%,0%,91%,39%,9%,0%,57%,IA,86%,83%,11,30%,26,70%,73%,92%,90%,88%,100%,100%,,,,,,,,38,83%,0,0%,0,0%,2,4%,6,13%,82%,88%,64%,91%,,,89%,59%,9%,,,,99.4,98.7,100.1,93%,99.7,99.0,100.5,99.0,98.2,99.8,SUPP,SUPP,SUPP,99.8,98.7,100.8,98.6,97.3,99.9,98.8,97.2,100.4,99.5,98.5,100.4
1,40908,846,2164,114486,Rudyard Kipling Primary School,Chalkland Rise,Woodingdean,,Brighton,BN2 6RH,01273 303328,0,,,CY,0,Does not apply,5-11,1,0,0,347,53,52,30,22,58%,42%,13.6,14,29%,29,59%,6,12%,3,6%,46,88%,16,31%,94%,94%,92%,94%,93%,97%,83%,86%,93%,100%,93%,95%,93%,90%,SUPP,SUPP,93%,93%,30,58%,77%,20%,22,42%,73%,23%,75%,21%,13%,77%,27%,21%,2%,83%,38%,15%,2%,27.7,73%,77%,30%,9%,SUPP,SUPP,43%,86%,100%,0%,21%,83%,36%,3%,0%,74%,22%,75%,12%,12%,77%,21%,23%,0%,85%,42%,15%,0%,87%,29%,13%,0%,81%,37%,19%,0%,77%,12%,23%,0%,48%,IA,75%,75%,20,42%,28,58%,80%,71%,90%,81%,75%,81%,,,,,,,,49,94%,0,0%,3,6%,13,25%,7,13%,97%,90%,90%,95%,,,79%,44%,19%,,,,100.5,99.8,101.1,94%,100.1,99.4,100.8,100.8,100.0,101.6,100.5,99.1,101.9,100.3,99.3,101.3,101.4,99.3,103.6,100.6,99.6,101.6,100.4,99.2,101.6
1,41582,846,3329,114556,St Andrew's CofE (Aided) Primary School,Belfast Street,,,Hove,BN3 3YT,01273 294800,0,,,VA,0,Church of England,4-11,1,0,0,432,63,64,25,39,39%,61%,16.2,4,7%,40,68%,15,25%,7,11%,62,97%,4,6%,97%,92%,95%,92%,SUPP,100%,87%,SUPP,93%,100%,96%,97%,100%,92%,100%,86%,97%,95%,12,19%,75%,17%,52,81%,94%,50%,91%,44%,5%,95%,52%,5%,0%,91%,55%,9%,0%,29.6,96%,87%,32%,51%,86%,14%,SUPP,93%,100%,SUPP,38%,87%,SUPP,0%,0%,92%,45%,86%,34%,3%,94%,52%,6%,0%,92%,50%,8%,0%,95%,63%,5%,0%,95%,66%,5%,0%,91%,44%,9%,0%,84%,IA,87%,91%,10,16%,53,84%,60%,92%,90%,96%,90%,96%,,,,,,,,56,88%,1,2%,0,0%,4,6%,10,16%,100%,96%,83%,98%,,,97%,61%,3%,,,,100.8,100.2,101.4,92%,100.8,100.1,101.4,100.9,100.1,101.6,SUPP,SUPP,SUPP,100.9,100.1,101.8,100.4,99.0,101.7,100.2,98.7,101.7,101.1,100.3,101.8
1,42108,846,3305,114538,St Bartholomew's CofE Primary School,Ann Street,,,Brighton,BN1 4GP,01273 692463,0,,,VA,0,Church of England,4-11,1,0,0,201,26,25,15,10,60%,40%,13.6,8,36%,10,45%,4,18%,7,28%,22,88%,6,24%,91%,88%,73%,88%,88%,100%,SUPP,50%,90%,SUPP,85%,100%,77%,67%,SUPP,SUPP,89%,79%,11,44%,64%,27%,14,56%,79%,7%,72%,16%,4%,88%,32%,8%,4%,76%,32%,20%,4%,27.8,73%,70%,20%,10%,86%,14%,25%,90%,SUPP,0%,30%,SUPP,13%,0%,SUPP,77%,14%,60%,12%,4%,80%,44%,20%,0%,92%,44%,8%,0%,96%,32%,4%,0%,80%,48%,20%,0%,80%,24%,20%,0%,84%,82%,65%,72%,16,62%,10,38%,63%,70%,87%,100%,67%,70%,,,,,,,,18,72%,0,0%,1,4%,5,20%,1,4%,82%,100%,73%,73%,,,88%,48%,8%,,,,100.2,99.3,101.1,88%,100.8,99.8,101.8,99.5,98.4,100.7,100.1,98.3,102.0,101.1,99.4,102.8,SUPP,SUPP,SUPP,99.7,98.1,101.3,100.7,99.1,102.3
1,42298,846,3318,114546,St Bernadette's Catholic Primary School,Preston Road,Withdean,,Brighton,BN1 6UT,01273 553813,0,,,VA,0,Roman Catholic,4-11,1,0,0,215,31,31,17,14,55%,45%,17.0,1,4%,16,59%,10,37%,5,16%,30,97%,0,0%,93%,87%,93%,90%,SUPP,94%,90%,SUPP,88%,100%,93%,92%,88%,100%,SUPP,SUPP,93%,93%,3,10%,SUPP,SUPP,28,90%,SUPP,SUPP,97%,39%,3%,97%,45%,3%,0%,97%,61%,3%,0%,30.1,94%,100%,29%,50%,SUPP,SUPP,SUPP,94%,100%,SUPP,13%,80%,SUPP,6%,0%,97%,40%,94%,32%,0%,97%,45%,3%,0%,97%,58%,3%,0%,100%,71%,0%,0%,100%,65%,0%,0%,94%,35%,6%,0%,84%,94%,88%,97%,5,16%,27,84%,SUPP,SUPP,SUPP,SUPP,SUPP,SUPP,,,,,,,,26,84%,0,0%,0,0%,0,0%,2,6%,SUPP,SUPP,SUPP,SUPP,,,100%,71%,0%,,,,99.8,99.0,100.6,87%,99.6,98.7,100.5,100.0,99.0,101.1,SUPP,SUPP,SUPP,99.7,98.4,101.0,99.4,97.8,101.1,SUPP,SUPP,SUPP,SUPP,SUPP,SUPP
1,43898,846,3311,114540,St John the Baptist Catholic Primary School,Whitehawk Hill Road,,,Brighton,BN2 0AH,01273 607924,0,,,VA,0,Roman Catholic,4-11,1,0,0,205,25,25,11,14,44%,56%,15.7,2,8%,14,58%,8,33%,4,16%,23,92%,3,12%,88%,96%,96%,96%,SUPP,93%,88%,SUPP,100%,100%,80%,93%,100%,93%,SUPP,SUPP,87%,96%,9,36%,56%,11%,16,64%,94%,50%,80%,36%,4%,84%,44%,16%,0%,92%,56%,4%,4%,29.2,64%,93%,18%,50%,SUPP,SUPP,SUPP,86%,88%,SUPP,21%,75%,SUPP,0%,0%,83%,39%,80%,28%,4%,88%,52%,12%,0%,96%,40%,4%,0%,96%,40%,4%,0%,88%,52%,12%,0%,84%,32%,16%,0%,83%,IA,83%,80%,13,45%,16,55%,69%,94%,85%,93%,85%,100%,,,,,,,,21,84%,0,0%,1,4%,2,8%,2,8%,75%,94%,88%,100%,,,88%,52%,12%,,,,100.9,100.0,101.8,96%,100.1,99.1,101.0,101.7,100.6,102.7,SUPP,SUPP,SUPP,101.7,100.4,103.1,100.6,98.7,102.4,101.2,99.3,103.0,101.0,99.7,102.3
1,44396,846,3314,114542,St Joseph's Catholic Primary School,Davey Drive,Hollingdean,,Brighton,BN1 7BF,01273 556607,0,,,VA,0,Roman Catholic,4-11,0,0,0,170,20,20,8,12,40%,60%,12.9,7,47%,5,33%,3,20%,8,40%,14,70%,7,35%,75%,80%,80%,75%,57%,SUPP,SUPP,57%,SUPP,SUPP,83%,70%,100%,67%,SUPP,SUPP,85%,92%,12,60%,58%,17%,8,40%,75%,13%,65%,15%,20%,70%,30%,30%,0%,75%,20%,25%,0%,25.5,75%,58%,25%,8%,63%,0%,43%,SUPP,SUPP,0%,SUPP,SUPP,43%,SUPP,SUPP,79%,21%,60%,5%,20%,60%,25%,40%,0%,65%,20%,35%,0%,70%,30%,30%,0%,60%,40%,40%,0%,60%,5%,40%,0%,68%,IA,76%,65%,8,47%,9,53%,75%,78%,88%,100%,88%,100%,,,,,,,,12,60%,0,0%,0,0%,7,35%,6,30%,78%,71%,67%,100%,,,70%,45%,30%,,,,99.6,98.6,100.7,75%,99.9,98.7,101.1,99.4,98.1,100.7,97.9,95.9,99.9,SUPP,SUPP,SUPP,SUPP,SUPP,SUPP,98.4,96.7,100.2,101.2,99.0,103.3
1,44982,846,2026,114374,St Luke's Primary School,Queens Park Rise,,,Brighton,BN2 9ZF,01273 675080,0,,,CY,0,Does not apply,4-11,0,0,0,624,90,90,42,48,47%,53%,16.9,9,10%,44,51%,33,38%,6,7%,86,96%,0,0%,95%,96%,90%,97%,89%,98%,94%,67%,91%,94%,95%,96%,90%,89%,SUPP,SUPP,96%,91%,27,30%,78%,26%,63,70%,94%,60%,89%,50%,3%,96%,64%,4%,0%,90%,62%,10%,0%,30.6,88%,90%,45%,54%,50%,17%,44%,91%,100%,0%,36%,82%,22%,2%,0%,90%,50%,88%,42%,3%,96%,64%,4%,0%,91%,68%,9%,0%,96%,59%,4%,0%,96%,77%,4%,0%,93%,51%,7%,0%,80%,IA,81%,89%,24,28%,61,72%,75%,84%,91%,77%,91%,95%,,,,,,,,84,93%,0,0%,0,0%,0,0%,3,3%,92%,97%,72%,97%,,,94%,73%,6%,,,,100.4,99.9,100.9,96%,100.7,100.2,101.3,100.0,99.4,100.6,100.4,98.6,102.1,100.5,99.7,101.3,100.3,99.4,101.2,99.3,98.2,100.3,100.9,100.2,101.5
1,45098,846,3304,114537,"St Margaret's CofE Primary School, Rottingdean",Whiteway Lane,Rottingdean,,Brighton,BN2 7HB,01273 303109,0,,,VA,0,Church of England,5-11,0,0,0,205,30,30,17,13,57%,43%,16.1,2,7%,19,68%,7,25%,3,10%,30,100%,3,10%,96%,93%,93%,93%,SUPP,95%,100%,SUPP,89%,100%,93%,100%,93%,92%,SUPP,SUPP,96%,93%,3,10%,SUPP,SUPP,27,90%,SUPP,SUPP,93%,30%,3%,93%,50%,7%,0%,97%,33%,3%,0%,29.1,94%,92%,29%,31%,SUPP,SUPP,SUPP,100%,100%,SUPP,16%,86%,SUPP,0%,0%,93%,30%,87%,23%,3%,90%,33%,10%,0%,90%,43%,10%,0%,93%,33%,7%,0%,93%,40%,7%,0%,90%,37%,10%,0%,78%,79%,73%,93%,7,23%,23,77%,57%,78%,83%,100%,67%,89%,,,,,,,,27,90%,0,0%,0,0%,3,10%,6,20%,SUPP,SUPP,SUPP,SUPP,,,93%,60%,7%,,,,99.9,99.1,100.7,93%,100.6,99.7,101.5,99.2,98.2,100.2,SUPP,SUPP,SUPP,100.0,98.8,101.2,99.8,97.8,101.7,SUPP,SUPP,SUPP,SUPP,SUPP,SUPP
1,45200,846,3317,114545,St Mark's CofE Primary School,Manor Road,,,Brighton,BN2 5EA,01273 605588,0,,,VA,0,Church of England,3-11,1,0,0,199,21,22,10,12,45%,55%,11.9,10,48%,10,48%,1,5%,1,5%,17,77%,6,27%,81%,95%,67%,95%,70%,90%,SUPP,50%,90%,SUPP,70%,91%,60%,73%,SUPP,SUPP,88%,65%,13,59%,46%,8%,9,41%,56%,0%,50%,5%,27%,64%,23%,36%,0%,59%,18%,41%,0%,24.7,50%,50%,0%,8%,SUPP,SUPP,10%,80%,SUPP,0%,10%,SUPP,60%,0%,SUPP,53%,6%,50%,0%,27%,68%,23%,32%,0%,59%,27%,41%,0%,64%,0%,36%,0%,68%,36%,32%,0%,68%,14%,32%,0%,60%,IA,60%,50%,10,50%,10,50%,60%,60%,78%,100%,78%,89%,,,,,,,,20,91%,1,5%,1,5%,5,23%,3,14%,85%,75%,69%,63%,,,64%,36%,36%,,,,99.1,98.2,100.0,95%,99.7,98.6,100.7,98.6,97.5,99.8,98.2,96.5,99.8,99.8,98.1,101.4,SUPP,SUPP,SUPP,99.2,97.8,100.7,98.4,96.6,100.3
1,45278,846,3308,114539,St Martin's CofE Primary School,Hartington Road,,,Brighton,BN2 3LJ,01273 707114,0,,,VA,0,Church of England,3-11,0,0,0,236,25,25,11,14,44%,56%,14.7,5,20%,16,64%,4,16%,1,4%,23,92%,4,16%,92%,100%,68%,100%,SUPP,100%,SUPP,SUPP,88%,SUPP,100%,86%,55%,79%,SUPP,SUPP,91%,65%,10,40%,80%,0%,15,60%,73%,13%,76%,8%,4%,88%,28%,8%,4%,80%,20%,16%,4%,27.5,64%,86%,9%,7%,SUPP,SUPP,SUPP,94%,SUPP,SUPP,6%,SUPP,SUPP,0%,SUPP,74%,9%,76%,8%,4%,92%,36%,8%,0%,92%,20%,8%,0%,84%,28%,16%,0%,92%,64%,8%,0%,84%,16%,16%,0%,82%,92%,85%,76%,11,42%,15,58%,73%,93%,100%,100%,90%,100%,,,,,,,,24,96%,0,0%,1,4%,3,12%,3,12%,100%,87%,80%,60%,,,92%,56%,4%,,,,99.5,98.6,100.4,100%,100.4,99.4,101.3,98.7,97.6,99.7,SUPP,SUPP,SUPP,100.1,98.8,101.4,SUPP,SUPP,SUPP,100.0,98.3,101.6,99.1,97.7,100.4
1,45368,846,3313,114541,St Mary Magdalen Catholic Primary School,Spring Street,,,Brighton,BN1 3EF,01273 327533,0,,,VA,0,Roman Catholic,3-11,0,0,0,262,32,32,12,20,38%,63%,13.0,8,30%,17,63%,2,7%,17,53%,31,97%,5,16%,100%,84%,74%,84%,100%,100%,SUPP,88%,65%,SUPP,100%,100%,73%,75%,100%,71%,100%,74%,12,38%,42%,0%,20,63%,75%,25%,63%,16%,13%,81%,25%,19%,0%,66%,19%,31%,3%,26.4,67%,60%,17%,15%,53%,0%,50%,71%,SUPP,0%,12%,SUPP,25%,0%,SUPP,65%,16%,50%,13%,9%,78%,19%,22%,0%,75%,22%,25%,0%,66%,9%,34%,0%,81%,19%,19%,0%,72%,22%,28%,0%,50%,77%,44%,63%,11,34%,21,66%,45%,43%,100%,80%,73%,60%,,,,,,,,15,47%,0,0%,0,0%,5,16%,10,31%,100%,100%,60%,82%,,,81%,25%,19%,,,,100.1,99.2,100.9,84%,100.8,99.9,101.7,99.3,98.3,100.3,101.1,99.3,103.0,99.6,98.3,100.8,SUPP,SUPP,SUPP,99.1,97.4,100.7,100.7,99.4,101.9
1,45510,846,3344,114570,St Mary's Catholic Primary School,Church Road,Portslade,,Brighton,BN41 1LB,01273 418416,0,,,VA,0,Roman Catholic,4-11,0,0,0,214,31,30,11,19,37%,63%,14.1,13,43%,10,33%,7,23%,12,40%,30,100%,2,7%,100%,100%,67%,100%,100%,100%,100%,77%,60%,57%,100%,100%,82%,58%,100%,75%,100%,67%,5,17%,SUPP,SUPP,25,83%,SUPP,SUPP,63%,17%,3%,87%,33%,13%,0%,73%,17%,27%,0%,27.3,64%,63%,27%,11%,75%,17%,46%,70%,86%,0%,10%,57%,8%,0%,0%,63%,17%,60%,17%,0%,80%,33%,20%,0%,90%,30%,10%,0%,90%,33%,10%,0%,80%,33%,20%,0%,87%,37%,13%,0%,63%,IA,66%,63%,4,13%,28,88%,SUPP,SUPP,SUPP,SUPP,SUPP,SUPP,,,,,,,,18,60%,0,0%,0,0%,2,7%,0,0%,SUPP,SUPP,SUPP,SUPP,,,83%,30%,17%,,,,99.5,98.7,100.3,100%,100.3,99.5,101.2,98.7,97.7,99.6,100.8,99.4,102.3,98.3,96.7,100.0,98.4,96.4,100.4,SUPP,SUPP,SUPP,SUPP,SUPP,SUPP
1,46542,846,3333,114560,St Nicolas' CofE Junior School,Locks Hill,Portslade,,Brighton,BN41 2LA,01273 418026,0,,,VA,0,Church of England,7-11,0,0,0,249,61,61,32,29,52%,48%,16.1,4,7%,38,62%,19,31%,2,3%,61,100%,7,11%,77%,100%,82%,100%,SUPP,71%,84%,SUPP,84%,79%,72%,83%,81%,83%,SUPP,SUPP,77%,82%,17,28%,65%,12%,44,72%,80%,30%,75%,25%,5%,82%,41%,15%,3%,85%,36%,11%,3%,28.4,72%,79%,28%,21%,SUPP,SUPP,SUPP,71%,100%,SUPP,13%,53%,SUPP,3%,0%,75%,25%,66%,16%,5%,85%,38%,15%,0%,85%,31%,15%,0%,89%,23%,11%,0%,85%,49%,15%,0%,74%,28%,26%,0%,68%,61%,63%,75%,19,30%,44,70%,53%,68%,56%,63%,67%,53%,,,,,,,,59,97%,0,0%,2,3%,5,8%,3,5%,88%,73%,71%,86%,,,84%,51%,13%,,,,98.6,98.1,99.2,100%,98.5,97.8,99.1,98.8,98.1,99.5,SUPP,SUPP,SUPP,98.2,97.4,99.1,98.7,97.5,99.9,98.9,97.6,100.2,98.4,97.6,99.2
1,46866,846,3315,114543,St Paul's CofE Primary School and Nursery,St Nicholas Road,,,Brighton,BN1 3LP,01273 721001,0,,,VA,0,Church of England,3-11,1,0,0,229,30,30,13,17,43%,57%,16.8,3,10%,16,55%,10,34%,2,7%,27,90%,1,3%,100%,97%,93%,97%,SUPP,100%,100%,SUPP,100%,100%,100%,100%,100%,88%,SUPP,SUPP,100%,93%,8,27%,75%,38%,22,73%,91%,41%,87%,40%,3%,97%,60%,3%,0%,87%,50%,13%,0%,29.8,100%,76%,54%,29%,SUPP,SUPP,SUPP,94%,100%,SUPP,25%,80%,SUPP,0%,0%,89%,41%,83%,27%,0%,97%,43%,3%,0%,97%,57%,3%,0%,97%,43%,3%,0%,100%,77%,0%,0%,90%,37%,10%,0%,90%,IA,80%,87%,6,20%,24,80%,83%,79%,100%,79%,100%,79%,,,,,,,,28,93%,0,0%,0,0%,1,3%,3,10%,100%,100%,100%,91%,,,100%,77%,0%,,,,100.2,99.4,101.0,97%,100.5,99.6,101.4,99.8,98.8,100.8,SUPP,SUPP,SUPP,100.7,99.4,102.0,99.7,98.0,101.3,100.0,98.1,102.0,100.3,99.2,101.4
1,48108,846,2157,114479,Saltdean Primary School,Chiltington Way,Saltdean,,Brighton,BN2 8HB,01273 303358,0,,,CY,0,Does not apply,4-11,0,0,0,418,63,63,29,34,46%,54%,13.5,19,31%,41,66%,2,3%,1,2%,60,95%,12,19%,100%,98%,100%,98%,100%,100%,SUPP,100%,100%,SUPP,100%,100%,100%,100%,SUPP,SUPP,100%,100%,10,16%,80%,20%,53,84%,92%,43%,90%,40%,3%,92%,52%,8%,0%,95%,59%,5%,0%,30.0,90%,91%,41%,38%,SUPP,SUPP,68%,100%,SUPP,5%,51%,SUPP,11%,0%,SUPP,93%,40%,87%,21%,2%,95%,54%,5%,0%,95%,48%,5%,0%,94%,24%,6%,0%,95%,65%,5%,0%,89%,25%,11%,0%,75%,IA,63%,90%,9,14%,56,86%,33%,68%,78%,87%,56%,78%,,,,,,,,62,98%,0,0%,0,0%,12,19%,6,10%,100%,100%,100%,100%,,,98%,63%,2%,,,,103.1,102.5,103.7,98%,102.7,102.1,103.4,103.4,102.7,104.1,104.3,103.1,105.5,103.0,102.2,103.8,SUPP,SUPP,SUPP,102.2,100.6,103.9,103.6,102.8,104.3
1,50078,846,2119,114446,Somerhill Junior School,Somerhill Road,,,Hove,BN3 1RP,01273 739659,0,,,CY,0,Does not apply,7-11,0,0,0,396,95,96,49,47,51%,49%,16.8,9,10%,41,46%,39,44%,13,14%,91,95%,7,7%,83%,93%,76%,93%,78%,80%,87%,56%,68%,90%,80%,87%,77%,76%,100%,80%,83%,76%,24,25%,58%,17%,72,75%,79%,39%,74%,33%,14%,83%,44%,17%,0%,77%,47%,23%,0%,28.3,76%,72%,37%,30%,62%,31%,0%,73%,100%,0%,12%,69%,67%,12%,0%,76%,34%,70%,20%,9%,86%,34%,14%,0%,78%,40%,22%,0%,78%,24%,22%,0%,88%,49%,13%,0%,79%,22%,21%,0%,79%,IA,66%,74%,27,28%,68,72%,48%,74%,58%,53%,44%,53%,,,,,,,,83,86%,0,0%,3,3%,4,4%,6,6%,86%,82%,68%,79%,,,89%,58%,11%,,,,98.7,98.2,99.2,93%,98.9,98.3,99.4,98.5,97.9,99.1,98.4,96.6,100.1,98.6,97.8,99.4,98.7,97.9,99.6,98.9,97.8,100.0,98.5,97.9,99.2
1,51138,846,2028,114376,Stanford Junior School,Stanford Road,,,Brighton,BN1 5PR,01273 565570,0,,,CY,0,Does not apply,7-11,0,0,0,380,97,95,51,44,54%,46%,17.5,7,8%,34,40%,43,51%,8,8%,88,93%,10,11%,96%,88%,94%,88%,100%,94%,98%,86%,94%,95%,95%,98%,93%,95%,SUPP,SUPP,96%,94%,6,6%,83%,0%,89,94%,90%,56%,89%,53%,1%,95%,72%,5%,0%,94%,63%,6%,0%,30.7,90%,89%,53%,52%,88%,13%,29%,88%,100%,0%,32%,79%,14%,0%,0%,89%,52%,86%,44%,1%,96%,67%,4%,0%,95%,68%,5%,0%,99%,83%,1%,0%,97%,67%,3%,0%,91%,57%,9%,0%,87%,IA,86%,89%,8,9%,82,91%,75%,87%,100%,95%,71%,87%,,,,,,,,87,92%,0,0%,1,1%,9,9%,6,6%,SUPP,SUPP,SUPP,SUPP,,,97%,79%,3%,,,,100.3,99.7,100.8,88%,100.6,100.0,101.1,99.9,99.3,100.6,101.0,99.0,103.0,100.2,99.3,101.1,100.2,99.4,101.0,SUPP,SUPP,SUPP,SUPP,SUPP,SUPP
1,56086,846,2093,114425,West Blatchington Primary and Nursery School,Hangleton Way,,,Hove,BN3 8BN,01273 770777,0,,,CY,0,Does not apply,3-11,0,0,0,437,42,40,24,16,60%,40%,14.2,11,29%,17,45%,10,26%,14,35%,36,90%,7,18%,79%,98%,82%,95%,100%,76%,70%,73%,82%,90%,83%,75%,86%,75%,92%,100%,77%,82%,19,48%,68%,26%,21,53%,52%,10%,60%,18%,15%,73%,23%,28%,0%,73%,38%,25%,3%,27.0,58%,63%,17%,19%,71%,14%,27%,65%,100%,0%,6%,60%,27%,6%,0%,58%,17%,53%,5%,13%,68%,30%,33%,0%,70%,38%,30%,0%,70%,38%,30%,0%,78%,33%,23%,0%,60%,10%,40%,0%,53%,IA,53%,60%,15,47%,17,53%,47%,59%,75%,67%,69%,73%,,,,,,,,26,65%,0,0%,3,8%,4,10%,4,10%,95%,65%,84%,79%,,,80%,43%,20%,,,,99.9,99.1,100.6,95%,99.4,98.6,100.2,100.4,99.5,101.2,101.0,99.4,102.6,99.4,98.1,100.7,99.3,97.7,101.0,100.1,98.9,101.3,99.6,98.4,100.8
1,56226,846,2070,114403,West Hove Junior School,Portland Road,,,Hove,BN3 5JA,01273 295484,0,,,CY,0,Does not apply,7-11,1,0,0,512,128,124,73,51,59%,41%,17.0,6,5%,63,55%,46,40%,12,10%,117,94%,10,8%,83%,93%,81%,93%,83%,89%,76%,17%,79%,91%,80%,89%,75%,91%,100%,78%,84%,80%,35,28%,71%,14%,89,72%,82%,34%,79%,28%,10%,88%,40%,11%,1%,81%,41%,19%,1%,28.4,77%,82%,27%,29%,75%,25%,0%,79%,98%,0%,10%,61%,83%,3%,0%,79%,29%,77%,23%,6%,89%,35%,11%,0%,90%,48%,10%,0%,92%,48%,8%,0%,90%,50%,10%,0%,86%,31%,14%,0%,76%,IA,84%,79%,27,24%,86,76%,67%,90%,74%,80%,70%,93%,,,,,,,,111,90%,1,1%,2,2%,8,6%,23,19%,72%,88%,69%,86%,,,88%,56%,11%,,,,98.8,98.4,99.3,93%,99.3,98.8,99.7,98.4,97.9,99.0,96.5,94.4,98.7,98.6,98.0,99.3,99.3,98.6,100.1,97.6,96.7,98.5,99.3,98.7,99.8
1,56482,846,2036,114380,Westdene Primary School,Bankside,Westdene,,Brighton,BN1 5GN,01273 294900,0,,,CY,0,Does not apply,3-11,1,0,0,545,64,63,39,24,62%,38%,16.7,4,7%,33,54%,24,39%,3,5%,60,95%,11,17%,87%,97%,75%,97%,SUPP,94%,83%,SUPP,82%,71%,82%,95%,74%,77%,SUPP,SUPP,86%,76%,3,5%,SUPP,SUPP,60,95%,SUPP,SUPP,83%,29%,6%,89%,46%,10%,2%,86%,37%,13%,2%,28.6,85%,79%,28%,29%,SUPP,SUPP,SUPP,85%,92%,SUPP,15%,54%,SUPP,3%,0%,83%,30%,81%,29%,6%,90%,56%,10%,0%,90%,48%,10%,0%,94%,48%,6%,0%,90%,57%,10%,0%,90%,48%,10%,0%,84%,88%,90%,83%,4,6%,59,94%,SUPP,SUPP,SUPP,SUPP,SUPP,SUPP,,,,,,,,60,95%,0,0%,2,3%,9,14%,3,5%,SUPP,SUPP,SUPP,SUPP,,,87%,51%,11%,,,,98.9,98.3,99.5,97%,99.2,98.5,99.8,98.6,97.9,99.4,SUPP,SUPP,SUPP,99.5,98.5,100.4,98.4,97.3,99.4,SUPP,SUPP,SUPP,SUPP,SUPP,SUPP
1,57170,846,2006,132029,Whitehawk Primary School,Whitehawk Road,Whitehawk,,Brighton,BN2 5FL,01273 681377,0,,,CY,0,Does not apply,3-11,0,0,0,335,53,54,24,30,44%,56%,12.7,23,43%,26,49%,4,8%,3,6%,45,83%,12,22%,89%,98%,74%,98%,83%,96%,SUPP,57%,88%,SUPP,83%,93%,71%,76%,SUPP,SUPP,89%,76%,41,76%,63%,2%,13,24%,69%,8%,65%,4%,19%,78%,17%,20%,2%,67%,13%,31%,2%,25.8,63%,67%,0%,7%,SUPP,SUPP,35%,85%,SUPP,0%,0%,SUPP,39%,4%,SUPP,64%,4%,61%,2%,13%,63%,15%,37%,0%,67%,13%,33%,0%,63%,4%,37%,0%,65%,19%,35%,0%,74%,13%,26%,0%,28%,IA,35%,65%,28,70%,12,30%,32%,42%,70%,100%,56%,58%,,,,,,,,51,94%,0,0%,1,2%,11,20%,13,24%,88%,92%,73%,77%,,,81%,28%,17%,,,,99.4,98.8,100.0,98%,100.1,99.5,100.8,98.6,97.9,99.4,99.7,98.6,100.8,99.2,98.2,100.2,SUPP,SUPP,SUPP,99.1,98.3,100.0,100.0,98.5,101.4
1,58652,846,2158,114480,Woodingdean Primary School,Warren Road,Woodingdean,,Brighton,BN2 6BB,01273 680811,0,,,CY,0,Does not apply,4-11,1,0,0,423,60,60,28,32,47%,53%,15.8,9,15%,36,60%,15,25%,0,0%,57,95%,5,8%,92%,100%,90%,100%,78%,94%,93%,44%,97%,100%,96%,88%,89%,91%,,,91%,89%,15,25%,60%,20%,45,75%,91%,53%,83%,45%,8%,88%,48%,10%,2%,85%,58%,13%,2%,29.4,82%,84%,46%,44%,,,11%,94%,100%,0%,39%,87%,56%,0%,0%,82%,44%,78%,27%,7%,88%,42%,12%,0%,88%,50%,12%,0%,88%,52%,12%,0%,88%,50%,12%,0%,83%,28%,17%,0%,77%,IA,68%,83%,14,26%,39,74%,14%,87%,73%,92%,33%,85%,,,,,,,,60,100%,0,0%,0,0%,5,8%,9,15%,93%,91%,80%,93%,,,90%,62%,8%,,,,100.4,99.9,101.0,100%,100.1,99.4,100.8,100.8,100.1,101.5,98.4,96.6,100.1,101.1,100.2,101.9,100.3,99.0,101.7,100.1,98.7,101.4,100.6,99.8,101.4
2,1344,846,7004,114678,The Alternative Centre for Education,Queensdown School Road,Off Lewes Road,,Brighton,BN1 7LA,01273 604472,0,,,CYS,0,Does not apply,7-16,0,1,0,47,1,1,SUPP,SUPP,SUPP,SUPP,,SUPP,SUPP,SUPP,SUPP,SUPP,SUPP,SUPP,SUPP,SUPP,SUPP,,,SUPP,SUPP,SUPP,SUPP,,,,,,,,,,,,,,,SUPP,SUPP,SUPP,SUPP,SUPP,SUPP,SUPP,SUPP,SUPP,SUPP,SUPP,SUPP,SUPP,SUPP,SUPP,SUPP,SUPP,SUPP,SUPP,SUPP,SUPP,,SUPP,,,,,,,,,,,,,SUPP,SUPP,SUPP,SUPP,SUPP,SUPP,SUPP,SUPP,SUPP,SUPP,SUPP,SUPP,SUPP,SUPP,SUPP,SUPP,SUPP,SUPP,SUPP,SUPP,SUPP,SUPP,SUPP,SUPP,SUPP,SUPP,SUPP,SUPP,SUPP,SUPP,SUPP,SUPP,SUPP,SUPP,SUPP,SUPP,SUPP,SUPP,SUPP,,,,,,,,SUPP,SUPP,SUPP,SUPP,,,,,,,SUPP,SUPP,SUPP,SUPP,,,SUPP,SUPP,SUPP,,,,SUPP,SUPP,SUPP,SUPP,SUPP,SUPP,SUPP,SUPP,SUPP,SUPP,SUPP,SUPP,SUPP,SUPP,SUPP,SUPP,SUPP,SUPP,SUPP,SUPP,SUPP,SUPP,SUPP,SUPP,SUPP
2,9068,846,7034,133639,The Cedar Centre,Lynchet Close,Hollingdean,,Brighton,BN1 7FP,01273 558622,0,,,CYS,0,Does not apply,4-16,0,1,0,78,5,5,SUPP,SUPP,SUPP,SUPP,SUPP,SUPP,SUPP,SUPP,SUPP,SUPP,SUPP,SUPP,SUPP,SUPP,SUPP,,,SUPP,SUPP,SUPP,SUPP,SUPP,,,SUPP,,,SUPP,SUPP,SUPP,SUPP,,,SUPP,SUPP,SUPP,SUPP,SUPP,SUPP,SUPP,SUPP,SUPP,SUPP,SUPP,SUPP,SUPP,SUPP,SUPP,SUPP,SUPP,SUPP,SUPP,SUPP,SUPP,SUPP,SUPP,SUPP,SUPP,SUPP,,,SUPP,,,SUPP,,,SUPP,,,SUPP,SUPP,SUPP,SUPP,SUPP,SUPP,SUPP,SUPP,SUPP,SUPP,SUPP,SUPP,SUPP,SUPP,SUPP,SUPP,SUPP,SUPP,SUPP,SUPP,SUPP,SUPP,SUPP,SUPP,SUPP,SUPP,SUPP,0%,SUPP,6,55%,5,45%,SUPP,SUPP,SUPP,SUPP,SUPP,SUPP,,,,,,,,SUPP,SUPP,SUPP,SUPP,,,,,,,SUPP,SUPP,SUPP,SUPP,,,SUPP,SUPP,SUPP,,,,SUPP,SUPP,SUPP,SUPP,SUPP,SUPP,SUPP,SUPP,SUPP,SUPP,SUPP,SUPP,SUPP,SUPP,SUPP,SUPP,SUPP,SUPP,SUPP,SUPP,SUPP,SUPP,SUPP,SUPP,SUPP
2,14098,846,7016,114685,Downs Park School,Foredown Road,Portslade,,Brighton,BN41 2FU,01273 417448,0,,,CYS,0,Does not apply,4-16,1,1,0,76,7,7,7,0,100%,0%,4.4,7,100%,0,0%,0,0%,0,0%,2,29%,,,29%,100%,0%,100%,29%,,,0%,,,29%,,0%,,,,SUPP,SUPP,3,43%,SUPP,SUPP,4,57%,SUPP,SUPP,0%,0%,100%,0%,0%,100%,0%,0%,0%,100%,0%,15.0,0%,,0%,,,,0%,,,0%,,,100%,,,SUPP,SUPP,0%,0%,100%,0%,0%,100%,0%,0%,0%,100%,0%,0%,0%,100%,0%,0%,0%,100%,0%,0%,0%,100%,0%,SUPP,SUPP,0%,0%,4,57%,3,43%,SUPP,SUPP,SUPP,SUPP,SUPP,SUPP,,,,,,,,7,100%,0,0%,,,,,,,SUPP,SUPP,SUPP,SUPP,,,0%,0%,100%,,,,95.4,94.0,96.8,100%,96.4,94.9,97.9,95.3,93.6,97.0,92.6,90.6,94.5,SUPP,SUPP,SUPP,SUPP,SUPP,SUPP,SUPP,SUPP,SUPP,SUPP,SUPP,SUPP
2,14108,846,7006,114680,Downs View Special School,Warren Road,Woodingdean,,Brighton,BN2 6BB,01273 601680,0,,,CYS,0,Does not apply,3-19,0,1,0,109,7,7,3,4,43%,57%,3.0,7,100%,0,0%,0,0%,0,0%,7,100%,,,0%,100%,0%,100%,0%,,,0%,,,SUPP,SUPP,SUPP,SUPP,,,0%,0%,5,71%,SUPP,SUPP,2,29%,SUPP,SUPP,0%,0%,100%,0%,0%,100%,0%,0%,0%,100%,0%,15.0,SUPP,SUPP,SUPP,SUPP,,,0%,,,0%,,,100%,,,0%,0%,0%,0%,100%,0%,0%,100%,0%,0%,0%,100%,0%,0%,0%,100%,0%,0%,0%,100%,0%,0%,0%,100%,0%,SUPP,SUPP,SUPP,0%,SUPP,SUPP,SUPP,SUPP,SUPP,SUPP,SUPP,SUPP,SUPP,SUPP,,,,,,,,7,100%,0,0%,,,,,,,SUPP,SUPP,SUPP,SUPP,,,0%,0%,100%,,,,91.9,90.5,93.3,100%,93.0,91.6,94.5,92.3,90.6,94.0,86.8,84.8,88.8,SUPP,SUPP,SUPP,SUPP,SUPP,SUPP,SUPP,SUPP,SUPP,SUPP,SUPP,SUPP
2,22748,846,7018,114687,Hillside School,Foredown Road,Portslade,,Brighton,BN41 2FU,01273 416979,0,,,CYS,0,Does not apply,3-16,0,1,0,60,7,7,3,4,43%,57%,4.8,6,86%,1,14%,0,0%,1,14%,7,100%,,,0%,100%,14%,100%,0%,SUPP,,0%,SUPP,,SUPP,SUPP,SUPP,SUPP,SUPP,SUPP,0%,14%,1,14%,SUPP,SUPP,6,86%,SUPP,SUPP,0%,0%,86%,0%,0%,100%,0%,14%,0%,86%,0%,15.9,SUPP,SUPP,SUPP,SUPP,SUPP,SUPP,0%,SUPP,,0%,SUPP,,100%,SUPP,,0%,0%,0%,0%,86%,14%,0%,86%,0%,14%,0%,86%,0%,14%,0%,86%,0%,14%,0%,86%,0%,14%,0%,86%,0%,SUPP,SUPP,0%,0%,3,33%,6,67%,SUPP,SUPP,SUPP,SUPP,SUPP,SUPP,,,,,,,,6,86%,0,0%,,,,,,,SUPP,SUPP,SUPP,SUPP,,,0%,0%,100%,,,,93.1,91.7,94.5,100%,93.4,92.0,94.9,94.1,92.4,95.7,88.3,86.2,90.4,SUPP,SUPP,SUPP,SUPP,SUPP,SUPP,SUPP,SUPP,SUPP,SUPP,SUPP,SUPP
2,36790,846,7005,114679,Patcham House Special School,7 Old London Road,Patcham,,Brighton,BN1 8XR,01273 551028,0,,,CYS,0,Does not apply,5-16,1,1,0,46,0,,,,,,,,,,,,,,,,,,,,,,,,,,,,,,,,,,,,,,,,,,,,,,,,,,,,,,,,,,,,,,,,,,,,,,,,,,,,,,,,,,,,,,,,,,,,,,,,,NA,NA,NA,,NA,NA,NA,NA,NA,NA,NA,NA,NA,NA,,,,,,,,0,,0,,,,,,,,,,,,,,,,,,,,,,,,,,,,,,,,,,,,,,,,,,,,
3,,846,,,Brighton and Hove,,,,,,,,,,,,,,1,,,15772,2376,2360,1214,1146,51%,49%,15.5,390,17%,1200,54%,651,29%,223,9%,2220,94%,,13%,88%,95%,84%,95%,82%,92%,86%,66%,88%,88%,86%,91%,84%,84%,93%,86%,89%,84%,676,29%,65%,15%,1684,71%,85%,37%,79%,31%,9%,86%,43%,13%,,84%,43%,16%,,28.5,77%,81%,29%,33%,74%,17%,31%,85%,99%,1%,21%,69%,38%,3%,0%,80%,32%,74%,23%,7%,86%,41%,14%,,85%,44%,15%,,87%,40%,13%,,87%,51%,13%,,81%,31%,19%,,72%,IA,73%,79%,661,29%,1625,71%,56%,80%,77%,80%,70%,83%,,,,,,,,2134,90%,3,0%,72,3%,245,10%,,13%,86%,89%,77%,87%,,,89%,55%,10%,,,,,,,,,,,,,,,,,,,,,,,,,,,,
4,,,,,NATIONAL,,,,,,,,,,,,,,1,,,4033083,545006,544086,277798,266288,51%,49%,15.2,95310,18%,294016,57%,126142,24%,88243,16%,494087,91%,,11%,89%,,87%,,83%,93%,87%,71%,90%,92%,87%,91%,88%,86%,91%,90%,90%,88%,157715,29%,68%,14%,386371,71%,84%,33%,79%,27%,9%,85%,38%,14%,,84%,39%,15%,,28.3,77%,82%,25%,29%,76%,23%,33%,87%,99%,1%,17%,72%,40%,3%,0%,81%,28%,75%,20%,8%,85%,36%,15%,,85%,40%,15%,,86%,36%,13%,,86%,46%,14%,,81%,28%,19%,,72%,73%,74%,79%,156406,28%,398108,72%,60%,80%,81%,85%,77%,85%,,,,,,,,448226,82%,7617,1%,,3%,,8%,,13%,87%,90%,82%,89%,,,87%,48%,13%,,,,,,,,,,,,,,,,,,,,,,,,,,,,
5,,,,,NATIONAL,,,,,,,,,,,,,,1,,,3948268,538501,537643,274617,263026,51%,49%,15.2,94962,19%,292973,57%,125242,24%,88209,16%,493964,92%,,11%,89%,,87%,,83%,93%,87%,71%,90%,92%,88%,91%,88%,86%,91%,90%,90%,88%,157458,29%,68%,14%,380185,71%,84%,32%,79%,27%,10%,85%,37%,14%,,84%,39%,16%,,28.2,77%,82%,25%,29%,76%,23%,34%,87%,99%,1%,17%,72%,40%,3%,0%,81%,28%,74%,20%,8%,85%,36%,15%,,85%,40%,15%,,86%,36%,14%,,86%,46%,14%,,81%,28%,19%,,72%,73%,74%,79%,156099,29%,390926,71%,61%,80%,81%,85%,77%,85%,,,,,,,,447860,83%,1574,0%,,3%,,8%,,13%,87%,90%,82%,89%,,,87%,48%,13%,,,,,,,,,,,,,,100.1,,,99.9,,,99.8,,,99.7,,,100.0,,
