LAESTAB,School name,School postcode,2000,2001,2002,2003,2004,2005,2006,2007,2008,2009,2010,2011,2012,2013,2014,2015,2016,2017,2018,2019
8464605,Cardinal Newman Catholic School,BN3 6ND,Outstanding,Outstanding,Outstanding,Outstanding,Outstanding,Good,Outstanding,Outstanding,Outstanding,Outstanding,Outstanding,Outstanding,Outstanding,Outstanding,Outstanding,Outstanding,Outstanding,Outstanding,Outstanding,Outstanding
8464012,Varndean School,BN1 6NP,Outstanding,Good,Outstanding,Good,Outstanding,Outstanding,Outstanding,Good,Good,Good,Good,Outstanding,Good,Good,Good,Good,Good,Good,Outstanding,Good
8464016,Dorothy Stringer School,BN1 6PZ,Outstanding,Outstanding,Outstanding,Good,Outstanding,Outstanding,Outstanding,Outstanding,Outstanding,Outstanding,Outstanding,Outstanding,Outstanding,Outstanding,Outstanding,Outstanding,Outstanding,Outstanding,Outstanding,Outstanding
8464018,Longhill High School,BN2 7FR,Good,Outstanding,Good,Good,Good,Good,Good,Good,Good,Good,Good,Poor,Poor,Poor,Good,Poor,Poor,Poor,Poor,Poor
8464067,Blatchington Mill School,BN3 7BW,Good,Good,Good,Outstanding,Good,Outstanding,Good,Outstanding,Outstanding,Outstanding,Outstanding,Outstanding,Outstanding,Outstanding,Outstanding,Outstanding,Outstanding,Outstanding,Good,Outstanding
8464068,Hove Park School and Sixth Form Centre,BN3 7BN,Good,Good,Good,Poor,Poor,Poor,Poor,Good,Good,Poor,Good,Good,Good,Good,Good,Good,Good,Good,Good,Good
8464068,Hove Park School and Sixth Form Centre,BN3 8AA,Good,Good,Good,Poor,Poor,Poor,Poor,Good,Good,Poor,Good,Good,Good,Good,Good,Good,Good,Good,Good,Good
8464001,Portslade Aldridge Community Academy,BN41 2WS,Poor,Poor,Poor,Poor,Good,Good,Good,Poor,Poor,Poor,Poor,Poor,Poor,Poor,Poor,Good,Poor,Poor,Poor,Poor
8464072,Patcham High School,BN1 8PB,Poor,Poor,Poor,Poor,Poor,Poor,Poor,Poor,Poor,Good,Poor,Good,Good,Good,Poor,Poor,Good,Good,Good,Good
8466905,Brighton Aldridge Community Academy,BN1 9PW,Poor,Poor,Poor,Poor,Poor,Poor,Poor,Poor,Poor,Poor,Poor,Poor,Poor,Poor,Poor,Poor,Poor,Poor,Poor,Poor
