URN,SCHNAME,YEAR,OFSR
114365,Coombe Road Primary School,2007,Good
114365,Coombe Road Primary School,2008,Good
114365,Coombe Road Primary School,2009,Satisfactory
114365,Coombe Road Primary School,2010,Satisfactory
114365,Coombe Road Primary School,2011,Satisfactory
114365,Coombe Road Primary School,2012,Satisfactory
114365,Coombe Road Primary School,2013,Requires Improvement
114365,Coombe Road Primary School,2014,Requires Improvement
114365,Coombe Road Primary School,2015,Requires Improvement
114365,Coombe Road Primary School,2016,Requires Improvement
114365,Coombe Road Primary School,2017,Good
114365,Coombe Road Primary School,2018,Good
114365,Coombe Road Primary School,2019,Good
114365,Coombe Road Primary School,2020,Good
114365,Coombe Road Primary School,2021,Good
114365,Coombe Road Primary School,2022,Good
114366,Downs Junior School,2007,Good
114366,Downs Junior School,2008,Good
114366,Downs Junior School,2009,Good
114366,Downs Junior School,2010,Good
114366,Downs Junior School,2011,Outstanding
114366,Downs Junior School,2012,Outstanding
114366,Downs Junior School,2013,Outstanding
114366,Downs Junior School,2014,Outstanding
114366,Downs Junior School,2015,Outstanding
114366,Downs Junior School,2016,Outstanding
114366,Downs Junior School,2017,Outstanding
114366,Downs Junior School,2018,Outstanding
114366,Downs Junior School,2019,Outstanding
114366,Downs Junior School,2020,Outstanding
114366,Downs Junior School,2021,Outstanding
114366,Downs Junior School,2022,Outstanding
114367,Downs Infant School,2007,Outstanding
114367,Downs Infant School,2008,Outstanding
114367,Downs Infant School,2009,Outstanding
114367,Downs Infant School,2010,Outstanding
114367,Downs Infant School,2011,Outstanding
114367,Downs Infant School,2012,Outstanding
114367,Downs Infant School,2013,Outstanding
114367,Downs Infant School,2014,Outstanding
114367,Downs Infant School,2015,Outstanding
114367,Downs Infant School,2016,Outstanding
114367,Downs Infant School,2017,Outstanding
114367,Downs Infant School,2018,Outstanding
114367,Downs Infant School,2019,Outstanding
114367,Downs Infant School,2020,Outstanding
114367,Downs Infant School,2021,Outstanding
114367,Downs Infant School,2022,Outstanding
114368,Hertford Infant School,2007,Good
114368,Hertford Infant School,2008,Good
114368,Hertford Infant School,2009,Good
114368,Hertford Infant School,2010,Good
114368,Hertford Infant School,2011,Good
114368,Hertford Infant School,2012,Outstanding
114368,Hertford Infant School,2013,Outstanding
114368,Hertford Infant School,2014,Outstanding
114368,Hertford Infant School,2015,Outstanding
114368,Hertford Infant School,2016,Outstanding
114368,Hertford Infant School,2017,Outstanding
114368,Hertford Infant School,2018,Outstanding
114368,Hertford Infant School,2019,Good
114368,Hertford Infant School,2020,Good
114368,Hertford Infant School,2021,Good
114368,Hertford Infant School,2022,Good
114369,Middle Street Primary School,2007,Good
114369,Middle Street Primary School,2008,Good
114369,Middle Street Primary School,2009,Good
114369,Middle Street Primary School,2010,Good
114369,Middle Street Primary School,2011,Good
114369,Middle Street Primary School,2012,Good
114369,Middle Street Primary School,2013,Good
114369,Middle Street Primary School,2014,Good
114369,Middle Street Primary School,2015,Good
114369,Middle Street Primary School,2016,Good
114369,Middle Street Primary School,2017,Good
114369,Middle Street Primary School,2018,Good
114369,Middle Street Primary School,2019,Good
114369,Middle Street Primary School,2020,Good
114369,Middle Street Primary School,2021,Good
114369,Middle Street Primary School,2022,Good
114372,Patcham Junior School,2007,Good
114372,Patcham Junior School,2008,Good
114372,Patcham Junior School,2009,Good
114372,Patcham Junior School,2010,Good
114372,Patcham Junior School,2011,Good
114372,Patcham Junior School,2012,Good
114372,Patcham Junior School,2013,Inadequate
114372,Patcham Junior School,2014,Inadequate
114372,Patcham Junior School,2015,Good
114372,Patcham Junior School,2016,Good
114372,Patcham Junior School,2017,Good
114372,Patcham Junior School,2018,Good
114372,Patcham Junior School,2019,Good
114372,Patcham Junior School,2020,Good
114372,Patcham Junior School,2021,Good
114372,Patcham Junior School,2022,Good
114373,Patcham Infant School,2007,Outstanding
114373,Patcham Infant School,2008,Outstanding
114373,Patcham Infant School,2009,Outstanding
114373,Patcham Infant School,2010,Outstanding
114373,Patcham Infant School,2011,Outstanding
114373,Patcham Infant School,2012,Outstanding
114373,Patcham Infant School,2013,Outstanding
114373,Patcham Infant School,2014,Outstanding
114373,Patcham Infant School,2015,Outstanding
114373,Patcham Infant School,2016,Outstanding
114373,Patcham Infant School,2017,Outstanding
114373,Patcham Infant School,2018,Outstanding
114373,Patcham Infant School,2019,Outstanding
114373,Patcham Infant School,2020,Outstanding
114373,Patcham Infant School,2021,Outstanding
114373,Patcham Infant School,2022,Good
114374,St Luke's Primary School,2007,Good
114374,St Luke's Primary School,2008,Good
114374,St Luke's Primary School,2009,Good
114374,St Luke's Primary School,2010,Outstanding
114374,St Luke's Primary School,2011,Outstanding
114374,St Luke's Primary School,2012,Outstanding
114374,St Luke's Primary School,2013,Outstanding
114374,St Luke's Primary School,2014,Outstanding
114374,St Luke's Primary School,2015,Outstanding
114374,St Luke's Primary School,2016,Outstanding
114374,St Luke's Primary School,2017,Outstanding
114374,St Luke's Primary School,2018,Outstanding
114374,St Luke's Primary School,2019,Outstanding
114374,St Luke's Primary School,2020,Outstanding
114374,St Luke's Primary School,2021,Outstanding
114374,St Luke's Primary School,2022,Outstanding
114376,Stanford Junior School,2007,Good
114376,Stanford Junior School,2008,Good
114376,Stanford Junior School,2009,Good
114376,Stanford Junior School,2010,Good
114376,Stanford Junior School,2011,Good
114376,Stanford Junior School,2012,Good
114376,Stanford Junior School,2013,Good
114376,Stanford Junior School,2014,Good
114376,Stanford Junior School,2015,Good
114376,Stanford Junior School,2016,Good
114376,Stanford Junior School,2017,Good
114376,Stanford Junior School,2018,Good
114376,Stanford Junior School,2019,Good
114376,Stanford Junior School,2020,Good
114376,Stanford Junior School,2021,Good
114376,Stanford Junior School,2022,Good
114377,Stanford Infant School,2007,Outstanding
114377,Stanford Infant School,2008,Outstanding
114377,Stanford Infant School,2009,Outstanding
114377,Stanford Infant School,2010,Outstanding
114377,Stanford Infant School,2011,Outstanding
114377,Stanford Infant School,2012,Outstanding
114377,Stanford Infant School,2013,Outstanding
114377,Stanford Infant School,2014,Outstanding
114377,Stanford Infant School,2015,Outstanding
114377,Stanford Infant School,2016,Outstanding
114377,Stanford Infant School,2017,Outstanding
114377,Stanford Infant School,2018,Outstanding
114377,Stanford Infant School,2019,Outstanding
114377,Stanford Infant School,2020,Outstanding
114377,Stanford Infant School,2021,Outstanding
114377,Stanford Infant School,2022,Good
114380,Westdene Primary School,2007,Outstanding
114380,Westdene Primary School,2008,Outstanding
114380,Westdene Primary School,2009,Outstanding
114380,Westdene Primary School,2010,Outstanding
114380,Westdene Primary School,2011,Outstanding
114380,Westdene Primary School,2012,Outstanding
114380,Westdene Primary School,2013,Good
114380,Westdene Primary School,2014,Good
114380,Westdene Primary School,2015,Good
114380,Westdene Primary School,2016,Good
114380,Westdene Primary School,2017,Good
114380,Westdene Primary School,2018,Good
114380,Westdene Primary School,2019,Good
114380,Westdene Primary School,2020,Good
114380,Westdene Primary School,2021,Good
114380,Westdene Primary School,2022,Good
114381,Carlton Hill Primary School,2007,Good
114381,Carlton Hill Primary School,2008,Good
114381,Carlton Hill Primary School,2009,Outstanding
114381,Carlton Hill Primary School,2010,Outstanding
114381,Carlton Hill Primary School,2011,Outstanding
114381,Carlton Hill Primary School,2012,Good
114381,Carlton Hill Primary School,2013,Good
114381,Carlton Hill Primary School,2014,Good
114381,Carlton Hill Primary School,2015,Good
114381,Carlton Hill Primary School,2016,Good
114381,Carlton Hill Primary School,2017,Good
114381,Carlton Hill Primary School,2018,Good
114381,Carlton Hill Primary School,2019,Good
114381,Carlton Hill Primary School,2020,Good
114381,Carlton Hill Primary School,2021,Good
114381,Carlton Hill Primary School,2022,Good
114382,Balfour Primary School,2007,Outstanding
114382,Balfour Primary School,2008,Outstanding
114382,Balfour Primary School,2009,Outstanding
114382,Balfour Primary School,2010,Outstanding
114382,Balfour Primary School,2011,Outstanding
114382,Balfour Primary School,2012,Good
114382,Balfour Primary School,2013,Good
114382,Balfour Primary School,2014,Good
114382,Balfour Primary School,2015,Good
114382,Balfour Primary School,2016,Good
114382,Balfour Primary School,2017,Requires Improvement
114382,Balfour Primary School,2018,Requires Improvement
114382,Balfour Primary School,2019,Requires Improvement
114382,Balfour Primary School,2020,Requires Improvement
114382,Balfour Primary School,2021,Requires Improvement
114382,Balfour Primary School,2022,Requires Improvement
114383,Hertford Junior School,2007,Good
114383,Hertford Junior School,2008,Good
114383,Hertford Junior School,2009,Good
114383,Hertford Junior School,2010,Good
114383,Hertford Junior School,2011,Inadequate
114383,Hertford Junior School,2012,Inadequate
114383,Hertford Junior School,2013,Requires Improvement
114383,Hertford Junior School,2014,Requires Improvement
114383,Hertford Junior School,2015,Good
114383,Hertford Junior School,2016,Good
114383,Hertford Junior School,2017,Good
114383,Hertford Junior School,2018,Good
114383,Hertford Junior School,2019,Good
114383,Hertford Junior School,2020,Requires Improvement
114383,Hertford Junior School,2021,Requires Improvement
114383,Hertford Junior School,2022,Requires Improvement
114384,Coldean Primary School,2007,Good
114384,Coldean Primary School,2008,Good
114384,Coldean Primary School,2009,Good
114384,Coldean Primary School,2010,Outstanding
114384,Coldean Primary School,2011,Outstanding
114384,Coldean Primary School,2012,Outstanding
114384,Coldean Primary School,2013,Good
114384,Coldean Primary School,2014,Good
114384,Coldean Primary School,2015,Good
114384,Coldean Primary School,2016,Good
114384,Coldean Primary School,2017,Good
114384,Coldean Primary School,2018,Good
114384,Coldean Primary School,2019,Good
114384,Coldean Primary School,2020,Good
114384,Coldean Primary School,2021,Good
114384,Coldean Primary School,2022,Good
114398,Goldstone Primary School,2007,Good
114398,Goldstone Primary School,2008,Good
114398,Goldstone Primary School,2009,Good
114398,Goldstone Primary School,2010,Good
114398,Goldstone Primary School,2011,Good
114398,Goldstone Primary School,2012,Good
114398,Goldstone Primary School,2013,Good
114398,Goldstone Primary School,2014,Good
114398,Goldstone Primary School,2015,Good
114398,Goldstone Primary School,2016,Good
114398,Goldstone Primary School,2017,Good
114398,Goldstone Primary School,2018,Good
114398,Goldstone Primary School,2019,Good
114398,Goldstone Primary School,2020,Good
114398,Goldstone Primary School,2021,Good
114398,Goldstone Primary School,2022,Good
114399,Hangleton Primary School,2007,Good
114399,Hangleton Primary School,2008,Good
114399,Hangleton Primary School,2009,Good
114399,Hangleton Primary School,2010,Outstanding
114399,Hangleton Primary School,2011,Outstanding
114399,Hangleton Primary School,2012,Outstanding
114399,Hangleton Primary School,2013,Outstanding
114399,Hangleton Primary School,2014,Outstanding
114399,Hangleton Primary School,2015,Outstanding
114399,Hangleton Primary School,2016,Outstanding
114399,Hangleton Primary School,2017,Outstanding
114399,Hangleton Primary School,2018,Good
114399,Hangleton Primary School,2019,Good
114399,Hangleton Primary School,2020,Good
114399,Hangleton Primary School,2021,Good
114399,Hangleton Primary School,2022,Good
114403,Hove Junior School,2007,Satisfactory
114403,Hove Junior School,2008,Satisfactory
114403,Hove Junior School,2009,Satisfactory
114403,Hove Junior School,2010,Satisfactory
114403,Hove Junior School,2011,Good
114403,Hove Junior School,2012,Good
114403,Hove Junior School,2013,Good
114403,Hove Junior School,2014,Good
114403,Hove Junior School,2015,Good
114403,Hove Junior School,2016,Good
114403,Hove Junior School,2017,Good
114403,Hove Junior School,2018,Good
114403,Hove Junior School,2019,Good
114403,Hove Junior School,2020,Good
114403,Hove Junior School,2021,Good
114403,Hove Junior School,2022,Good
114411,St Peter's Community Primary School,2007,Good
114411,St Peter's Community Primary School,2008,Good
114411,St Peter's Community Primary School,2009,Good
114411,St Peter's Community Primary School,2010,Outstanding
114411,St Peter's Community Primary School,2011,Outstanding
114411,St Peter's Community Primary School,2012,Outstanding
114411,St Peter's Community Primary School,2013,Outstanding
114411,St Peter's Community Primary School,2014,Requires Improvement
114411,St Peter's Community Primary School,2015,Requires Improvement
114411,St Peter's Community Primary School,2016,Good
114411,St Peter's Community Primary School,2017,Good
114411,St Peter's Community Primary School,2018,Good
114411,St Peter's Community Primary School,2019,Good
114411,St Peter's Community Primary School,2020,Good
114411,St Peter's Community Primary School,2021,Good
114411,St Peter's Community Primary School,2022,Requires Improvement
114412,Benfield Primary School,2007,Satisfactory
114412,Benfield Primary School,2008,Satisfactory
114412,Benfield Primary School,2009,Satisfactory
114412,Benfield Primary School,2010,Satisfactory
114412,Benfield Primary School,2011,Satisfactory
114412,Benfield Primary School,2012,Inadequate
114412,Benfield Primary School,2013,Requires Improvement
114412,Benfield Primary School,2014,Requires Improvement
114412,Benfield Primary School,2015,Requires Improvement
114412,Benfield Primary School,2016,Good
114412,Benfield Primary School,2017,Good
114412,Benfield Primary School,2018,Good
114412,Benfield Primary School,2019,Good
114412,Benfield Primary School,2020,Good
114412,Benfield Primary School,2021,Good
114412,Benfield Primary School,2022,Good
114413,Brackenbury Primary School,2007,Good
114413,Brackenbury Primary School,2008,Good
114413,Brackenbury Primary School,2009,Good
114413,Brackenbury Primary School,2010,Good
114413,Brackenbury Primary School,2011,Satisfactory
114413,Brackenbury Primary School,2012,Satisfactory
114413,Brackenbury Primary School,2013,Good
114413,Brackenbury Primary School,2014,Good
114413,Brackenbury Primary School,2015,Good
114413,Brackenbury Primary School,2016,Good
114413,Brackenbury Primary School,2017,Good
114413,Brackenbury Primary School,2018,Requires Improvement
114413,Brackenbury Primary School,2019,Requires Improvement
114413,Brackenbury Primary School,2020,Requires Improvement
114413,Brackenbury Primary School,2021,Requires Improvement
114413,Brackenbury Primary School,2022,Good
114425,West Blatchington Primary and Nursery School,2007,Good
114425,West Blatchington Primary and Nursery School,2008,Good
114425,West Blatchington Primary and Nursery School,2009,Good
114425,West Blatchington Primary and Nursery School,2010,Satisfactory
114425,West Blatchington Primary and Nursery School,2011,Satisfactory
114425,West Blatchington Primary and Nursery School,2012,Satisfactory
114425,West Blatchington Primary and Nursery School,2013,Requires Improvement
114425,West Blatchington Primary and Nursery School,2014,Requires Improvement
114425,West Blatchington Primary and Nursery School,2015,Good
114425,West Blatchington Primary and Nursery School,2016,Good
114425,West Blatchington Primary and Nursery School,2017,Good
114425,West Blatchington Primary and Nursery School,2018,Good
114425,West Blatchington Primary and Nursery School,2019,Good
114425,West Blatchington Primary and Nursery School,2020,Good
114425,West Blatchington Primary and Nursery School,2021,Good
114425,West Blatchington Primary and Nursery School,2022,Good
114428,West Hove Infant School,2007,Outstanding
114428,West Hove Infant School,2008,Outstanding
114428,West Hove Infant School,2009,Outstanding
114428,West Hove Infant School,2010,Outstanding
114428,West Hove Infant School,2011,Outstanding
114428,West Hove Infant School,2012,Outstanding
114428,West Hove Infant School,2013,Outstanding
114428,West Hove Infant School,2014,Outstanding
114428,West Hove Infant School,2015,Outstanding
114428,West Hove Infant School,2016,Outstanding
114428,West Hove Infant School,2017,Outstanding
114428,West Hove Infant School,2018,Outstanding
114428,West Hove Infant School,2019,Outstanding
114428,West Hove Infant School,2020,Outstanding
114428,West Hove Infant School,2021,Outstanding
114428,West Hove Infant School,2022,Outstanding
114430,Mile Oak Primary School,2007,Good
114430,Mile Oak Primary School,2008,Good
114430,Mile Oak Primary School,2009,Satisfactory
114430,Mile Oak Primary School,2010,Satisfactory
114430,Mile Oak Primary School,2011,Satisfactory
114430,Mile Oak Primary School,2012,Satisfactory
114430,Mile Oak Primary School,2013,Requires Improvement
114430,Mile Oak Primary School,2014,Good
114430,Mile Oak Primary School,2015,Good
114430,Mile Oak Primary School,2016,Good
114430,Mile Oak Primary School,2017,Good
114430,Mile Oak Primary School,2018,Requires Improvement
114430,Mile Oak Primary School,2019,Requires Improvement
114430,Mile Oak Primary School,2020,Requires Improvement
114430,Mile Oak Primary School,2021,Requires Improvement
114430,Mile Oak Primary School,2022,Good
114443,Peter Gladwin Primary School,2007,Satisfactory
114443,Peter Gladwin Primary School,2008,Satisfactory
114443,Peter Gladwin Primary School,2009,Satisfactory
114443,Peter Gladwin Primary School,2010,Good
114443,Peter Gladwin Primary School,2011,Good
114443,Peter Gladwin Primary School,2012,Good
114443,Peter Gladwin Primary School,2013,Good
114443,Peter Gladwin Primary School,2014,Good
114443,Peter Gladwin Primary School,2015,Good
114443,Peter Gladwin Primary School,2016,Good
114443,Peter Gladwin Primary School,2017,Good
114443,Peter Gladwin Primary School,2018,Good
114443,Peter Gladwin Primary School,2019,Good
114443,Peter Gladwin Primary School,2020,Good
114443,Peter Gladwin Primary School,2021,Good
114443,Peter Gladwin Primary School,2022,Good
114446,Brunswick Primary School,2007,Good
114446,Brunswick Primary School,2008,Good
114446,Brunswick Primary School,2009,Good
114446,Brunswick Primary School,2010,Satisfactory
114446,Brunswick Primary School,2011,Satisfactory
114446,Brunswick Primary School,2012,Requires Improvement
114446,Brunswick Primary School,2013,Requires Improvement
114446,Brunswick Primary School,2014,Good
114446,Brunswick Primary School,2015,Good
114446,Brunswick Primary School,2016,Good
114446,Brunswick Primary School,2017,Good
114446,Brunswick Primary School,2018,Good
114446,Brunswick Primary School,2019,Good
114446,Brunswick Primary School,2020,Good
114446,Brunswick Primary School,2021,Good
114446,Brunswick Primary School,2022,Good
114477,Elm Grove Primary School,2007,Good
114477,Elm Grove Primary School,2008,Good
114477,Elm Grove Primary School,2009,Good
114477,Elm Grove Primary School,2010,Good
114477,Elm Grove Primary School,2011,Good
114477,Elm Grove Primary School,2012,Good
114477,Elm Grove Primary School,2013,Good
114477,Elm Grove Primary School,2014,Good
114477,Elm Grove Primary School,2015,Good
114477,Elm Grove Primary School,2016,Good
114477,Elm Grove Primary School,2017,Good
114477,Elm Grove Primary School,2018,Good
114477,Elm Grove Primary School,2019,Good
114477,Elm Grove Primary School,2020,Good
114477,Elm Grove Primary School,2021,Good
114477,Elm Grove Primary School,2022,Good
114478,Queen's Park Primary School,2007,Good
114478,Queen's Park Primary School,2008,Good
114478,Queen's Park Primary School,2009,Good
114478,Queen's Park Primary School,2010,Good
114478,Queen's Park Primary School,2011,Good
114478,Queen's Park Primary School,2012,Good
114478,Queen's Park Primary School,2013,Good
114478,Queen's Park Primary School,2014,Good
114478,Queen's Park Primary School,2015,Good
114478,Queen's Park Primary School,2016,Good
114478,Queen's Park Primary School,2017,Good
114478,Queen's Park Primary School,2018,Good
114478,Queen's Park Primary School,2019,Good
114478,Queen's Park Primary School,2020,Good
114478,Queen's Park Primary School,2021,Good
114478,Queen's Park Primary School,2022,Good
114479,Saltdean Primary School,2007,Satisfactory
114479,Saltdean Primary School,2008,Satisfactory
114479,Saltdean Primary School,2009,Satisfactory
114479,Saltdean Primary School,2010,Good
114479,Saltdean Primary School,2011,Good
114479,Saltdean Primary School,2012,Good
114479,Saltdean Primary School,2013,Good
114479,Saltdean Primary School,2014,Good
114479,Saltdean Primary School,2015,Good
114479,Saltdean Primary School,2016,Good
114479,Saltdean Primary School,2017,Good
114479,Saltdean Primary School,2018,Good
114479,Saltdean Primary School,2019,Good
114479,Saltdean Primary School,2020,Good
114479,Saltdean Primary School,2021,Good
114479,Saltdean Primary School,2022,Good
114480,Woodingdean Primary School,2007,Outstanding
114480,Woodingdean Primary School,2008,Outstanding
114480,Woodingdean Primary School,2009,Outstanding
114480,Woodingdean Primary School,2010,Outstanding
114480,Woodingdean Primary School,2011,Outstanding
114480,Woodingdean Primary School,2012,Good
114480,Woodingdean Primary School,2013,Good
114480,Woodingdean Primary School,2014,Good
114480,Woodingdean Primary School,2015,Good
114480,Woodingdean Primary School,2016,Good
114480,Woodingdean Primary School,2017,Good
114480,Woodingdean Primary School,2018,Good
114480,Woodingdean Primary School,2019,Good
114480,Woodingdean Primary School,2020,Good
114480,Woodingdean Primary School,2021,Good
114480,Woodingdean Primary School,2022,Good
114485,Bevendean Primary School and Nursery,2007,Satisfactory
114485,Bevendean Primary School and Nursery,2008,Satisfactory
114485,Bevendean Primary School and Nursery,2009,Satisfactory
114485,Bevendean Primary School and Nursery,2010,Satisfactory
114485,Bevendean Primary School and Nursery,2011,Satisfactory
114485,Bevendean Primary School and Nursery,2012,Good
114485,Bevendean Primary School and Nursery,2013,Good
114485,Bevendean Primary School and Nursery,2014,Good
114485,Bevendean Primary School and Nursery,2015,Good
114485,Bevendean Primary School and Nursery,2016,Good
114485,Bevendean Primary School and Nursery,2017,Good
114485,Bevendean Primary School and Nursery,2018,Good
114485,Bevendean Primary School and Nursery,2019,Good
114485,Bevendean Primary School and Nursery,2020,Good
114485,Bevendean Primary School and Nursery,2021,Good
114485,Bevendean Primary School and Nursery,2022,Good
114486,Rudyard Kipling Primary School & Nursery,2007,Satisfactory
114486,Rudyard Kipling Primary School & Nursery,2008,Satisfactory
114486,Rudyard Kipling Primary School & Nursery,2009,Satisfactory
114486,Rudyard Kipling Primary School & Nursery,2010,Satisfactory
114486,Rudyard Kipling Primary School & Nursery,2011,Satisfactory
114486,Rudyard Kipling Primary School & Nursery,2012,Satisfactory
114486,Rudyard Kipling Primary School & Nursery,2013,Good
114486,Rudyard Kipling Primary School & Nursery,2014,Good
114486,Rudyard Kipling Primary School & Nursery,2015,Good
114486,Rudyard Kipling Primary School & Nursery,2016,Good
114486,Rudyard Kipling Primary School & Nursery,2017,Good
114486,Rudyard Kipling Primary School & Nursery,2018,Good
114486,Rudyard Kipling Primary School & Nursery,2019,Good
114486,Rudyard Kipling Primary School & Nursery,2020,Good
114486,Rudyard Kipling Primary School & Nursery,2021,Good
114486,Rudyard Kipling Primary School & Nursery,2022,Good
114487,Fairlight Primary School,2007,Satisfactory
114487,Fairlight Primary School,2008,Satisfactory
114487,Fairlight Primary School,2009,Satisfactory
114487,Fairlight Primary School,2010,Good
114487,Fairlight Primary School,2011,Good
114487,Fairlight Primary School,2012,Good
114487,Fairlight Primary School,2013,Good
114487,Fairlight Primary School,2014,Good
114487,Fairlight Primary School,2015,Good
114487,Fairlight Primary School,2016,Good
114487,Fairlight Primary School,2017,Good
114487,Fairlight Primary School,2018,Good
114487,Fairlight Primary School,2019,Good
114487,Fairlight Primary School,2020,Good
114487,Fairlight Primary School,2021,Good
114487,Fairlight Primary School,2022,Good
114537,"St Margaret's CofE Primary School, Rottingdean",2007,Satisfactory
114537,"St Margaret's CofE Primary School, Rottingdean",2008,Satisfactory
114537,"St Margaret's CofE Primary School, Rottingdean",2009,Good
114537,"St Margaret's CofE Primary School, Rottingdean",2010,Good
114537,"St Margaret's CofE Primary School, Rottingdean",2011,Good
114537,"St Margaret's CofE Primary School, Rottingdean",2012,Good
114537,"St Margaret's CofE Primary School, Rottingdean",2013,Good
114537,"St Margaret's CofE Primary School, Rottingdean",2014,Requires Improvement
114537,"St Margaret's CofE Primary School, Rottingdean",2015,Requires Improvement
114537,"St Margaret's CofE Primary School, Rottingdean",2016,Good
114537,"St Margaret's CofE Primary School, Rottingdean",2017,Good
114537,"St Margaret's CofE Primary School, Rottingdean",2018,Good
114537,"St Margaret's CofE Primary School, Rottingdean",2019,Good
114537,"St Margaret's CofE Primary School, Rottingdean",2020,Good
114537,"St Margaret's CofE Primary School, Rottingdean",2021,Good
114537,"St Margaret's CofE Primary School, Rottingdean",2022,Good
114538,St Bartholomew's CofE Primary School,2007,Inadequate
114538,St Bartholomew's CofE Primary School,2008,Satisfactory
114538,St Bartholomew's CofE Primary School,2009,Satisfactory
114538,St Bartholomew's CofE Primary School,2010,Satisfactory
114538,St Bartholomew's CofE Primary School,2011,Outstanding
114538,St Bartholomew's CofE Primary School,2012,Outstanding
114538,St Bartholomew's CofE Primary School,2013,Outstanding
114538,St Bartholomew's CofE Primary School,2014,Requires Improvement
114538,St Bartholomew's CofE Primary School,2015,Requires Improvement
114538,St Bartholomew's CofE Primary School,2016,Requires Improvement
114538,St Bartholomew's CofE Primary School,2017,Requires Improvement
114538,St Bartholomew's CofE Primary School,2018,Good
114538,St Bartholomew's CofE Primary School,2019,Good
114538,St Bartholomew's CofE Primary School,2020,Good
114538,St Bartholomew's CofE Primary School,2021,Good
114538,St Bartholomew's CofE Primary School,2022,Good
114539,St Martin's CofE Primary School,2007,Satisfactory
114539,St Martin's CofE Primary School,2008,Satisfactory
114539,St Martin's CofE Primary School,2009,Satisfactory
114539,St Martin's CofE Primary School,2010,Satisfactory
114539,St Martin's CofE Primary School,2011,Satisfactory
114539,St Martin's CofE Primary School,2012,Good
114539,St Martin's CofE Primary School,2013,Good
114539,St Martin's CofE Primary School,2014,Good
114539,St Martin's CofE Primary School,2015,Requires Improvement
114539,St Martin's CofE Primary School,2016,Requires Improvement
114539,St Martin's CofE Primary School,2017,Good
114539,St Martin's CofE Primary School,2018,Good
114539,St Martin's CofE Primary School,2019,Good
114539,St Martin's CofE Primary School,2020,Good
114539,St Martin's CofE Primary School,2021,Good
114539,St Martin's CofE Primary School,2022,Good
114540,St John the Baptist Catholic Primary School,2007,Good
114540,St John the Baptist Catholic Primary School,2008,Good
114540,St John the Baptist Catholic Primary School,2009,Good
114540,St John the Baptist Catholic Primary School,2010,Good
114540,St John the Baptist Catholic Primary School,2011,Good
114540,St John the Baptist Catholic Primary School,2012,Good
114540,St John the Baptist Catholic Primary School,2013,Good
114540,St John the Baptist Catholic Primary School,2014,Good
114540,St John the Baptist Catholic Primary School,2015,Good
114540,St John the Baptist Catholic Primary School,2016,Good
114540,St John the Baptist Catholic Primary School,2017,Good
114540,St John the Baptist Catholic Primary School,2018,Good
114540,St John the Baptist Catholic Primary School,2019,Good
114540,St John the Baptist Catholic Primary School,2020,Good
114540,St John the Baptist Catholic Primary School,2021,Good
114540,St John the Baptist Catholic Primary School,2022,Good
114541,St Mary Magdalen Catholic Primary School,2007,Good
114541,St Mary Magdalen Catholic Primary School,2008,Good
114541,St Mary Magdalen Catholic Primary School,2009,Good
114541,St Mary Magdalen Catholic Primary School,2010,Good
114541,St Mary Magdalen Catholic Primary School,2011,Good
114541,St Mary Magdalen Catholic Primary School,2012,Good
114541,St Mary Magdalen Catholic Primary School,2013,Good
114541,St Mary Magdalen Catholic Primary School,2014,Requires Improvement
114541,St Mary Magdalen Catholic Primary School,2015,Requires Improvement
114541,St Mary Magdalen Catholic Primary School,2016,Good
114541,St Mary Magdalen Catholic Primary School,2017,Good
114541,St Mary Magdalen Catholic Primary School,2018,Good
114541,St Mary Magdalen Catholic Primary School,2019,Good
114541,St Mary Magdalen Catholic Primary School,2020,Good
114541,St Mary Magdalen Catholic Primary School,2021,Good
114541,St Mary Magdalen Catholic Primary School,2022,Good
114542,St Joseph's Catholic Primary School,2007,Satisfactory
114542,St Joseph's Catholic Primary School,2008,Satisfactory
114542,St Joseph's Catholic Primary School,2009,Satisfactory
114542,St Joseph's Catholic Primary School,2010,Satisfactory
114542,St Joseph's Catholic Primary School,2011,Satisfactory
114542,St Joseph's Catholic Primary School,2012,Satisfactory
114542,St Joseph's Catholic Primary School,2013,Good
114542,St Joseph's Catholic Primary School,2014,Good
114542,St Joseph's Catholic Primary School,2015,Good
114542,St Joseph's Catholic Primary School,2016,Good
114542,St Joseph's Catholic Primary School,2017,Good
114542,St Joseph's Catholic Primary School,2018,Good
114542,St Joseph's Catholic Primary School,2019,Good
114542,St Joseph's Catholic Primary School,2020,Good
114542,St Joseph's Catholic Primary School,2021,Good
114542,St Joseph's Catholic Primary School,2022,Good
114543,St Paul's CofE Primary School,2007,Good
114543,St Paul's CofE Primary School,2008,Good
114543,St Paul's CofE Primary School,2009,Outstanding
114543,St Paul's CofE Primary School,2010,Outstanding
114543,St Paul's CofE Primary School,2011,Outstanding
114543,St Paul's CofE Primary School,2012,Outstanding
114543,St Paul's CofE Primary School,2013,Good
114543,St Paul's CofE Primary School,2014,Good
114543,St Paul's CofE Primary School,2015,Good
114543,St Paul's CofE Primary School,2016,Good
114543,St Paul's CofE Primary School,2017,Good
114543,St Paul's CofE Primary School,2018,Good
114543,St Paul's CofE Primary School,2019,Good
114543,St Paul's CofE Primary School,2020,Good
114543,St Paul's CofE Primary School,2021,Good
114543,St Paul's CofE Primary School,2022,Good
114544,Our Lady of Lourdes RC School,2007,Good
114544,Our Lady of Lourdes RC School,2008,Good
114544,Our Lady of Lourdes RC School,2009,Good
114544,Our Lady of Lourdes RC School,2010,Good
114544,Our Lady of Lourdes RC School,2011,Good
114544,Our Lady of Lourdes RC School,2012,Good
114544,Our Lady of Lourdes RC School,2013,Good
114544,Our Lady of Lourdes RC School,2014,Good
114544,Our Lady of Lourdes RC School,2015,Good
114544,Our Lady of Lourdes RC School,2016,Good
114544,Our Lady of Lourdes RC School,2017,Good
114544,Our Lady of Lourdes RC School,2018,Good
114544,Our Lady of Lourdes RC School,2019,Good
114544,Our Lady of Lourdes RC School,2020,Good
114544,Our Lady of Lourdes RC School,2021,Good
114544,Our Lady of Lourdes RC School,2022,Good
114545,St Mark's CofE Primary School,2007,Good
114545,St Mark's CofE Primary School,2008,Good
114545,St Mark's CofE Primary School,2009,Good
114545,St Mark's CofE Primary School,2010,Good
114545,St Mark's CofE Primary School,2011,Good
114545,St Mark's CofE Primary School,2012,Good
114545,St Mark's CofE Primary School,2013,Requires Improvement
114545,St Mark's CofE Primary School,2014,Requires Improvement
114545,St Mark's CofE Primary School,2015,Good
114545,St Mark's CofE Primary School,2016,Good
114545,St Mark's CofE Primary School,2017,Good
114545,St Mark's CofE Primary School,2018,Good
114545,St Mark's CofE Primary School,2019,Requires Improvement
114545,St Mark's CofE Primary School,2020,Requires Improvement
114545,St Mark's CofE Primary School,2021,Requires Improvement
114545,St Mark's CofE Primary School,2022,Requires Improvement
114546,St Bernadette's Catholic Primary School,2007,Good
114546,St Bernadette's Catholic Primary School,2008,Good
114546,St Bernadette's Catholic Primary School,2009,Good
114546,St Bernadette's Catholic Primary School,2010,Good
114546,St Bernadette's Catholic Primary School,2011,Good
114546,St Bernadette's Catholic Primary School,2012,Good
114546,St Bernadette's Catholic Primary School,2013,Good
114546,St Bernadette's Catholic Primary School,2014,Good
114546,St Bernadette's Catholic Primary School,2015,Good
114546,St Bernadette's Catholic Primary School,2016,Good
114546,St Bernadette's Catholic Primary School,2017,Good
114546,St Bernadette's Catholic Primary School,2018,Good
114546,St Bernadette's Catholic Primary School,2019,Good
114546,St Bernadette's Catholic Primary School,2020,Good
114546,St Bernadette's Catholic Primary School,2021,Good
114546,St Bernadette's Catholic Primary School,2022,Good
114555,Aldrington CofE Primary School,2007,Good
114555,Aldrington CofE Primary School,2008,Good
114555,Aldrington CofE Primary School,2009,Good
114555,Aldrington CofE Primary School,2010,Good
114555,Aldrington CofE Primary School,2011,Good
114555,Aldrington CofE Primary School,2012,Good
114555,Aldrington CofE Primary School,2013,Good
114555,Aldrington CofE Primary School,2014,Good
114555,Aldrington CofE Primary School,2015,Good
114555,Aldrington CofE Primary School,2016,Good
114555,Aldrington CofE Primary School,2017,Good
114555,Aldrington CofE Primary School,2018,Good
114555,Aldrington CofE Primary School,2019,Good
114555,Aldrington CofE Primary School,2020,Good
114555,Aldrington CofE Primary School,2021,Good
114555,Aldrington CofE Primary School,2022,Good
114556,St Andrew's CofE (Aided) Primary School,2007,Outstanding
114556,St Andrew's CofE (Aided) Primary School,2008,Outstanding
114556,St Andrew's CofE (Aided) Primary School,2009,Outstanding
114556,St Andrew's CofE (Aided) Primary School,2010,Outstanding
114556,St Andrew's CofE (Aided) Primary School,2011,Outstanding
114556,St Andrew's CofE (Aided) Primary School,2012,Outstanding
114556,St Andrew's CofE (Aided) Primary School,2013,Outstanding
114556,St Andrew's CofE (Aided) Primary School,2014,Outstanding
114556,St Andrew's CofE (Aided) Primary School,2015,Good
114556,St Andrew's CofE (Aided) Primary School,2016,Good
114556,St Andrew's CofE (Aided) Primary School,2017,Good
114556,St Andrew's CofE (Aided) Primary School,2018,Good
114556,St Andrew's CofE (Aided) Primary School,2019,Good
114556,St Andrew's CofE (Aided) Primary School,2020,Good
114556,St Andrew's CofE (Aided) Primary School,2021,Good
114556,St Andrew's CofE (Aided) Primary School,2022,Good
114560,St Nicolas CofE Primary School,2007,Satisfactory
114560,St Nicolas CofE Primary School,2008,Satisfactory
114560,St Nicolas CofE Primary School,2009,Satisfactory
114560,St Nicolas CofE Primary School,2010,Satisfactory
114560,St Nicolas CofE Primary School,2011,Satisfactory
114560,St Nicolas CofE Primary School,2012,Requires Improvement
114560,St Nicolas CofE Primary School,2013,Requires Improvement
114560,St Nicolas CofE Primary School,2014,Requires Improvement
114560,St Nicolas CofE Primary School,2015,Requires Improvement
114560,St Nicolas CofE Primary School,2016,Good
114560,St Nicolas CofE Primary School,2017,Good
114560,St Nicolas CofE Primary School,2018,Good
114560,St Nicolas CofE Primary School,2019,Good
114560,St Nicolas CofE Primary School,2020,Good
114560,St Nicolas CofE Primary School,2021,Good
114560,St Nicolas CofE Primary School,2022,Good
114567,Cottesmore St Mary's Catholic Primary School,2007,Satisfactory
114567,Cottesmore St Mary's Catholic Primary School,2008,Good
114567,Cottesmore St Mary's Catholic Primary School,2009,Good
114567,Cottesmore St Mary's Catholic Primary School,2010,Satisfactory
114567,Cottesmore St Mary's Catholic Primary School,2011,Satisfactory
114567,Cottesmore St Mary's Catholic Primary School,2012,Good
114567,Cottesmore St Mary's Catholic Primary School,2013,Good
114567,Cottesmore St Mary's Catholic Primary School,2014,Good
114567,Cottesmore St Mary's Catholic Primary School,2015,Good
114567,Cottesmore St Mary's Catholic Primary School,2016,Good
114567,Cottesmore St Mary's Catholic Primary School,2017,Good
114567,Cottesmore St Mary's Catholic Primary School,2018,Good
114567,Cottesmore St Mary's Catholic Primary School,2019,Good
114567,Cottesmore St Mary's Catholic Primary School,2020,Good
114567,Cottesmore St Mary's Catholic Primary School,2021,Good
114567,Cottesmore St Mary's Catholic Primary School,2022,Good
114570,St Mary's Catholic Primary School,2007,Good
114570,St Mary's Catholic Primary School,2008,Good
114570,St Mary's Catholic Primary School,2009,Good
114570,St Mary's Catholic Primary School,2010,Satisfactory
114570,St Mary's Catholic Primary School,2011,Satisfactory
114570,St Mary's Catholic Primary School,2012,Requires Improvement
114570,St Mary's Catholic Primary School,2013,Requires Improvement
114570,St Mary's Catholic Primary School,2014,Good
114570,St Mary's Catholic Primary School,2015,Good
114570,St Mary's Catholic Primary School,2016,Good
114570,St Mary's Catholic Primary School,2017,Good
114570,St Mary's Catholic Primary School,2018,Good
114570,St Mary's Catholic Primary School,2019,Good
114570,St Mary's Catholic Primary School,2020,Good
114570,St Mary's Catholic Primary School,2021,Good
114570,St Mary's Catholic Primary School,2022,Good
114579,Varndean School,2007,Good
114579,Varndean School,2008,Good
114579,Varndean School,2009,Good
114579,Varndean School,2010,Good
114579,Varndean School,2011,Good
114579,Varndean School,2012,Good
114579,Varndean School,2013,Good
114579,Varndean School,2014,Good
114579,Varndean School,2015,Good
114579,Varndean School,2016,Good
114579,Varndean School,2017,Good
114579,Varndean School,2018,Good
114579,Varndean School,2019,Good
114579,Varndean School,2020,Good
114579,Varndean School,2021,Good
114579,Varndean School,2022,Good
114580,Dorothy Stringer School,2007,Good
114580,Dorothy Stringer School,2008,Good
114580,Dorothy Stringer School,2009,Outstanding
114580,Dorothy Stringer School,2010,Outstanding
114580,Dorothy Stringer School,2011,Outstanding
114580,Dorothy Stringer School,2012,Outstanding
114580,Dorothy Stringer School,2013,Good
114580,Dorothy Stringer School,2014,Good
114580,Dorothy Stringer School,2015,Good
114580,Dorothy Stringer School,2016,Good
114580,Dorothy Stringer School,2017,Good
114580,Dorothy Stringer School,2018,Good
114580,Dorothy Stringer School,2019,Good
114580,Dorothy Stringer School,2020,Good
114580,Dorothy Stringer School,2021,Good
114580,Dorothy Stringer School,2022,Good
114581,Longhill High School,2007,Satisfactory
114581,Longhill High School,2008,Satisfactory
114581,Longhill High School,2009,Satisfactory
114581,Longhill High School,2010,Good
114581,Longhill High School,2011,Good
114581,Longhill High School,2012,Good
114581,Longhill High School,2013,Requires Improvement
114581,Longhill High School,2014,Requires Improvement
114581,Longhill High School,2015,Requires Improvement
114581,Longhill High School,2016,Requires Improvement
114581,Longhill High School,2017,Requires Improvement
114581,Longhill High School,2018,Good
114581,Longhill High School,2019,Good
114581,Longhill High School,2020,Good
114581,Longhill High School,2021,Good
114581,Longhill High School,2022,Good
114606,Blatchington Mill School,2007,Good
114606,Blatchington Mill School,2008,Good
114606,Blatchington Mill School,2009,Good
114606,Blatchington Mill School,2010,Satisfactory
114606,Blatchington Mill School,2011,Satisfactory
114606,Blatchington Mill School,2012,Satisfactory
114606,Blatchington Mill School,2013,Good
114606,Blatchington Mill School,2014,Good
114606,Blatchington Mill School,2015,Good
114606,Blatchington Mill School,2016,Good
114606,Blatchington Mill School,2017,Good
114606,Blatchington Mill School,2018,Good
114606,Blatchington Mill School,2019,Good
114606,Blatchington Mill School,2020,Good
114606,Blatchington Mill School,2021,Good
114606,Blatchington Mill School,2022,Good
114607,Hove Park School and Sixth Form Centre,2007,Satisfactory
114607,Hove Park School and Sixth Form Centre,2008,Satisfactory
114607,Hove Park School and Sixth Form Centre,2009,Satisfactory
114607,Hove Park School and Sixth Form Centre,2010,Satisfactory
114607,Hove Park School and Sixth Form Centre,2011,Satisfactory
114607,Hove Park School and Sixth Form Centre,2012,Satisfactory
114607,Hove Park School and Sixth Form Centre,2013,Good
114607,Hove Park School and Sixth Form Centre,2014,Good
114607,Hove Park School and Sixth Form Centre,2015,Good
114607,Hove Park School and Sixth Form Centre,2016,Good
114607,Hove Park School and Sixth Form Centre,2017,Good
114607,Hove Park School and Sixth Form Centre,2018,Good
114607,Hove Park School and Sixth Form Centre,2019,Good
114607,Hove Park School and Sixth Form Centre,2020,Good
114607,Hove Park School and Sixth Form Centre,2021,Good
114607,Hove Park School and Sixth Form Centre,2022,Good
114608,Patcham High School,2007,Satisfactory
114608,Patcham High School,2008,Satisfactory
114608,Patcham High School,2009,Satisfactory
114608,Patcham High School,2010,Satisfactory
114608,Patcham High School,2011,Satisfactory
114608,Patcham High School,2012,Satisfactory
114608,Patcham High School,2013,Good
114608,Patcham High School,2014,Good
114608,Patcham High School,2015,Good
114608,Patcham High School,2016,Good
114608,Patcham High School,2017,Good
114608,Patcham High School,2018,Good
114608,Patcham High School,2019,Good
114608,Patcham High School,2020,Good
114608,Patcham High School,2021,Good
114608,Patcham High School,2022,Good
114611,Cardinal Newman Catholic School,2007,Outstanding
114611,Cardinal Newman Catholic School,2008,Outstanding
114611,Cardinal Newman Catholic School,2009,Outstanding
114611,Cardinal Newman Catholic School,2010,Outstanding
114611,Cardinal Newman Catholic School,2011,Outstanding
114611,Cardinal Newman Catholic School,2012,Good
114611,Cardinal Newman Catholic School,2013,Good
114611,Cardinal Newman Catholic School,2014,Good
114611,Cardinal Newman Catholic School,2015,Requires Improvement
114611,Cardinal Newman Catholic School,2016,Requires Improvement
114611,Cardinal Newman Catholic School,2017,Requires Improvement
114611,Cardinal Newman Catholic School,2018,Good
114611,Cardinal Newman Catholic School,2019,Good
114611,Cardinal Newman Catholic School,2020,Good
114611,Cardinal Newman Catholic School,2021,Good
114611,Cardinal Newman Catholic School,2022,Good
114618,Windlesham School,2007,Good
114618,Windlesham School,2008,Good
114618,Windlesham School,2009,Good
114618,Windlesham School,2010,Good
114618,Windlesham School,2011,Good
114618,Windlesham School,2012,Good
114618,Windlesham School,2013,Good
114618,Windlesham School,2014,Good
114618,Windlesham School,2015,Good
114618,Windlesham School,2016,Good
114618,Windlesham School,2017,Good
114618,Windlesham School,2018,Good
114618,Windlesham School,2019,Good
114618,Windlesham School,2020,Good
114618,Windlesham School,2021,Good
114618,Windlesham School,2022,Good
114619,Hamilton Lodge School and College for Deaf Children,2007,Good
114619,Hamilton Lodge School and College for Deaf Children,2008,Good
114619,Hamilton Lodge School and College for Deaf Children,2009,Good
114619,Hamilton Lodge School and College for Deaf Children,2010,Good
114619,Hamilton Lodge School and College for Deaf Children,2011,Good
114619,Hamilton Lodge School and College for Deaf Children,2012,Good
114619,Hamilton Lodge School and College for Deaf Children,2013,Good
114619,Hamilton Lodge School and College for Deaf Children,2014,Good
114619,Hamilton Lodge School and College for Deaf Children,2015,Good
114619,Hamilton Lodge School and College for Deaf Children,2016,Good
114619,Hamilton Lodge School and College for Deaf Children,2017,Good
114619,Hamilton Lodge School and College for Deaf Children,2018,Good
114619,Hamilton Lodge School and College for Deaf Children,2019,Good
114619,Hamilton Lodge School and College for Deaf Children,2020,Good
114619,Hamilton Lodge School and College for Deaf Children,2021,Good
114619,Hamilton Lodge School and College for Deaf Children,2022,Good
114661,Brighton Waldorf School,2007,Satisfactory
114661,Brighton Waldorf School,2008,Satisfactory
114661,Brighton Waldorf School,2009,Satisfactory
114661,Brighton Waldorf School,2010,Satisfactory
114661,Brighton Waldorf School,2011,Satisfactory
114661,Brighton Waldorf School,2012,Satisfactory
114661,Brighton Waldorf School,2013,Satisfactory
114661,Brighton Waldorf School,2014,Satisfactory
114661,Brighton Waldorf School,2015,Satisfactory
114661,Brighton Waldorf School,2016,Satisfactory
114661,Brighton Waldorf School,2017,Satisfactory
114661,Brighton Waldorf School,2018,Satisfactory
114661,Brighton Waldorf School,2019,Inadequate
114661,Brighton Waldorf School,2020,Inadequate
114661,Brighton Waldorf School,2021,Requires Improvement
114661,Brighton Waldorf School,2022,Requires Improvement
114678,Homewood College,2007,Good
114678,Homewood College,2008,Good
114678,Homewood College,2009,Good
114678,Homewood College,2010,Good
114678,Homewood College,2011,Good
114678,Homewood College,2012,Good
114678,Homewood College,2013,Good
114678,Homewood College,2014,Good
114678,Homewood College,2015,Good
114678,Homewood College,2016,Good
114678,Homewood College,2017,Requires Improvement
114678,Homewood College,2018,Requires Improvement
114678,Homewood College,2019,Requires Improvement
114678,Homewood College,2020,Requires Improvement
114678,Homewood College,2021,Inadequate
114678,Homewood College,2022,Inadequate
114680,Downs View Special School,2007,Good
114680,Downs View Special School,2008,Good
114680,Downs View Special School,2009,Outstanding
114680,Downs View Special School,2010,Outstanding
114680,Downs View Special School,2011,Outstanding
114680,Downs View Special School,2012,Outstanding
114680,Downs View Special School,2013,Outstanding
114680,Downs View Special School,2014,Outstanding
114680,Downs View Special School,2015,Outstanding
114680,Downs View Special School,2016,Outstanding
114680,Downs View Special School,2017,Outstanding
114680,Downs View Special School,2018,Outstanding
114680,Downs View Special School,2019,Outstanding
114680,Downs View Special School,2020,Outstanding
114680,Downs View Special School,2021,Outstanding
114680,Downs View Special School,2022,Outstanding
114687,Hill Park School,2007,Outstanding
114687,Hill Park School,2008,Outstanding
114687,Hill Park School,2009,Outstanding
114687,Hill Park School,2010,Outstanding
114687,Hill Park School,2011,Outstanding
114687,Hill Park School,2012,Outstanding
114687,Hill Park School,2013,Outstanding
114687,Hill Park School,2014,Outstanding
114687,Hill Park School,2015,Outstanding
114687,Hill Park School,2016,Outstanding
114687,Hill Park School,2017,Outstanding
114687,Hill Park School,2018,Outstanding
114687,Hill Park School,2019,Outstanding
114687,Hill Park School,2020,Outstanding
114687,Hill Park School,2021,Outstanding
114687,Hill Park School,2022,Outstanding
130668,Varndean College,2007,Good
130668,Varndean College,2008,Good
130668,Varndean College,2009,Good
130668,Varndean College,2010,Good
130668,Varndean College,2011,Good
130668,Varndean College,2012,Good
130668,Varndean College,2013,Good
130668,Varndean College,2014,Good
130668,Varndean College,2015,Good
130668,Varndean College,2016,Good
130668,Varndean College,2017,Good
130668,Varndean College,2018,Good
130668,Varndean College,2019,Good
130668,Varndean College,2020,Good
130668,Varndean College,2021,Good
130668,Varndean College,2022,Good
130669,Brighton Hove and Sussex Sixth Form College,2007,Good
130669,Brighton Hove and Sussex Sixth Form College,2008,Good
130669,Brighton Hove and Sussex Sixth Form College,2009,Good
130669,Brighton Hove and Sussex Sixth Form College,2010,Good
130669,Brighton Hove and Sussex Sixth Form College,2011,Good
130669,Brighton Hove and Sussex Sixth Form College,2012,Outstanding
130669,Brighton Hove and Sussex Sixth Form College,2013,Outstanding
130669,Brighton Hove and Sussex Sixth Form College,2014,Outstanding
130669,Brighton Hove and Sussex Sixth Form College,2015,Outstanding
130669,Brighton Hove and Sussex Sixth Form College,2016,Outstanding
130669,Brighton Hove and Sussex Sixth Form College,2017,Outstanding
130669,Brighton Hove and Sussex Sixth Form College,2018,Outstanding
130669,Brighton Hove and Sussex Sixth Form College,2019,Outstanding
130669,Brighton Hove and Sussex Sixth Form College,2020,Outstanding
130669,Brighton Hove and Sussex Sixth Form College,2021,Outstanding
130669,Brighton Hove and Sussex Sixth Form College,2022,Outstanding
131127,Drive Preparatory School,2007,Satisfactory
131127,Drive Preparatory School,2008,Satisfactory
131127,Drive Preparatory School,2009,Satisfactory
131127,Drive Preparatory School,2010,Satisfactory
131127,Drive Preparatory School,2011,Good
131127,Drive Preparatory School,2012,Good
131127,Drive Preparatory School,2013,Good
131127,Drive Preparatory School,2014,Good
131127,Drive Preparatory School,2015,Good
131127,Drive Preparatory School,2016,Good
131127,Drive Preparatory School,2017,Requires Improvement
131127,Drive Preparatory School,2018,Requires Improvement
131127,Drive Preparatory School,2019,Good
131127,Drive Preparatory School,2020,Good
131127,Drive Preparatory School,2021,Good
131127,Drive Preparatory School,2022,Good
131356,The Lioncare School,2007,Satisfactory
131356,The Lioncare School,2008,Satisfactory
131356,The Lioncare School,2009,Satisfactory
131356,The Lioncare School,2010,Satisfactory
131356,The Lioncare School,2011,Satisfactory
131356,The Lioncare School,2012,Satisfactory
131356,The Lioncare School,2013,Satisfactory
131356,The Lioncare School,2014,Satisfactory
131356,The Lioncare School,2015,Good
131356,The Lioncare School,2016,Good
131356,The Lioncare School,2017,Good
131356,The Lioncare School,2018,Good
131356,The Lioncare School,2019,Good
131356,The Lioncare School,2020,Good
131356,The Lioncare School,2021,Good
131356,The Lioncare School,2022,Good
131789,Carden Nursery and Primary School,2007,Good
131789,Carden Nursery and Primary School,2008,Good
131789,Carden Nursery and Primary School,2009,Satisfactory
131789,Carden Nursery and Primary School,2010,Satisfactory
131789,Carden Nursery and Primary School,2011,Good
131789,Carden Nursery and Primary School,2012,Good
131789,Carden Nursery and Primary School,2013,Good
131789,Carden Nursery and Primary School,2014,Good
131789,Carden Nursery and Primary School,2015,Good
131789,Carden Nursery and Primary School,2016,Good
131789,Carden Nursery and Primary School,2017,Good
131789,Carden Nursery and Primary School,2018,Good
131789,Carden Nursery and Primary School,2019,Good
131789,Carden Nursery and Primary School,2020,Good
131789,Carden Nursery and Primary School,2021,Good
131789,Carden Nursery and Primary School,2022,Good
133348,Brighton & Hove Montessori School,2007,Satisfactory
133348,Brighton & Hove Montessori School,2008,Satisfactory
133348,Brighton & Hove Montessori School,2009,Satisfactory
133348,Brighton & Hove Montessori School,2010,Satisfactory
133348,Brighton & Hove Montessori School,2011,Satisfactory
133348,Brighton & Hove Montessori School,2012,Satisfactory
133348,Brighton & Hove Montessori School,2013,Satisfactory
133348,Brighton & Hove Montessori School,2014,Satisfactory
133348,Brighton & Hove Montessori School,2015,Satisfactory
133348,Brighton & Hove Montessori School,2016,Satisfactory
133348,Brighton & Hove Montessori School,2017,Satisfactory
133348,Brighton & Hove Montessori School,2018,Good
133348,Brighton & Hove Montessori School,2019,Good
133348,Brighton & Hove Montessori School,2020,Good
133348,Brighton & Hove Montessori School,2021,Inadequate
133348,Brighton & Hove Montessori School,2022,Inadequate
136164,Brighton Aldridge Community Academy,2007,Requires Improvement
136164,Brighton Aldridge Community Academy,2008,Requires Improvement
136164,Brighton Aldridge Community Academy,2009,Requires Improvement
136164,Brighton Aldridge Community Academy,2010,Requires Improvement
136164,Brighton Aldridge Community Academy,2011,Requires Improvement
136164,Brighton Aldridge Community Academy,2012,Requires Improvement
136164,Brighton Aldridge Community Academy,2013,Requires Improvement
136164,Brighton Aldridge Community Academy,2014,Requires Improvement
136164,Brighton Aldridge Community Academy,2015,Requires Improvement
136164,Brighton Aldridge Community Academy,2016,Good
136164,Brighton Aldridge Community Academy,2017,Good
136164,Brighton Aldridge Community Academy,2018,Good
136164,Brighton Aldridge Community Academy,2019,Good
136164,Brighton Aldridge Community Academy,2020,Good
136164,Brighton Aldridge Community Academy,2021,Good
136164,Brighton Aldridge Community Academy,2022,Inadequate
136947,The Montessori Place,2007,Outstanding
136947,The Montessori Place,2008,Outstanding
136947,The Montessori Place,2009,Outstanding
136947,The Montessori Place,2010,Outstanding
136947,The Montessori Place,2011,Outstanding
136947,The Montessori Place,2012,Outstanding
136947,The Montessori Place,2013,Outstanding
136947,The Montessori Place,2014,Outstanding
136947,The Montessori Place,2015,Outstanding
136947,The Montessori Place,2016,Outstanding
136947,The Montessori Place,2017,Outstanding
136947,The Montessori Place,2018,Outstanding
136947,The Montessori Place,2019,Outstanding
136947,The Montessori Place,2020,Outstanding
136947,The Montessori Place,2021,Outstanding
136947,The Montessori Place,2022,Outstanding
137063,Portslade Aldridge Community Academy,2007,Inadequate
137063,Portslade Aldridge Community Academy,2008,Inadequate
137063,Portslade Aldridge Community Academy,2009,Inadequate
137063,Portslade Aldridge Community Academy,2010,Inadequate
137063,Portslade Aldridge Community Academy,2011,Inadequate
137063,Portslade Aldridge Community Academy,2012,Requires Improvement
137063,Portslade Aldridge Community Academy,2013,Requires Improvement
137063,Portslade Aldridge Community Academy,2014,Requires Improvement
137063,Portslade Aldridge Community Academy,2015,Requires Improvement
137063,Portslade Aldridge Community Academy,2016,Good
137063,Portslade Aldridge Community Academy,2017,Good
137063,Portslade Aldridge Community Academy,2018,Good
137063,Portslade Aldridge Community Academy,2019,Good
137063,Portslade Aldridge Community Academy,2020,Good
137063,Portslade Aldridge Community Academy,2021,Good
137063,Portslade Aldridge Community Academy,2022,Good
138261,Bilingual Primary School - Brighton & Hove,2007,
138261,Bilingual Primary School - Brighton & Hove,2008,
138261,Bilingual Primary School - Brighton & Hove,2009,
138261,Bilingual Primary School - Brighton & Hove,2010,
138261,Bilingual Primary School - Brighton & Hove,2011,
138261,Bilingual Primary School - Brighton & Hove,2012,
138261,Bilingual Primary School - Brighton & Hove,2013,
138261,Bilingual Primary School - Brighton & Hove,2014,Requires Improvement
138261,Bilingual Primary School - Brighton & Hove,2015,Requires Improvement
138261,Bilingual Primary School - Brighton & Hove,2016,Good
138261,Bilingual Primary School - Brighton & Hove,2017,Good
138261,Bilingual Primary School - Brighton & Hove,2018,Good
138261,Bilingual Primary School - Brighton & Hove,2019,Good
138261,Bilingual Primary School - Brighton & Hove,2020,Good
138261,Bilingual Primary School - Brighton & Hove,2021,Good
138261,Bilingual Primary School - Brighton & Hove,2022,Good
139409,King's School,2007,
139409,King's School,2008,
139409,King's School,2009,
139409,King's School,2010,
139409,King's School,2011,
139409,King's School,2012,
139409,King's School,2013,
139409,King's School,2014,
139409,King's School,2015,Good
139409,King's School,2016,Good
139409,King's School,2017,Good
139409,King's School,2018,Good
139409,King's School,2019,Good
139409,King's School,2020,Good
139409,King's School,2021,Good
139409,King's School,2022,Good
139677,City Academy Whitehawk,2007,Inadequate
139677,City Academy Whitehawk,2008,Inadequate
139677,City Academy Whitehawk,2009,Inadequate
139677,City Academy Whitehawk,2010,Inadequate
139677,City Academy Whitehawk,2011,Inadequate
139677,City Academy Whitehawk,2012,Inadequate
139677,City Academy Whitehawk,2013,Inadequate
139677,City Academy Whitehawk,2014,Inadequate
139677,City Academy Whitehawk,2015,Good
139677,City Academy Whitehawk,2016,Good
139677,City Academy Whitehawk,2017,Good
139677,City Academy Whitehawk,2018,Good
139677,City Academy Whitehawk,2019,Good
139677,City Academy Whitehawk,2020,Good
139677,City Academy Whitehawk,2021,Good
139677,City Academy Whitehawk,2022,Good
143046,Kings Brighton,2007,
143046,Kings Brighton,2008,
143046,Kings Brighton,2009,
143046,Kings Brighton,2010,
143046,Kings Brighton,2011,
143046,Kings Brighton,2012,
143046,Kings Brighton,2013,
143046,Kings Brighton,2014,
143046,Kings Brighton,2015,
143046,Kings Brighton,2016,
143046,Kings Brighton,2017,Good
143046,Kings Brighton,2018,Good
143046,Kings Brighton,2019,Good
143046,Kings Brighton,2020,Good
143046,Kings Brighton,2021,Good
143046,Kings Brighton,2022,Good
146036,Brighton and Hove Clinic School,2007,
146036,Brighton and Hove Clinic School,2008,
146036,Brighton and Hove Clinic School,2009,
146036,Brighton and Hove Clinic School,2010,
146036,Brighton and Hove Clinic School,2011,
146036,Brighton and Hove Clinic School,2012,
146036,Brighton and Hove Clinic School,2013,
146036,Brighton and Hove Clinic School,2014,
146036,Brighton and Hove Clinic School,2015,
146036,Brighton and Hove Clinic School,2016,
146036,Brighton and Hove Clinic School,2017,
146036,Brighton and Hove Clinic School,2018,
146036,Brighton and Hove Clinic School,2019,Good
146036,Brighton and Hove Clinic School,2020,Good
146036,Brighton and Hove Clinic School,2021,Good
146036,Brighton and Hove Clinic School,2022,Good
147680,Moulsecoomb Primary School,2007,Satisfactory
147680,Moulsecoomb Primary School,2008,Satisfactory
147680,Moulsecoomb Primary School,2009,Satisfactory
147680,Moulsecoomb Primary School,2010,Satisfactory
147680,Moulsecoomb Primary School,2011,Satisfactory
147680,Moulsecoomb Primary School,2012,Satisfactory
147680,Moulsecoomb Primary School,2013,Good
147680,Moulsecoomb Primary School,2014,Good
147680,Moulsecoomb Primary School,2015,Good
147680,Moulsecoomb Primary School,2016,Good
147680,Moulsecoomb Primary School,2017,Requires Improvement
147680,Moulsecoomb Primary School,2018,Requires Improvement
147680,Moulsecoomb Primary School,2019,Inadequate
147680,Moulsecoomb Primary School,2020,Inadequate
147680,Moulsecoomb Primary School,2021,Inadequate
147680,Moulsecoomb Primary School,2022,Inadequate
