URN,LAESTAB,SCHNAME,POSTCODE,SCHSTATUS,SCHOOLTYPE,ISSECONDARY
114579,8464012,Varndean School,BN1 6NP,Open,Community school,1
114580,8464016,Dorothy Stringer School,BN1 6PZ,Open,Community school,1
114581,8464018,Longhill High School,BN2 7FR,Open,Community school,1
114606,8464067,Blatchington Mill School,BN3 7BW,Open,Community school,1
114607,8464068,Hove Park School and Sixth Form Centre,BN3 8AA,Open,Community school,1
114607,8464068,Hove Park School and Sixth Form Centre ,BN3 7BN,Open,Community school,1
114608,8464072,Patcham High School,BN1 8PB,Open,Community school,1
114611,8464605,Cardinal Newman Catholic School,BN3 6ND,Open,Voluntary aided school,1
136164,8466905,Brighton Aldridge Community Academy,BN1 9PW,Open,Academy sponsor led,1
137063,8464001,Portslade Aldridge Community Academy,BN41 2WS,Open,Academy sponsor led,1
139409,8464002,King's School,BN3 8BN,Open,Free schools,1
