LEA number,ESTAB number,institution name,institution postcode,gcse_00,gcse_01,gcse_02,gcse_03,LAESTAB
846,4000,East Brighton College of Media Arts,BN2 5PB,0.13,0.14,0.17,0.12,8464000
846,4012,Varndean School,BN1 6NP,0.53,0.54,0.59,0.59,8464012
846,4016,Dorothy Stringer High School,BN1 6PZ,0.53,0.55,0.55,0.59,8464016
846,4018,Longhill High School,BN2 7FR,0.52,0.56,0.48,0.53,8464018
846,4022,Falmer High School,BN1 9PW,0.19,0.26,0.31,0.21,8464022
846,4049,Portslade Community College,BN41 2WS,0.27,0.2,0.39,0.38,8464049
846,4067,Blatchington Mill School and Sixth Form College,BN3 7BW,0.52,0.52,0.49,0.63,8464067
846,4068,Hove Park School and Sixth Form Centre,BN3 7BN,0.52,0.45,0.43,0.38,8464068
846,4072,Patcham High School,BN1 8PB,0.22,0.33,0.37,0.32,8464072
846,4605,Cardinal Newman Catholic School,BN3 6ND,0.59,0.58,0.61,0.66,8464605
846,6003,St Mary's Hall,BN2 5JF,0.8,0.85,0.68,0.74,8466003
846,6006,Roedean School,BN2 5RQ,0.62,0.76,0.78,0.66,8466006
846,6008,Brighton College,BN2 0AL,0.92,0.87,0.85,0.94,8466008
846,6009,Bellerbys College,BN3 3ER,0.0,,0.0,0.0,8466009
846,6014,Brighton and Hove High School,BN1 3AT,0.99,1.0,0.99,0.99,8466014
846,6016,Brighton Steiner School Limited,BN2 5RA,,,,0.27,8466016
846,6017,Stonelands School of Ballet and Theatre Arts,BN3 2DJ,0.33,0.56,0.75,0.5,8466017
846,6021,Adina School,BN1 8EP,,,,,8466021
846,6022,K-BIS Theatre School,BN1 6SL,0.5,1.0,,0.71,8466022
