LEA number,ESTAB number,institution name,institution postcode,gcse_2004
846,6009,Bellerbys College,BN3 3ER,0
846,4067,Blatchington Mill School and Sixth Form College,BN3 7BW,0.61
846,6014,Brighton and Hove High School,BN1 3AT,0.99
846,6008,Brighton College,BN2 0AL,0.95
846,6016,Brighton Steiner School Limited,BN2 5RA,0.46
846,4605,Cardinal Newman Catholic School,BN3 6ND,0.77
846,4016,Dorothy Stringer High School,BN1 6PZ,0.64
846,6020,Drive Preparatory School,BN3 3JE,1
846,4000,East Brighton College of Media Arts,BN2 5PB,0.13
846,4022,Falmer High School,BN1 9PW,0.23
846,4068,Hove Park School and Sixth Form Centre,BN3 7BN,0.3
846,6022,K-BIS Theatre School,BN1 6SL,0.63
846,4018,Longhill High School,BN2 7FR,0.49
846,4072,Patcham High School,BN1 8PB,0.41
846,4049,Portslade Community College,BN41 2WS,0.46
846,6006,Roedean School,BN2 5RQ,0.72
846,6003,St Mary's Hall,BN2 5JF,0.78
846,6017,Stonelands School of Ballet and Theatre Arts,BN3 2DJ,0.5
846,4012,Varndean School,BN1 6NP,0.62
846,7004,The Alternative Centre for Education,BN1 7LA,0
846,7016,Downs Park School,BN41 2FU,0
846,7006,Downs View Special School,BN2 6BB,0
846,7003,Hamilton Lodge School for Deaf Children,BN2 0LS,0
846,7018,Hillside School,BN41 2FU,_
846,7001,Ovingdean Hall School,BN2 7BJ,0.22
846,7005,Patcham House Special School,BN1 8XR,0
846,7002,St John's School (Brighton),BN25 2HU,0
846,7033,Uplands School,BN1 7FP,0
