LEA number,Establishment number,School name,School postcode,level5_english_p_04,level5_maths_p_04,level5_science_p_04,School VA measure
846,3328,Aldrington CofE Primary School,BN3 7QD,0.5,0.4,0.57,102.3
846,2000,Balfour Junior School,BN1 6NE,0.5,0.45,0.73,100.6
846,2080,Benfield Junior School,BN41 1XS,0.2,0.36,0.34,99.3
846,2163,Bevendean Primary School,BN2 4JP,0.1,0.17,0.16,98.9
846,2001,Carden Primary School,BN1 8LU,0.23,0.11,0.43,100.5
846,2037,Carlton Hill Primary School,BN2 9HS,0.11,0.11,0.3,98.6
846,2044,Coldean Primary School,BN1 9EL,0.19,0.13,0.16,98.8
846,2007,Coombe Road Primary School,BN2 4ED,0.12,0.27,0.22,100.8
846,3341,Cottesmore St Mary's Catholic Primary School,BN3 6NB,0.28,0.26,0.35,99.1
846,2009,Downs Junior School,BN1 6ED,0.28,0.41,0.59,100.3
846,2155,Elm Grove Primary School,BN2 3ES,0.33,0.15,0.42,99
846,2165,Fairlight Primary School,BN2 3AJ,0.25,0.19,0.33,98.8
846,2065,Goldstone Primary School,BN3 7JW,0.18,0.25,0.38,98.8
846,2067,Hangleton Junior School,BN3 8LF,0.16,0.27,0.45,100.4
846,2043,Hertford Junior School,BN1 7FP,0.08,0.08,0.12,98.8
846,2018,Middle Street Primary School,BN1 1AL,0.34,0.22,0.34,100.4
846,2100,Mile Oak Primary School,BN41 2WN,0.19,0.25,0.3,100.2
846,2002,Moulsecoomb Primary School,BN2 4PA,0.07,0.12,0.16,98.3
846,3316,Our Lady of Lourdes RC School,BN2 7HA,0.36,0.57,0.75,101.7
846,2021,Patcham Junior School,BN1 8TA,0.31,0.33,0.41,100
846,2114,Peter Gladwin Primary School,BN41 2PA,0.03,0.39,0.48,100.5
846,2156,Queen's Park Primary School,BN2 0BN,0.45,0.59,0.84,102.2
846,2164,Rudyard Kipling Primary School,BN2 6RH,0.31,0.18,0.41,100.8
846,3329,St Andrew's CofE (Aided) Primary School,BN3 3YT,0.32,0.39,0.69,100.3
846,3305,St Bartholomew's CofE Primary School,BN1 4GP,0,0.27,0,101.4
846,3318,St Bernadette's Catholic Primary School,BN1 6UT,0.48,0.63,0.59,101
846,3311,St John The Baptist RC School,BN2 0AH,0.43,0.37,0.4,102.6
846,3314,St Joseph's Catholic Primary School,BN1 7BF,0.04,0,0.04,98.5
846,2026,St Luke's Junior School,BN2 9ZE,0.3,0.19,0.3,99.1
846,3304,"St Margaret's CofE Primary School, Rottingdean",BN2 7HB,0.26,0.37,0.44,101.3
846,3317,St Mark's CofE Primary School,BN2 5EA,0.16,0.13,0.13,98.4
846,3308,St Martin's CofE Primary School,BN2 3LJ,0.26,0.19,0.29,101.9
846,3313,St Mary Magdalen Catholic Primary School,BN1 3EF,0.19,0.24,0.43,99.3
846,3344,St Mary's Catholic Primary School,BN41 1LB,0.22,0.28,0.28,100.3
846,3333,St Nicolas' CofE Junior School,BN41 2LA,0.16,0.26,0.29,99.6
846,3315,St Paul's CofE Primary School and Nursery,BN1 3LP,0.17,0.25,0.67,100.9
846,2157,Saltdean Primary School,BN2 8HB,0.3,0.35,0.63,101.8
846,2119,Somerhill Junior School,BN3 1RP,0.31,0.32,0.48,99.8
846,2028,Stanford Junior School,BN1 5PR,0.34,0.38,0.55,100.7
846,2068,West Blatchington Junior School,BN3 8JQ,0.17,0.19,0.28,98.9
846,2070,West Hove Junior School,BN3 5JA,0.35,0.28,0.46,100.3
846,2036,Westdene Primary School,BN1 5GN,0.41,0.51,0.67,101.5
846,2006,Whitehawk Primary School,BN2 5FL,0,0.12,0.1,98.5
846,2158,Woodingdean Primary School,BN2 6BB,0.39,0.47,0.63,102.3
