LEA number,URN,Establishment number,School name,School postcode,level5_english_p_05,level5_maths_p_05,level5_science_p_05,School VA measure
846,114361,2000,Balfour Junior School,BN1 6NE,0.42,0.57,0.79,101.3
846,131789,2001,Carden Primary School,BN1 8LU,0.22,0.15,0.47,100.2
846,132028,2002,Moulsecoomb Primary School,BN2 4PA,0,0.07,0.19,97.1
846,132029,2006,Whitehawk Primary School,BN2 5FL,0.02,0.04,0.04,98
846,114365,2007,Coombe Road Primary School,BN2 4ED,0.13,0.1,0.21,99.9
846,114366,2009,Downs Junior School,BN1 6ED,0.32,0.35,0.57,100.2
846,114369,2018,Middle Street Primary School,BN1 1AL,0.3,0.12,0.27,98.8
846,114372,2021,Patcham Junior School,BN1 8TA,0.33,0.38,0.59,100.9
846,114374,2026,St Luke's Junior School,BN2 9ZE,0.3,0.34,0.61,100.7
846,114376,2028,Stanford Junior School,BN1 5PR,0.27,0.38,0.72,100.8
846,114380,2036,Westdene Primary School,BN1 5GN,0.5,0.53,0.67,102.1
846,114381,2037,Carlton Hill Primary School,BN2 9HS,0.26,0.35,0.48,100.7
846,114383,2043,Hertford Junior School,BN1 7FP,0,0.15,0.44,99.7
846,114384,2044,Coldean Primary School,BN1 9EL,0.07,0.07,0.05,97.9
846,114398,2065,Goldstone Primary School,BN3 7JW,0.03,0.36,0.58,101.4
846,114400,2067,Hangleton Junior School,BN3 8LF,0.27,0.31,0.42,100.9
846,114401,2068,West Blatchington Junior School,BN3 8JQ,0.11,0.11,0.24,98.5
846,114403,2070,West Hove Junior School,BN3 5JA,0.3,0.38,0.53,100.4
846,114412,2080,Benfield Junior School,BN41 1XS,0.28,0.26,0.44,100.4
846,114430,2100,Mile Oak Primary School,BN41 2WN,0.25,0.24,0.43,101.4
846,114443,2114,Peter Gladwin Primary School,BN41 2PA,0.15,0.27,0.46,101
846,114446,2119,Somerhill Junior School,BN3 1RP,0.38,0.36,0.49,100.6
846,114477,2155,Elm Grove Primary School,BN2 3ES,0.24,0.23,0.45,100
846,114478,2156,Queen's Park Primary School,BN2 0BN,0.2,0.56,0.93,102.4
846,114479,2157,Saltdean Primary School,BN2 8HB,0.41,0.31,0.69,100.9
846,114480,2158,Woodingdean Primary School,BN2 6BB,0.39,0.46,0.61,102.8
846,114485,2163,Bevendean Primary School,BN2 4JP,0.16,0.14,0.12,99.3
846,114486,2164,Rudyard Kipling Primary School,BN2 6RH,0.19,0.23,0.4,99
846,114487,2165,Fairlight Primary School,BN2 3AJ,0.08,0.14,0.31,98.1
846,114537,3304,"St Margaret's CofE Primary School, Rottingdean",BN2 7HB,0.1,0.24,0.48,100.1
846,114538,3305,St Bartholomew's CofE Primary School,BN1 4GP,0,0.1,0.2,99.1
846,114539,3308,St Martin's CofE Primary School,BN2 3LJ,0.19,0.19,0.31,101.2
846,114540,3311,St John The Baptist RC School,BN2 0AH,0.23,0.2,0.43,101.7
846,114541,3313,St Mary Magdalen Catholic Primary School,BN1 3EF,0.36,0.27,0.55,102
846,114542,3314,St Joseph's Catholic Primary School,BN1 7BF,0.23,0.15,0.35,101
846,114543,3315,St Paul's CofE Primary School and Nursery,BN1 3LP,0.41,0.44,0.78,101.8
846,114544,3316,Our Lady of Lourdes RC School,BN2 7HA,0.41,0.63,0.78,102.2
846,114545,3317,St Mark's CofE Primary School,BN2 5EA,0.08,0.04,0.13,98.8
846,114546,3318,St Bernadette's Catholic Primary School,BN1 6UT,0.45,0.45,0.76,101.2
846,114555,3328,Aldrington CofE Primary School,BN3 7QD,0.19,0.44,0.66,101.3
846,114556,3329,St Andrew's CofE (Aided) Primary School,BN3 3YT,0.5,0.47,0.61,101.4
846,114560,3333,St Nicolas' CofE Junior School,BN41 2LA,0.24,0.25,0.44,100.9
846,114567,3341,Cottesmore St Mary's Catholic Primary School,BN3 6NB,0.22,0.39,0.52,100.1
846,114570,3344,St Mary's Catholic Primary School,BN41 1LB,0.28,0.14,0.52,101.3
