LAESTAB,School name,School postcode,2003,2004,2005,2006
8463318,St Bernadette's Catholic Primary School,BN1 6UT,Outstanding,Outstanding,Outstanding,Outstanding
8463316,Our Lady of Lourdes RC School,BN2 7HA,Outstanding,Outstanding,Outstanding,Outstanding
8462000,Balfour Junior School,BN1 6NE,Outstanding,Outstanding,Outstanding,Outstanding
8462028,Stanford Junior School,BN1 5PR,Outstanding,Outstanding,Outstanding,Outstanding
8462036,Westdene Primary School,BN1 5GN,Outstanding,Outstanding,Outstanding,Outstanding
8462156,Queen's Park Primary School,BN2 0BN,Outstanding,Outstanding,Outstanding,Outstanding
8463341,Cottesmore St Mary's Catholic Primary School,BN3 6NB,Outstanding,Satisfactory,Good,Outstanding
8463344,St Mary's Catholic Primary School,BN41 1LB,Outstanding,Satisfactory,Satisfactory,Satisfactory
8462158,Woodingdean Primary School,BN2 6BB,Outstanding,Outstanding,Outstanding,Good
8463328,Aldrington CofE Primary School,BN3 7QD,Good,Outstanding,Good,Outstanding
8463315,St Paul's CofE Primary School and Nursery,BN1 3LP,Good,Good,Outstanding,Outstanding
8463329,St Andrew's CofE (Aided) Primary School,BN3 3YT,Good,Outstanding,Outstanding,Outstanding
8462026,St Luke's Junior School,BN2 9ZE,Good,Satisfactory,Good,Good
8462070,West Hove Junior School,BN3 5JA,Good,Good,Good,Good
8462018,Middle Street Primary School,BN1 1AL,Good,Good,Satisfactory,Good
8463311,St John The Baptist RC School,BN2 0AH,Good,Good,Satisfactory,Satisfactory
8462067,Hangleton Junior School,BN3 8LF,Good,Satisfactory,Satisfactory,Good
8462155,Elm Grove Primary School,BN2 3ES,Good,Satisfactory,Satisfactory,Outstanding
8462157,Saltdean Primary School,BN2 8HB,Good,Good,Outstanding,Satisfactory
8463304,"St Margaret's CofE Primary School, Rottingdean",BN2 7HB,Good,Good,Satisfactory,Outstanding
8462009,Downs Junior School,BN1 6ED,Good,Outstanding,Good,Good
8463333,St Nicolas' CofE Junior School,BN41 2LA,Good,Satisfactory,Satisfactory,Satisfactory
8462119,Somerhill Junior School,BN3 1RP,Good,Good,Good,Good
8462068,West Blatchington Junior School,BN3 8JQ,Satisfactory,Satisfactory,Poor,Satisfactory
8462021,Patcham Junior School,BN1 8TA,Satisfactory,Good,Outstanding,Good
8463308,St Martin's CofE Primary School,BN2 3LJ,Satisfactory,Satisfactory,Satisfactory,Good
8462080,Benfield Junior School,BN41 1XS,Satisfactory,Good,Good,Good
8462044,Coldean Primary School,BN1 9EL,Satisfactory,Poor,Poor,Poor
8463317,St Mark's CofE Primary School,BN2 5EA,Satisfactory,Poor,Poor,Poor
8462037,Carlton Hill Primary School,BN2 9HS,Satisfactory,Poor,Good,Good
8462007,Coombe Road Primary School,BN2 4ED,Satisfactory,Satisfactory,Poor,Poor
8462001,Carden Primary School,BN1 8LU,Satisfactory,Satisfactory,Satisfactory,Satisfactory
8462100,Mile Oak Primary School,BN41 2WN,Satisfactory,Satisfactory,Satisfactory,Poor
8462165,Fairlight Primary School,BN2 3AJ,Satisfactory,Satisfactory,Poor,Satisfactory
8462065,Goldstone Primary School,BN3 7JW,Poor,Satisfactory,Satisfactory,Satisfactory
8463305,St Bartholomew's CofE Primary School,BN1 4GP,Poor,Poor,Poor,Poor
8462043,Hertford Junior School,BN1 7FP,Poor,Poor,Poor,Satisfactory
8462114,Peter Gladwin Primary School,BN41 2PA,Poor,Good,Satisfactory,Poor
8462002,Moulsecoomb Primary School,BN2 4PA,Poor,Poor,Poor,Poor
8462006,Whitehawk Primary School,BN2 5FL,Poor,Poor,Poor,Poor
8462164,Rudyard Kipling Primary School,BN2 6RH,Poor,Satisfactory,Satisfactory,Poor
8462163,Bevendean Primary School,BN2 4JP,Poor,Poor,Poor,Poor
8463313,St Mary Magdalen Catholic Primary School,BN1 3EF,Poor,Satisfactory,Good,Satisfactory
8463314,St Joseph's Catholic Primary School,BN1 7BF,Poor,Poor,Satisfactory,Satisfactory
